"ReferenceID","LegalName","ReportingYear","FilingType","FilingStatus","MarketType","ProductName","ProposedRateIncrease","FinalRateIncrease","MemberAffected","DateEffective"
"SHHP-133983608","Sharp Health Plan",2024,"Rate Filing","In Progress","Small Group","3Q2024 SG NGF Rates","6.5","","","07/01/2024"
"UHLC-134000202","UnitedHealthcare Benefits Plan of California",2024,"Rate Filing","In Progress","Small Group","UHG CA INS 202407 UHCBP","8.5","","","07/01/2024"
"UHLC-134000193","UHC of California",2024,"Rate Filing","In Progress","Small Group","UHG CA HMO 202407","4.6","","","07/01/2024"
"BCCA-134013833","California Physicians' Service",2024,"Rate Filing","In Progress","Small Group","Small Group Plans, Q3, 2024","7.9","","","07/01/2024"
"HNLH-133996382","Health Net of California, Inc.",2024,"Rate Filing","In Progress","Small Group","SG Rates 2024 Q3 NG","7.9","","","07/01/2024"
"AETN-133997760","Aetna Health of California Inc.",2024,"Rate Filing","In Progress","Small Group","CA SG 3Q24 AHI","12.5","","","07/01/2024"
"AWLP-134011440","Blue Cross of California",2024,"Rate Filing","In Progress","Small Group","DMHC Small Group Off Exchange 3Q24","7.6","","","07/01/2024"
"UHLC-133573115","UHC of California",2023,"Rate Filing","Completed","Small Group","UHG CA HMO 202307","7.6","7.6","48902","07/01/2023"
"SHHP-133565246","Sharp Health Plan",2023,"Rate Filing","Completed","Small Group","3Q2023 SG NGF Rates","3.5","3.4","23326","07/01/2023"
"AWLP-133569939","Blue Cross of California",2023,"Rate Filing","Completed","Small Group","DMHC Small Group Off Exchange 3Q23","6.7","6.7","442591","07/01/2023"
"HNLH-133578583","Health Net of California, Inc.",2023,"Rate Filing","Completed","Small Group","SG Rates 2023 Q3 ACA (NG)","1.2","1.2","89122","07/01/2023"
"BCCA-133583691","California Physicians' Service",2023,"Rate Filing","Completed","Small Group","Small Group Plans, Q3, 2023","9.1","9.1","472941","07/01/2023"
"AETN-133568324","Aetna Health of California Inc.",2023,"Rate Filing","Completed","Small Group","CA SG 3Q23 AHI","12.4","12.4","24435","07/01/2023"
"UHLC-133692359","UHC of California",2023,"Rate Filing","Completed","Small Group","UHG CA HMO 202310","7.6","7.6","45196","10/01/2023"
"SUTT-133694352","Sutter Health Plan",2023,"Rate Filing","Completed","Small Group","SG_2023_Q4","7.74","7.74","32430","10/01/2023"
"UHLC-133662817","UnitedHealthcare Benefits Plan of California",2023,"Rate Filing","Completed","Small Group","UHG CA INS 202310 UHCBP","2.7","2.7","116328","10/01/2023"
"AWLP-133688406","Blue Cross of California",2023,"Rate Filing","Completed","Small Group","DMHC Small Group Off Exchange 4Q23","7.9","7.9","454436","10/01/2023"
"WNHA-133694599","Western Health Advantage",2023,"Rate Filing","Withdrawn Prior to Determination","Small Group","Small Group 2023 Q4","8.05","","23738","10/01/2023"
"SHHP-133666221","Sharp Health Plan",2023,"Rate Filing","Completed","Small Group","4Q2023 SG NGF Rates","5.0","5.0","22828","10/01/2023"
"SHHP-133683773","Sharp Health Plan",2023,"Rate Filing","Completed","Small Group","Q42023 SG GF Rates","1.3","1.3","792","10/01/2023"
"BCCA-133695761","California Physicians' Service",2023,"Rate Filing","Completed","Small Group","Small Group Plans, Q4, 2023","7.5","7.5","441778","10/01/2023"
"AETN-133697768","Aetna Health of California Inc.",2023,"Rate Filing","Completed","Small Group","CA SG 4Q23 AHI","11.7","11.7","24125","10/01/2023"
"HNLH-133692671","Health Net of California, Inc.",2023,"Rate Filing","Withdrawn Prior to Determination","Small Group","SG Rates 2023 Q4 ACA (NG)","6.7","","97153","10/01/2023"
"WNHA-133745014","Western Health Advantage",2023,"Rate Filing","Completed","Small Group","Small Group 2023 Q4","8.05","8.05","23738","10/01/2023"
"CCHP-133744956","Chinese Community Health Plan",2023,"Rate Filing","Completed","Individual","CCHP 2024 Rate Filing for Individual & Family Plans","5","5","3363 ","01/01/2024"
"KHPI-133687498","Kaiser Foundation Health Plan, Inc.",2023,"Rate Filing","Completed","Individual","KFHP Non-Grandfathered Individual HMO Plan Rates, January 2024","7.4","7.4","679929 ","01/01/2024"
"AWLP-133743210","Blue Cross of California",2023,"Rate Filing","Completed","Individual","DMHC Individual On and Off Exchange","10.8","10.8","226608 ","01/01/2024"
"LACH-133738244","Local Initiative Health Authority for Los Angeles County",2023,"Rate Filing","Completed","Individual","L.A. Care Covered","6","6","113866 ","01/01/2024"
"IEHP-133745494","Inland Empire Health Plan",2023,"New Product Filing","Completed","Individual","IEHP Covered","0","0","5731 ","01/01/2024"
"WNHA-133745465","Western Health Advantage",2023,"Rate Filing","Completed","Individual","Individual Q1 2024","5.5","5.5","11910 ","01/01/2024"
"SUTT-133743858","Sutter Health Plan",2023,"Rate Filing","Completed","Individual","IFP_2024","6.46","6.46","2940 ","01/01/2024"
"SHHP-133703079","Sharp Health Plan",2023,"Rate Filing","Completed","Individual","CY2024 Individual Product Rates","6.1","6.1","38208 ","01/01/2024"
"MHCA-133743848","Molina Healthcare of California",2023,"Rate Filing","Completed","Individual","Molina Marketplace 2024","8.6","8.6","53105 ","01/01/2024"
"SCCO-133725552","Santa Clara County",2023,"Rate Filing","Completed","Individual","California Health Benefit Exchange Individual Plan","7","7","21597 ","01/01/2024"
"HNLH-133740937","Health Net of California, Inc.",2023,"Rate Filing","Completed","Individual","IEX-IFP Rates 2024 ACA (NG)","8.3","8.3","125731 ","01/01/2024"
"AETN-133687758","Aetna Health of California Inc.",2023,"Rate Filing","Completed","Individual","CA IVL 2024 AHI","-0.89","-0.89","1523 ","01/01/2024"
"BCCA-133745553","California Physicians' Service",2023,"Rate Filing","Completed","Individual","2024 IFP NGF Rates","15","15","514811 ","01/01/2024"
"HNLH-133745510","Health Net of California, Inc.",2023,"Rate Filing","Completed","Small Group","SG Rates 2023 Q4 ACA (NG)","6.7","6.7","97153","10/01/2023"
"SHHP-133722100","Sharp Health Plan",2023,"Rate Filing","Completed","Small Group","1Q2024 SG NGF Rates","4.4","4.4","22591 ","01/01/2024"
"CCHP-133747145","Chinese Community Health Plan",2023,"Rate Filing","Completed","Small Group","CCHP 2024 Rate Filing for Small Group","4.9","4.9","789","01/01/2024"
"SUTT-133743845","Sutter Health Plan",2023,"Rate Filing","Completed","Small Group","SG_2024","8.72","8.72","32430 ","01/01/2024"
"KHPI-133687699","Kaiser Foundation Health Plan, Inc.",2023,"Rate Filing","Completed","Small Group","KFHP Non-Grandfathered Small Group HMO Plan Rates, January 2024","9.1","9.1","667860 ","01/01/2024"
"AWLP-133739066","Blue Cross of California",2023,"Rate Filing","Completed","Small Group","DMHC Small Group Off Exchange 1Q24","8.5","8.5","454428 ","01/01/2024"
"UHLC-133724252","UnitedHealthcare Benefits Plan of California",2023,"Rate Filing","Completed","Small Group","UHG CA INS 202401 UHCBP","5.2","5.2","115557 ","01/01/2024"
"MLSD-133743195","Community Care Health Plan, Inc.",2023,"Rate Filing","Completed","Small Group","Community Care Health Plan Small Group Off-Exchange","-6.5","-6.5","1470 ","01/01/2024"
"AETN-133743006","Aetna Health of California Inc.",2023,"Rate Filing","Completed","Small Group","CA SG 1Q24 AHI","13.4","13.4","24125 ","01/01/2024"
"UHLC-133744470","UHC of California",2023,"Rate Filing","Completed","Small Group","UHG CA HMO 202401","7.5","7.5","46946 ","01/01/2024"
"HNLH-133741005","Health Net of California, Inc.",2023,"Rate Filing","Completed","Small Group","SG Rates 2024 Q1 ACA (NG)","7.1","7.1","100801 ","01/01/2024"
"WNHA-133747233","Western Health Advantage",2023,"Rate Filing","Completed","Small Group","Small Group Rates Q1 2024","9.17","9.17","23397 ","01/01/2024"
"BCCA-133746960","California Physicians' Service",2023,"Rate Filing","Completed","Small Group","Small Group Plans, Q1, 2024","8.4","8.4","411525 ","01/01/2024"
"MLSD-133785284","County of Ventura",2023,"Rate Filing","Completed","Large Group","VCHCP - Large Group Methodology Annual Filing","","","","01/01/2024"
"WNHA-133796534","Western Health Advantage",2023,"Rate Filing","Completed","Large Group","Large Group Methodology Annual Filing","","","","01/01/2024"
"CCHP-133798787","Chinese Community Health Plan",2023,"Rate Filing","Completed","Large Group","Large Group Experience Methodology","","","","01/01/2024"
"SFHP-133789981","San Francisco Community Health Authority",2023,"Rate Filing","Completed","Large Group","Healthy Workers - HMO","","","","01/01/2024"
"CCHP-133800222","Chinese Community Health Plan",2023,"Rate Filing","Completed","Large Group","100% Community Rating Methodology ","","","","01/01/2024"
"AWLP-133800636","Blue Cross of California",2023,"Rate Filing","Completed","Large Group","DMHC Large Group Methodology Annual Filing for 2024 Renewal, Experience Rated","","","","01/01/2024"
"AWLP-133800774","Blue Cross of California",2023,"Rate Filing","Completed","Large Group","DMHC Large Group Methodology Annual Filing for 2024 Renewal, Community Rated","","","","01/01/2024"
"HPSM-133796353","San Mateo Health Commission",2023,"Rate Filing","Completed","Large Group","HealthWorx","","","","01/01/2024"
"CCGP-133796934","Cigna HealthCare of California, Inc.",2023,"Rate Filing","Completed","Large Group","HMO ","","","","01/01/2024"
"MLSD-133779627","Community Care Health Plan, Inc.",2023,"Rate Filing","Completed","Large Group","Community Care Health Plan - Large Group Methodology Annual Filing","","","","01/01/2024"
"MLSD-133779629","Community Care Health Plan, Inc.",2023,"Rate Filing","Completed","Large Group","Community Care Health Plan - Large Group Methodology Annual Filing","","","","01/01/2024"
"SHHP-133784357","Sharp Health Plan",2023,"Rate Filing","Completed","Large Group","2024 LG Rates AB 731 - Blended","","","","01/01/2024"
"SHHP-133784360","Sharp Health Plan",2023,"Rate Filing","Completed","Large Group","2024 LG Rates AB 731 - Community","","","","01/01/2024"
"KHPI-133800635","Kaiser Foundation Health Plan, Inc.",2023,"Rate Filing","Completed","Large Group","Annual Large Group Rate Methodology Filing-Blended or 100% Experience","","","","01/01/2024"
"KHPI-133800654","Kaiser Foundation Health Plan, Inc.",2023,"Rate Filing","Completed","Large Group","Annual Large Group Methodology Filing-Community","","","","01/01/2024"
"UHLC-133789588","UHC of California",2023,"Rate Filing","Completed","Large Group","UHG CA HMO LG 202401 EXPERIENCE RATED","","","","01/01/2024"
"UHLC-133789664","UnitedHealthcare Benefits Plan of California",2023,"Rate Filing","Completed","Large Group","UHG CA INS LG 202401 UHCBP Experience Rated","","","","01/01/2024"
"UHLC-133789576","UHC of California",2023,"Rate Filing","Completed","Large Group","UHG CA HMO LG 202401 COMMUNITY RATED","","","","01/01/2024"
"UHLC-133789600","UnitedHealthcare Benefits Plan of California",2023,"Rate Filing","Completed","Large Group","UHG CA INS LG 202401 UHCBP Community Rated","","","","01/01/2024"
"SCCO-133779897","Santa Clara County",2023,"Rate Filing","Completed","Large Group","Large Group - HMO","","","","01/01/2024"
"SCCO-133779905","Santa Clara County",2023,"Rate Filing","Completed","Large Group","Large Group - HMO","","","","01/01/2024"
"KHPI-133737326","Kaiser Foundation Health Plan, Inc.",2023,"Rate Filing","Completed","Small Group","KFHP Grandfathered Small Group HMO Rates Jan 2024","9.3","9.3","131472","01/01/2024"
"KHPI-133737327","Kaiser Foundation Health Plan, Inc.",2023,"Rate Filing","Completed","Individual","KFHP Grandfathered Individual Plan HMO Rates Jan 2024","9.3","9.3","30086","01/01/2024"
"SUTT-133804606","Sutter Health Plan",2023,"Rate Filing","Completed","Large Group","LG_2023_AB731_Rate_Filing","","","","01/01/2024"
"SCCO-133791594","Santa Clara County",2023,"Rate Filing","Completed","Small Group","Small Group GF Rate Filing","4","4","30","01/01/2024"
"SCRP-133804532","Scripps Health Plan Services, Inc.",2023,"Rate Filing","Completed","Large Group","Scripps Health Plan","","","","01/01/2024"
"AETN-133742103","Aetna Health of California Inc.",2023,"Rate Filing","Completed","Large Group","2023-09 AB731 Manual Rating Filing - DMHC","","","","01/01/2024"
"AETN-133743264","Aetna Health of California Inc.",2023,"Rate Filing","Completed","Large Group","2023-09 AB731 Experience Rating Filing - DMHC","","","","01/01/2024"
"SUTT-133804612","Sutter Health Plan",2023,"Rate Filing","Completed","Large Group","LG_2023_AB731_Rate_Filing_Community","","","","01/01/2024"
"BCCA-133804405","California Physicians' Service",2023,"Rate Filing","Completed","Large Group","Large Group Plans","","","","01/01/2024"
"BCCA-133804393","California Physicians' Service",2023,"Rate Filing","Completed","Large Group","Large Group Plans","","","","01/01/2024"
"HNLH-133797100","Health Net of California, Inc.",2023,"Rate Filing","Completed","Large Group","AB 731 Large Group Methodology","","","","01/01/2024"
"LACH-133804671","Local Initiative Health Authority for Los Angeles County",2023,"Rate Filing","Completed","Large Group","PASC-SEIU Home Care Workers Health Care Plan for In-Home Support Service Workers","","","","01/01/2024"
"CCOH-133816742","Contra Costa County Medical Services",2023,"Rate Filing","Completed","Large Group","AB 731 Large Group","","","","01/01/2024"
"AAJP-133820992","Alameda Alliance For Health",2023,"Rate Filing","Completed","Large Group","Alameda Alliance for Health AB 731 Filing 2023","","","","01/01/2024"
"SSHP-133821329","MemorialCare Select Health Plan",2023,"Rate Filing","Completed","Large Group","Large Group Method","","","","01/01/2024"
"MHCA-133823171","Molina Healthcare of California",2023,"Annual/Aggregate Filing","Completed","Individual","Individual Annual Aggregate Rate Filing","","10.65","","01/01/2023"
"WNHA-133830804","Western Health Advantage",2023,"Annual/Aggregate Filing","Completed","Small Group","Small Group Annual Aggregate Rate Filing","","8.49","","01/01/2023"
"WNHA-133830534","Western Health Advantage",2023,"Annual/Aggregate Filing","Completed","Individual","Individual Annual Aggregate Rate ","","1.77","","01/01/2023"
"LACH-133834096","Local Initiative Health Authority for Los Angeles County",2023,"Annual/Aggregate Filing","Completed","Individual","LA Care Covered","",".93","","01/01/2023"
"BCCA-133831763","California Physicians' Service",2023,"Annual/Aggregate Filing","Completed","Small Group","Small Group Plans","","8.47","","01/01/2023"
"SSHP-133833943","MemorialCare Select Health Plan",2023,"Annual/Aggregate Filing","Completed","Large Group","LG Aggregate Rate and Rx Cost Data","N/A","-0.3","261","2023"
"BCCA-133831720","California Physicians' Service",2023,"Annual/Aggregate Filing","Completed","Large Group","Large Group Plans","N/A","8.1","482,736","2023"
"SHHP-133790301","Sharp Health Plan",2023,"Annual/Aggregate Filing","Completed","Individual","Individual Annual Aggregate Rate Filing - CY2023","","6.65","","01/01/2023"
"SHHP-133790309","Sharp Health Plan",2023,"Annual/Aggregate Filing","Completed","Small Group","Small Group Annual Aggregate Rate Filing - CY2023","","4.15","","01/01/2023"
"WNHA-133834934","Western Health Advantage",2023,"Annual/Aggregate Filing","Completed","Large Group","Large Group Aggregate Rate","N/A","3.9","64,848","2023"
"OHIN-133836142","Oscar Health Plan of California",2023,"Annual/Aggregate Filing","Completed","Individual","Oscar Ind Annual Aggregate Rate Data Report 2023","","10.37","","01/01/2023"
"HPSM-133823972","San Mateo Health Commission",2023,"Annual/Aggregate Filing","Completed","Small Group","HealthWorx","","","","2023"
"AWLP-133835027","Blue Cross of California",2023,"Annual/Aggregate Filing","Completed","Individual","Annual Aggregate Rate Data Form","","4.23","","01/01/2023"
"AWLP-133835852","Blue Cross of California",2023,"Annual/Aggregate Filing","Completed","Small Group","Annual Aggregate Rate Data Form","","8","","01/01/2023"
"BCCA-133831734","California Physicians' Service",2023,"Annual/Aggregate Filing","Completed","Individual","IFP Plans","","8.88","","01/01/2023"
"CCGP-133836483","Cigna HealthCare of California, Inc.",2023,"Rate Filing","Completed","Large Group","HMO ","","","","01/01/2024"
"CCHP-133836693","Chinese Community Health Plan",2023,"Annual/Aggregate Filing","Completed","Small Group","CCHP 2023 Aggregate Rate Filing for Small Group","","4.68","","01/01/2023"
"CCHP-133836608","Chinese Community Health Plan",2023,"Annual/Aggregate Filing","Completed","Individual","CCHP 2023 Aggregate Rate Filing for Individual and Family Plans","","6.05","","01/01/2023"
"AWLP-133828253","Blue Cross of California",2023,"Annual/Aggregate Filing","Completed","Large Group","DMHC Large Group Annual Aggregate Rate Data for 2023 Renewal","N/A","8.0","1,059,384","2023"
"KHPI-133806005","Kaiser Foundation Health Plan, Inc.",2023,"Annual/Aggregate Filing","Completed","Large Group","2023 KFHP California Large Group Annual Aggregate Rate Data Report","N/A","5.9","5,131,373","2023"
"MLSD-133828972","Community Care Health Plan, Inc.",2023,"Annual/Aggregate Filing","Completed","Large Group","Community Care Health Plan - Aggregate Rate and Prescription Drug Cost Data for Large Group Market","N/A","5.7","10,439","2023"
"MLSD-133828967","Community Care Health Plan, Inc.",2023,"Annual/Aggregate Filing","Completed","Small Group","Community Care Health Plan - Small Group Annual Aggregate Rate Filing","","0","","01/01/2023"
"SUTT-133833997","Sutter Health Plan",2023,"Annual/Aggregate Filing","Completed","Large Group","LG_2023_SB546","N/A","4.6","68,742","2023"
"SUTT-133834007","Sutter Health Plan",2023,"Annual/Aggregate Filing","Completed","Small Group","Small_Group_2023_Annual_Aggregate_Rate_Filing","","1.76","","01/01/2023"
"LACH-133834076","Local Initiative Health Authority for Los Angeles County",2023,"Annual/Aggregate Filing","Completed","Large Group","PASC SEIU Homecare Workers Health Care Plan for In-Home Support Service Workers","","","","2023"
"KHPI-133805780","Kaiser Foundation Health Plan, Inc.",2023,"Annual/Aggregate Filing","Completed","Individual","2023 Individual Annual Aggregate Rate Filing","","4.08","","01/01/2023"
"SUTT-133833992","Sutter Health Plan",2023,"Annual/Aggregate Filing","Completed","Individual","Individual_2023_Annual_Aggregate_Rate_Filing","","5.27","","01/01/2023"
"UHLC-133831666","UnitedHealthcare Benefits Plan of California",2023,"Annual/Aggregate Filing","Completed","Small Group","AB 2118 Small Group Annual Aggregate Rate Info","","3.39","","01/01/2023"
"KHPI-133805805","Kaiser Foundation Health Plan, Inc.",2023,"Annual/Aggregate Filing","Completed","Small Group","2023 Small Group Annual Aggregate Rate Filing","","6.94","","01/01/2023"
"UHLC-133831639","UnitedHealthcare Benefits Plan of California",2023,"Annual/Aggregate Filing","Completed","Large Group","SB 546 - Large Group Annual Aggregate Rate Data Report","N/A","10.2","206,528","2023"
"UHLC-133831641","UHC of California",2023,"Annual/Aggregate Filing","Completed","Large Group","SB 546 - Large Group Annual Aggregate Rate Data Report","N/A","7.6","163,217","2023"
"UHLC-133831689","UHC of California",2023,"Annual/Aggregate Filing","Completed","Small Group","AB 2118 Small Group Annual Aggregate Rate Info","","6.97","","01/01/2023"
"SCCO-133825744","Santa Clara County",2023,"Annual/Aggregate Filing","Completed","Individual","VHP Individual","","4.62","","01/01/2023"
"SCCO-133825740","Santa Clara County",2023,"Annual/Aggregate Filing","Completed","Large Group","VHP Commercial Large Group","N/A","10.6","26,100","2023"
"SCCO-133825742","Santa Clara County",2023,"Annual/Aggregate Filing","Completed","Small Group","Small Group Grandfathered","","5","","01/01/2023"
"AETN-133837041","Aetna Health of California Inc.",2023,"Annual/Aggregate Filing","Completed","Small Group","2023 AB 2118 Annual Report - DMHC","","10.74","","01/01/2023"
"AETN-133837034","Aetna Health of California Inc.",2023,"Annual/Aggregate Filing","Completed","Individual","2023 IFP AB 2118 Annual Report - DMHC","-0.89","","","2023"
"AETN-133829955","Aetna Health of California Inc.",2023,"Annual/Aggregate Filing","Completed","Large Group","202310 SB 546 and SB 17 Filings - DMHC","N/A","7.7","143,849","2023"
"AAJP-133837783","Alameda Alliance For Health",2023,"Annual/Aggregate Filing","Completed","Large Group","Alameda Alliance for Health","","","","2023"
"SHHP-133838445","Sharp Health Plan",2023,"Annual/Aggregate Filing","Completed","Large Group","2023 LG SB 546","N/A","3.9","56,084","2023"
"MLSD-133838109","County of Ventura",2023,"Annual/Aggregate Filing","Completed","Large Group","VCHCP - Aggregate Rate and Prescription Drug Cost Data for Large Group Market","N/A","6.0","10,575","2023"
"HNLH-133802110","Health Net of California, Inc.",2023,"Annual/Aggregate Filing","Completed","Small Group","SG Aggregate Rate","","0.98","","01/01/2023"
"SCRP-133838621","Scripps Health Plan Services, Inc.",2023,"Annual/Aggregate Filing","Completed","Large Group","Scripps Health Plan HMO","N/A","1.5","16,304","2023"
"HNLH-133802104","Health Net of California, Inc.",2023,"Annual/Aggregate Filing","Completed","Individual","IEX-IFP Aggregrate Rate","","1.7","","01/01/2023"
"HNLH-133801996","Health Net of California, Inc.",2023,"Annual/Aggregate Filing","Completed","Large Group","LG Aggregate Rate & Rx Cost","N/A","6.1","266,934","2023"
"CCOH-133843063","Contra Costa County Medical Services",2023,"Annual/Aggregate Filing","Completed","Large Group","Large Group","N/A","7.5","4,732","2023"
"20234095","Santa Cruz-Monterey-Merced-San Benito-Mariposa Managed Medical Care Commission",2023,"Annual/Aggregate Filing","Completed","Large Group","SB 546/SB 17 Large Group Annual Aggregate Rate Data Report","","","","2023"
"20233665","Santa Cruz-Monterey-Merced-San Benito-Mariposa Managed Medical Care Commission",2023,"Rate Filing","Completed","Large Group","AB 731 Large Group Filing","","","","01/01/2024"
"CCHP-133836845","Chinese Community Health Plan",2023,"Annual/Aggregate Filing","Completed","Large Group","CCHP 2023 Aggregate Rate Filing for Large Group","N/A","5.5","2,055","2023"
"HNLH-133825714","Health Net of California, Inc.",2023,"Rate Filing","Completed","Large Group","AB 731 Community LG Methodology","","","","01/01/2024"
"SFHP-133878710","San Francisco Community Health Authority",2023,"Annual/Aggregate Filing","Completed","Large Group","Healthy Workers HMO","","","","2023"
"CCGH-133897011","Cigna HealthCare of California, Inc.",2023,"Annual/Aggregate Filing","Completed","Large Group","Large Group Annual Aggregate Rate Data Report - DMHC","","","","2023"
"HNLH-133898828","Health Net of California, Inc.",2023,"Rate Filing","Completed","Small Group","SG Rates 2024 Q2 ACA (NG)","7.6","7.6","86065","04/01/2024"
"BCCA-133906894","California Physicians' Service",2023,"Rate Filing","Completed","Small Group","Small Group Plans, Q2, 2024","8.5","8.5","393246","04/01/2024"
"SHHP-133879535","Sharp Health Plan",2023,"Rate Filing","Completed","Small Group","2Q2024 SG NGF Rates","5.6","5.6","22282","04/01/2024"
"UHLC-133898637","UHC of California",2023,"Rate Filing","Completed","Small Group","UHG CA HMO 202404","5.2","5.2","40896","04/01/2024"
"AWLP-133901776","Blue Cross of California",2023,"Rate Filing","Completed","Small Group","DMHC Small Group Off Exchange 2Q24","7.8","7.8","76308","04/01/2024"
"AWLP-133901594","Blue Cross of California",2023,"Rate Filing","Completed","Individual","ABC Grandfathered Plans","8.8","8.8","10179","04/01/2024"
"UHLC-133898614","UnitedHealthcare Benefits Plan of California",2023,"Rate Filing","Completed","Small Group","UHG CA INS 202404 UHCBP","5.9","5.9","115121","04/01/2024"
"AETN-133894892","Aetna Health of California Inc.",2023,"Rate Filing","Completed","Small Group","CA SG 2Q24 AHI","9.7","9.7","24125","04/01/2024"
"AWLP-132740444","Blue Cross of California",2022,"Annual/Aggregate Filing","Completed","Individual","Annual Aggregate Rate Data Form","N/A","N/A","N/A","2020"
"HNLH-132688573","Health Net of California, Inc.",2022,"Annual/Aggregate Filing","Completed","Small Group","Individual/Small Group Plans","N/A","N/A","N/A","2020"
"BCCA-132713232","California Physicians' Service",2022,"Annual/Aggregate Filing","Completed","Individual","IFP and SG Plans","N/A","N/A","N/A","2020"
"KHPI-132683408","Kaiser Foundation Health Plan, Inc.",2022,"Annual/Aggregate Filing","Completed","Small Group","2020 CA Annual Aggregate Rate Data Report","N/A","N/A","N/A","2020"
"SHHP-132706800","Sharp Health Plan",2022,"Annual/Aggregate Filing","Completed","Small Group","Annual Aggregate Rate Data Report - CY2020","N/A","N/A","N/A","2020"
"SCCO-132718601","Santa Clara County",2022,"Annual/Aggregate Filing","Completed","Individual","Covered California IFP","N/A","N/A","N/A","2020"
"AETN-132677150","Aetna Health of California Inc.",2022,"Annual/Aggregate Filing","Completed","Small Group","2020 Annual Aggregate Rate Data Report - DMHC","N/A","N/A","N/A","2020"
"SUTT-132715650","Sutter Health Plan",2022,"Annual/Aggregate Filing","Completed","Small Group","2020_IFP_SG_Annual_Data","N/A","N/A","N/A","2020"
"OHIN-132719249","Oscar Health Plan of California",2022,"Annual/Aggregate Filing","Completed","Individual","Oscar CA Annual Aggregate Rate Data Report 2020","N/A","N/A","N/A","2020"
"LACH-132722352","Local Initiative Health Authority for Los Angeles County",2022,"Annual/Aggregate Filing","Completed","Individual","L.A. Care Covered","N/A","N/A","N/A","2020"
"MLSD-132751853","Community Care Health Plan, Inc.",2022,"Annual/Aggregate Filing","Completed","Small Group","Community Care Health Plan Small Group Off-Exchange","N/A","N/A","N/A","2020"
"CCHP-132717463","Chinese Community Health Plan",2022,"Annual/Aggregate Filing","Completed","Small Group","CCHP 2021 Aggregate Rate Filing for Small Group Plans","N/A","N/A","N/A","2020"
"MHCA-132717533","Molina Healthcare of California",2022,"Annual/Aggregate Filing","Completed","Individual","Molina Marketplace 2020","N/A","N/A","N/A","2020"
"WNHA-132731152","Western Health Advantage",2022,"Annual/Aggregate Filing","Completed","Small Group","2021 Annual Aggregate Rate Data","N/A","N/A","N/A","2020"
"UHLC-132713322","UHC of California",2022,"Annual/Aggregate Filing","Completed","Small Group","CA 2020 Annual Aggregate Rate Data Report UHC","N/A","N/A","N/A","2020"
"UHLC-132713324","UnitedHealthcare Benefits Plan of California",2022,"Annual/Aggregate Filing","Completed","Small Group","CA 2020 Annual Aggregate Rate Data Report BPCA","N/A","N/A","N/A","2020"
"MLSD-132717564","County of Ventura",2022,"Annual/Aggregate Filing","Completed","Small Group","VCHCP Aggregate Rate Filing Data Report","N/A","N/A","N/A","2020"
"AWLP-133147205","Blue Cross of California",2022,"Rate Filing","Completed","Large Group","DMHC Large Group Methodology Change Filing for 2022 Renewal, Experience Rated","","","","07/01/2022"
"AAJP-133170574","Alameda Alliance For Health",2022,"Rate Filing","Completed","Large Group","Alameda Alliance for Health","","","","07/01/2022"
"AWLP-133166327","Blue Cross of California",2022,"Rate Filing","Completed","Small Group","DMHC Small Group Off Exchange 3Q22","3.6","3.6","68,401","07/01/2022"
"SHHP-133140306","Sharp Health Plan",2022,"Rate Filing","Completed","Small Group","Q32022 SG NGF Rates","-1.0","-1.0","24,833","07/01/2022"
"AETN-133153701","Aetna Health of California Inc.",2022,"Rate Filing","Completed","Small Group","CA SG 3Q22 AHI","3.3","3.3","17,595","07/01/2022"
"HNLH-133164570","Health Net of California, Inc.",2022,"Rate Filing","Completed","Small Group","SBG Rates 2022 Q3 NG","1.4","1.4","71,448","07/01/2022"
"WNHA-133164927","Western Health Advantage",2022,"Rate Filing","Completed","Small Group","Small Group 2022 Q3","7.1","7.1","27,625","07/01/2022"
"UHLC-133170236","UHC of California",2022,"Rate Filing","Completed","Small Group","UHG CA HMO 202207","-0.8","-0.8","58,956","07/01/2022"
"BCCA-133175744","California Physicians' Service",2022,"Rate Filing","Completed","Small Group","Small Group Plans, Q3, 2022","6","6","115,162","07/01/2022"
"UHLC-133247346","UnitedHealthcare Benefits Plan of California",2022,"Rate Filing","Completed","Small Group","UHG CA INS 202210 UHCBP","2.0","2.0","114,996","10/01/2022"
"UHLC-133247440","UHC of California",2022,"Rate Filing","Completed","Small Group","UHG CA HMO 202210","-1.9","-1.9","56,314","10/01/2022"
"SHHP-133259282","Sharp Health Plan",2022,"Rate Filing","Completed","Small Group","Q42022 SG NGF Rates","3.30","3.30","24,344","10/01/2022"
"SUTT-133286239","Sutter Health Plan",2022,"Rate Filing","Completed","Small Group","SG_2022_Q4","3.1","3.1","32,723","10/01/2022"
"HNLH-133279649","Health Net of California, Inc.",2022,"Rate Filing","Completed","Small Group","SBG Rates 2022 Q4 NG","-2.8","-2.8","68,544","10/01/2022"
"BCCA-133286290","California Physicians' Service",2022,"Rate Filing","Completed","Small Group","Small Group Plans, Q4, 2022","7.6","7.6","353,770","10/01/2022"
"AWLP-133287784","Blue Cross of California",2022,"Rate Filing","Completed","Small Group","DMHC Small Group Off Exchange 4Q22","3.5","3.5","160,936","10/01/2022"
"AETN-133273548","Aetna Health of California Inc.",2022,"Rate Filing","Completed","Small Group","CA SG 4Q22 AHI","11.6","11.6","20,270","10/01/2022"
"CCHP-133330860","Chinese Community Health Plan",2022,"Rate Filing","Completed","Individual","CCHP 2023 Rate Filing for Individual & Family Plans","3.4","3.4","3,793","01/01/2023"
"AETN-133321084","Aetna Health of California Inc.",2022,"New Product Filing","Completed","Individual","CA IVL 2023 AHI","New Products","New Products","95","01/01/2023"
"SHHP-133305910","Sharp Health Plan",2022,"Rate Filing","Completed","Individual","CY2023 Individual Product Rates","6.7","6.7","41,891","01/01/2023"
"LACH-133333817","Local Initiative Health Authority for Los Angeles County",2022,"Rate Filing","Completed","Individual","L.A. Care Covered","2.0","2.0","113,596","01/01/2023"
"SCCO-133313206","Santa Clara County",2022,"Rate Filing","Completed","Individual","California Health Benefit Exchange Individual Plan","4.6","4.6","25,376 ","01/01/2023"
"BRHP-133243150","Universal Care, Inc.",2022,"Rate Filing","Withdrawn Prior to Determination","Individual","2023 Universal Care, Inc. Individual Plan Rates","3.6","3.6","1,175","01/01/2023"
"WNHA-133334772","Western Health Advantage",2022,"Rate Filing","Completed","Individual","Individual Q1 2023","1.1","1.1","12,252 ","01/01/2023"
"UHLC-133331993","UnitedHealthcare Benefits Plan of California",2022,"Rate Filing","Completed","Small Group","UHG CA INS 202301 UHCBP","4.1","4.1","114,996","01/01/2023"
"SUTT-133335184","Sutter Health Plan",2022,"Rate Filing","Completed","Small Group","SG_2023","1.66","1.66","32,723","01/01/2023"
"SUTT-133334965","Sutter Health Plan",2022,"Rate Filing","Completed","Individual","IFP_2023","3.25","3.25","3,268","01/01/2023"
"KHPI-133332405","Kaiser Foundation Health Plan, Inc.",2022,"Rate Filing","Completed","Individual","KFHP Non-Grandfathered Individual HMO Plan Rates, January 2023","4.0","4.0","725,679","01/01/2023"
"MHCA-133334982","Molina Healthcare of California",2022,"Rate Filing","Completed","Individual","Molina Marketplace 2023","10.7","10.7","65,025","01/01/2023"
"HNLH-133334307","Health Net of California, Inc.",2022,"Rate Filing","Withdrawn Prior to Determination","Individual","IEX-IFP Rates 2023 ACA (NG)","2.7","","155,768","01/01/2023"
"AWLP-133333757","Blue Cross of California",2022,"Rate Filing","Completed","Individual","DMHC Individual On and Off Exchange","5","5","174,337","01/01/2023"
"OHIN-133331244","Oscar Health Plan of California",2022,"Rate Filing","Completed","Individual","Oscar 2023 Individual Rates","12.1","12.1","64,812 ","01/01/2023"
"UHLC-133332030","UHC of California",2022,"Rate Filing","Completed","Small Group","UHG CA HMO 202301","6.5","6.5","56,314","01/01/2023"
"BCCA-133333777","California Physicians' Service",2022,"Rate Filing","Completed","Individual","IFP NGF Rate Filing 2023","9.6","9.6","791,835","01/01/2023"
"SHHP-133325911","Sharp Health Plan",2022,"Rate Filing","Completed","Small Group","1Q2023 SG NGF Rates","3.4","3.4","24,024","01/01/2023"
"CCHP-133334883","Chinese Community Health Plan",2022,"Rate Filing","Completed","Small Group","CCHP 2023 Rate Filing for Small Group","6.3","6.3","854","01/01/2023"
"WNHA-133335168","Western Health Advantage",2022,"Rate Filing","Completed","Small Group","Small Group Q1 2023","7.1","7.1","26,025","01/01/2023"
"BCCA-133334937","California Physicians' Service",2022,"Rate Filing","Completed","Small Group","Small Group Plans, Q1, 2023","8.6","8.6","166,823","01/01/2023"
"KHPI-133332386","Kaiser Foundation Health Plan, Inc.",2022,"Rate Filing","Completed","Small Group","KFHP Non-Grandfathered Small Group HMO Plan Rates, January 2023","6.6","6.6","676,263","01/01/2023"
"AWLP-133336741","Blue Cross of California",2022,"Rate Filing","Completed","Small Group","DMHC Small Group Off Exchange 1Q23","4","4","158,293","01/01/2023"
"HNLH-133327739","Health Net of California, Inc.",2022,"Rate Filing","Completed","Small Group","SG Rates 2023 Q1 ACA (NG)","-2.9","-2.9","91,191","01/01/2023"
"AETN-133328817","Aetna Health of California Inc.",2022,"Rate Filing","Completed","Small Group","CA SG 1Q23 AHI","11","11","20,270","01/01/2023"
"MLSD-133341354","Community Care Health Plan, Inc.",2022,"Rate Filing","Withdrawn Prior to Determination","Small Group","Community Care Health Plan Small Group Off-Exchange","6","","337","01/01/2023"
"MLSD-133364184","Community Care Health Plan, Inc.",2022,"Rate Filing","Completed","Small Group","Community Care Health Plan Small Group Off-Exchange","0","0","207","01/01/2023"
"HNLH-133367180","Health Net of California, Inc.",2022,"Rate Filing","Completed","Individual","IEX-IFP Rates 2023 ACA (NG)","1.6","1.6","155,768 ","01/01/2023"
"MLSD-133360358","County of Ventura",2022,"Rate Filing","Completed","Large Group","VCHCP - Large Group Methodology Annual Filing","","","","01/01/2023"
"HNLH-133376843","Health Net of California, Inc.",2022,"Rate Filing","Completed","Large Group","AB 731 Large Group Methodology","","","","01/01/2023"
"CCHP-133385664","Chinese Community Health Plan",2022,"Rate Filing","Completed","Large Group","100% Community Rating Methodology ","","","","01/01/2023"
"CCHP-133386998","Chinese Community Health Plan",2022,"Rate Filing","Completed","Large Group","Large Group Experience Methodology","","","","01/01/2023"
"CCGP-133386763","Cigna HealthCare of California, Inc.",2022,"Rate Filing","Completed","Large Group","HMO ","","","","01/01/2023"
"WNHA-133387206","Western Health Advantage",2022,"Rate Filing","Completed","Large Group","Large Group Methodology Annual Filing","","","","01/01/2023"
"AETN-133344434","Aetna Health of California Inc.",2022,"Rate Filing","Completed","Large Group","2022-09 AB731 Experience Rating Filing - DMHC","","","","01/01/2023"
"AETN-133344346","Aetna Health of California Inc.",2022,"Rate Filing","Completed","Large Group","2022-09 AB731 Manual Rating Filing - DMHC","","","","01/01/2023"
"HPSM-133379971","San Mateo Health Commission",2022,"Rate Filing","Completed","Large Group","HealthWorx","","","","01/01/2023"
"AWLP-133386739","Blue Cross of California",2022,"Rate Filing","Completed","Large Group","DMHC Large Group Methodology Annual Filing for 2023 Renewal, Experience Rated","","","","01/01/2023"
"AWLP-133386748","Blue Cross of California",2022,"Rate Filing","Completed","Large Group","DMHC Large Group Methodology Annual Filing for 2023 Renewal, Manually Rated","","","","01/01/2023"
"UHLC-133371984","UnitedHealthcare Benefits Plan of California",2022,"Rate Filing","Completed","Large Group","UHG CA INS LG 202301 UHCBP Experience Rated","","","","01/01/2023"
"UHLC-133371963","UnitedHealthcare Benefits Plan of California",2022,"Rate Filing","Completed","Large Group","UHG CA INS LG 202301 UHCBP Community Rated","","","","01/01/2023"
"AAJP-133388836","Alameda Alliance For Health",2022,"Rate Filing","Completed","Large Group","Alameda Alliance for Health AB731 Filing for 2022","","","","01/01/2023"
"UHLC-133371977","UHC of California",2022,"Rate Filing","Completed","Large Group","UHG CA HMO LG 202301 EXPERIENCE RATED","","","","01/01/2023"
"UHLC-133371982","UHC of California",2022,"Rate Filing","Completed","Large Group","UHG CA HMO LG 202301 COMMUNITY RATED","","","","01/01/2023"
"SUTT-133388415","Sutter Health Plan",2022,"Rate Filing","Completed","Large Group","LG_2023_AB731_Rate_Filing","","","","01/01/2023"
"SCCO-133372630","Santa Clara County",2022,"Rate Filing","Completed","Small Group","Small Group GF Rate Filing","5","5","20","01/01/2023"
"MLSD-133383827","Community Care Health Plan, Inc.",2022,"Rate Filing","Completed","Large Group","Community Care Health Plan - Large Group Methodology Annual Filing","","","","01/01/2023"
"SCRP-133389933","Scripps Health Plan Services, Inc.",2022,"Rate Filing","Completed","Large Group","Scripps Health Plan","","","","01/01/2023"
"MLSD-133383829","Community Care Health Plan, Inc.",2022,"Rate Filing","Completed","Large Group","Community Care Health Plan - Large Group Methodology Annual Filing","","","","01/01/2023"
"SHHP-133382811","Sharp Health Plan",2022,"Rate Filing","Completed","Large Group","2023 LG Rates AB 731 - Blended","","","","01/01/2023"
"SHHP-133382806","Sharp Health Plan",2022,"Rate Filing","Completed","Large Group","2023 LG Rates AB 731 - Community","","","","01/01/2023"
"KHPI-133356477","Kaiser Foundation Health Plan, Inc.",2022,"Rate Filing","Completed","Small Group","KFHP Grandfathered Small Group HMO Rates Jan 2023","8","8","151,646","01/01/2023"
"BCCA-133388141","California Physicians' Service",2022,"Rate Filing","Completed","Large Group","Large Group Plans","","","","01/01/2023"
"BCCA-133388123","California Physicians' Service",2022,"Rate Filing","Completed","Large Group","Large Group Plans","","","","01/01/2023"
"KHPI-133356457","Kaiser Foundation Health Plan, Inc.",2022,"Rate Filing","Completed","Individual","KFHP Grandfathered Individual Plan HMO Rates Jan 2023","6","6","35,272","01/01/2023"
"CCOH-133389977","Contra Costa County Medical Services",2022,"Rate Filing","Completed","Large Group","AB 731 Large Group","","","","01/01/2023"
"SCCO-133372667","Santa Clara County",2022,"Rate Filing","Completed","Large Group","Large Group - HMO","","","","01/01/2023"
"SCCO-133372651","Santa Clara County",2022,"Rate Filing","Completed","Large Group","Large Group - HMO","","","","01/01/2023"
"KHPI-133388895","Kaiser Foundation Health Plan, Inc.",2022,"Rate Filing","Completed","Large Group","Annual Large Group Methodology Filing-Community","","","","01/01/2023"
"KHPI-133388882","Kaiser Foundation Health Plan, Inc.",2022,"Rate Filing","Completed","Large Group","Annual Large Group Rate Methodology Filing-Blended or 100% Experience","","","","01/01/2023"
"SFHP-133388773","San Francisco Community Health Authority",2022,"Rate Filing","Completed","Large Group","Healthy Workers - HMO","","","","01/01/2023"
"LACH-133391213","Local Initiative Health Authority for Los Angeles County",2022,"Rate Filing","Completed","Large Group","PASC-SEIU Home Care Workers Health Care Plan for In-Home Support Service Workers","","","","01/01/2023"
"AAJP-133400597","Alameda Alliance For Health",2022,"Annual/Aggregate Filing","Completed","Large Group","Alameda Alliance for Health","N/A","0","5,795","2022"
"SUTT-133406402","Sutter Health Plan",2022,"Rate Filing","Completed","Large Group","LG_2023_AB731_Rate_Filing_Community","","","","01/01/2023"
"SFHP-133413844","San Francisco Community Health Authority",2022,"Annual/Aggregate Filing","Completed","Large Group","Healthy Workers - HMO","N/A","13","11,964","2022"
"HPSM-133415424","San Mateo Health Commission",2022,"Annual/Aggregate Filing","Completed","Large Group","HealthWorx","N/A","0","1,205","2022"
"MLSD-133415329","County of Ventura",2022,"Annual/Aggregate Filing","Completed","Large Group","VCHCP - Aggregate Rate and Prescription Drug Cost Data for Large Group Market","N/A","1.8","11,441","2022"
"SHHP-133415565","Sharp Health Plan",2022,"Annual/Aggregate Filing","Completed","Large Group","2022 LG SB 546","N/A","0.9","17,193","2022"
"UHLC-133389398","UnitedHealthcare Benefits Plan of California",2022,"Annual/Aggregate Filing","Completed","Small Group","AB 2118 Small Group Annual Aggregate Rate Info","","2.55","","01/01/2022"
"UHLC-133389400","UHC of California",2022,"Annual/Aggregate Filing","Completed","Small Group","AB 2118 Small Group Annual Aggregate Rate Info","","-2.62","","01/01/2022"
"MHCA-133416198","Molina Healthcare of California",2022,"Annual/Aggregate Filing","Completed","Individual","Individual Annual Aggregate Rate Filing","","-0.07","","01/01/2022"
"SUTT-133416988","Sutter Health Plan",2022,"Annual/Aggregate Filing","Completed","Large Group","LG_2022","N/A","3.75","64,632","2022"
"WNHA-133416204","Western Health Advantage",2022,"Annual/Aggregate Filing","Completed","Individual","Individual Annual Aggregate Rate ","","5.36","","01/01/2022"
"WNHA-133416226","Western Health Advantage",2022,"Annual/Aggregate Filing","Completed","Small Group","Small Group Annual Aggregate Rate Filing","","6.54","","01/01/2022"
"SHHP-133377775","Sharp Health Plan",2022,"Annual/Aggregate Filing","Completed","Individual","Individual Annual Aggregate Rate Filing - CY2022","","0","","01/01/2022"
"SSHP-133416667","MemorialCare Select Health Plan",2022,"Rate Filing","Completed","Large Group","AB731 Annual Large Group Rate","","","","01/01/2023"
"SSHP-133416873","MemorialCare Select Health Plan",2022,"Annual/Aggregate Filing","Completed","Large Group","Annual LG Historical rate filing","N/A","0","250","2022"
"SHHP-133377759","Sharp Health Plan",2022,"Annual/Aggregate Filing","Completed","Small Group","Small Group Annual Aggregate Rate Filing - CY2022","","0.91","","01/01/2022"
"WNHA-133417240","Western Health Advantage",2022,"Annual/Aggregate Filing","Completed","Large Group","Large Group Aggregate Rate","N/A","1.27","58,119","2022"
"LACH-133417050","Local Initiative Health Authority for Los Angeles County",2022,"Annual/Aggregate Filing","Completed","Individual","LA Care Covered","","-4.17","","01/01/2022"
"LACH-133417107","Local Initiative Health Authority for Los Angeles County",2022,"Annual/Aggregate Filing","Completed","Large Group","PASC SEIU Homecare Workers Health Care Plan for In-Home Support Service Workers","N/A","0","50,583","2022"
"SCCO-133410570","Santa Clara County",2022,"Annual/Aggregate Filing","Completed","Large Group","VHP Commercial Large Group","N/A","3.8","24,856","2022"
"SCCO-133410561","Santa Clara County",2022,"Annual/Aggregate Filing","Completed","Small Group","Small Group Grandfathered","","0","","01/01/2022"
"SCCO-133410528","Santa Clara County",2022,"Annual/Aggregate Filing","Completed","Individual","VHP Individual","","5.63","","01/01/2022"
"AWLP-133417112","Blue Cross of California",2022,"Annual/Aggregate Filing","Completed","Individual","Annual Aggregate Rate Data Form","","-2.73","","01/01/2022"
"BCCA-133409656","California Physicians' Service",2022,"Annual/Aggregate Filing","Completed","Small Group","Small Group Plans","","6.16","","01/01/2022"
"AWLP-133413830","Blue Cross of California",2022,"Annual/Aggregate Filing","Completed","Large Group","DMHC Large Group Annual Aggregate Rate Data for 2022 Renewal","N/A","4.3","1,113,299","2022"
"AWLP-133417146","Blue Cross of California",2022,"Annual/Aggregate Filing","Completed","Small Group","Annual Aggregate Rate Data Form","","3.67","","01/01/2022"
"MLSD-133416179","Community Care Health Plan, Inc.",2022,"Annual/Aggregate Filing","Completed","Small Group","Community Care Health Plan - Small Group Annual Aggregate Rate Filing","","6.37","","01/01/2022"
"UHLC-133417163","UnitedHealthcare Benefits Plan of California",2022,"Annual/Aggregate Filing","Completed","Large Group","SB 546 - Large Group Annual Aggregate Rate Data Report","N/A","8.5","183,579","2022"
"SUTT-133417867","Sutter Health Plan",2022,"Annual/Aggregate Filing","Completed","Individual","Individual_2022_Annual_Aggregate_Rate_Filing","","5.2","","01/01/2022"
"SUTT-133417881","Sutter Health Plan",2022,"Annual/Aggregate Filing","Completed","Small Group","Small_Group_2022_Annual_Aggregate_Rate_Filing","","4.59","","01/01/2022"
"SCRP-133417720","Scripps Health Plan Services, Inc.",2022,"Annual/Aggregate Filing","Completed","Large Group","Scripps Health Plan HMO","N/A","0.47","15,648","2022"
"UHLC-133417135","UHC of California",2022,"Annual/Aggregate Filing","Completed","Large Group","SB 546 - Large Group Annual Aggregate Rate Data Report","N/A","5.1","122,411","2022"
"BCCA-133409657","California Physicians' Service",2022,"Annual/Aggregate Filing","Completed","Individual","IFP Plans","","1.51","","01/01/2022"
"AETN-133407198","Aetna Health of California Inc.",2022,"Annual/Aggregate Filing","Completed","Small Group","2022 AB 2118 Annual Report - DMHC","","4.43","","01/01/2022"
"MLSD-133416180","Community Care Health Plan, Inc.",2022,"Annual/Aggregate Filing","Completed","Large Group","Community Care Health Plan - Aggregate Rate and Prescription Drug Cost Data for Large Group Market","N/A","4.2","9,861","2022"
"HNLH-133405227","Health Net of California, Inc.",2022,"Annual/Aggregate Filing","Completed","Large Group","Large Group Annual Aggregate & SB 17","N/A","5.8","257,469","2022"
"MLSD-133413048","County of Ventura",2022,"Annual/Aggregate Filing","Completed","Small Group","VCHCP Small Group Annual Aggregate Rate Workbook","","9.02","","01/01/2022"
"BCCA-133418417","California Physicians' Service",2022,"Annual/Aggregate Filing","Completed","Large Group","Large Group Plans","N/A","5.3","502,031","2022"
"KHPI-133355359","Kaiser Foundation Health Plan, Inc.",2022,"Annual/Aggregate Filing","Completed","Individual","Individual Annual Aggregate Rate Filing","","2.13","","01/01/2022"
"KHPI-133355438","Kaiser Foundation Health Plan, Inc.",2022,"Annual/Aggregate Filing","Completed","Small Group","Small Group Annual Aggregate Rate Filing","","2.26","","01/01/2022"
"CCHP-133419071","Chinese Community Health Plan",2022,"Annual/Aggregate Filing","Completed","Large Group","CCHP 2022 Aggregate Rate Filing for Large Group","N/A","5","2,003","2022"
"KHPI-133419425","Kaiser Foundation Health Plan, Inc.",2022,"Annual/Aggregate Filing","Completed","Large Group","2022 KFHP California Large Group Annual Aggregate Rate Data Report","N/A","3.6","5,190,040","2022"
"CCHP-133419470","Chinese Community Health Plan",2022,"Annual/Aggregate Filing","Completed","Individual","CCHP 2022 Aggregate Rate Filing for Individual and Family Plans","","5.04","","01/01/2022"
"CCHP-133419365","Chinese Community Health Plan",2022,"Annual/Aggregate Filing","Completed","Small Group","CCHP 2022 Aggregate Rate Filing for Small Group","","2.66","","01/01/2022"
"HNLH-133405273","Health Net of California, Inc.",2022,"Annual/Aggregate Filing","Completed","Individual","Individual Market-Annual Aggregate","","5.52","","01/01/2022"
"HNLH-133405276","Health Net of California, Inc.",2022,"Annual/Aggregate Filing","Completed","Small Group","Small Group Market-Annual Aggregate","","1.24","","01/01/2022"
"AETN-133423409","Aetna Health of California Inc.",2022,"Annual/Aggregate Filing","Completed","Large Group","202210 SB 546 and SB 17 Filings - DMHC","N/A","7.1","112,575","2022"
"CCGH-133423802","Cigna HealthCare of California, Inc.",2022,"Annual/Aggregate Filing","Completed","Large Group","Large Group Annual Aggregate Rate Data Report - DMHC","N/A","7","110,695","2022"
"CCOH-133424625","Contra Costa County Medical Services",2022,"Annual/Aggregate Filing","Completed","Large Group","Large Group","N/A","6.9","5,023","2022"
"20223454","Santa Cruz-Monterey-Merced-San Benito-Mariposa Managed Medical Care Commission",2022,"Annual/Aggregate Filing","Completed","Large Group","SB 546/SB 17 Large Group Annual Aggregate Rate Data Report","N/A","12.1","514","2022"
"20223119","Santa Cruz-Monterey-Merced-San Benito-Mariposa Managed Medical Care Commission",2022,"Rate Filing","Completed","Large Group","AB 731 Large Group Filing","","","","01/01/2023"
"HNLH-133402483","Health Net of California, Inc.",2022,"Rate Filing","Completed","Large Group","AB 731 Community Lg Grp Methodology","","","","01/01/2023"
"CCGP-133438722","Cigna HealthCare of California, Inc.",2022,"Rate Filing","Completed","Large Group","HMO ","","","","01/01/2023"
"AWLP-133480003","Blue Cross of California",2022,"Rate Filing","Completed","Individual","ABC Grandfathered Plans","3.5","3.5","11,534","04/01/2023"
"AWLP-133469190","Blue Cross of California",2022,"Rate Filing","Completed","Small Group","DMHC Small Group Off Exchange 2Q23","4.9","4.9","65,481","04/01/2023"
"HNLH-133462125","Health Net of California, Inc.",2022,"Rate Filing","Completed","Small Group","SG Rates 2023 Q2 ACA (NG)","-0.7","-0.7","93736","04/01/2023"
"BCCA-133481617","California Physicians' Service",2022,"Rate Filing","Completed","Small Group","Small Group Plans, Q2, 2023","9.6","9.6","75,076","04/01/2023"
"SHHP-133455365","Sharp Health Plan",2022,"Rate Filing","Completed","Small Group","2Q2023 SG NGF Rates","4.3","4.3","23,524","04/01/2023"
"UHLC-133478968","UHC of California",2022,"Rate Filing","Completed","Small Group","UHG CA HMO 202304","7.0","7.0","51,005","04/01/2023"
"AETN-133451508","Aetna Health of California Inc.",2022,"Rate Filing","Completed","Small Group","CA SG 2Q23 AHI","13.4","13.4","23,785","04/01/2023"
"KHPI-132683410","Kaiser Foundation Health Plan, Inc.",2021,"Rate Filing","Completed","Small Group","KFHP Non-Grandfathered Small Group HMO Plan Rates, July 2021","3.2","3.2","390,400","07/01/2021"
"AWLP-132746080","Blue Cross of California",2021,"Rate Filing","Completed","Small Group","DMHC Small Group Off Exchange 3Q21","-1.29","-1.29","59,370","07/01/2021"
"OHIN-132703744","Oscar Health Plan of California",2021,"Rate Filing","Completed","Small Group","Oscar CASG 3Q2021 Rates","7.1","7.1","1,020","07/01/2021"
"AETN-132726477","Aetna Health of California Inc.",2021,"Rate Filing","Completed","Small Group","CA SG 3Q21 AHI","-1.1","-1.1","18,725","07/01/2021"
"HNLH-132742841","Health Net of California, Inc.",2021,"Rate Filing","Completed","Small Group","2021 Q3 Rates Small Group ACA Compliant (NG) Plans","-0.9","-0.9","73,441","07/01/2021"
"BCCA-132736663","California Physicians' Service",2021,"Rate Filing","Completed","Small Group","Small Group Plans, Q3, 2021","1.0","1.0","117,713","07/01/2021"
"UHLC-132728962","UnitedHealthcare Benefits Plan of California",2021,"Rate Filing","Completed","Small Group","UHG CA INS 202107 UHCBP","3.4","3.4","115,248","07/01/2021"
"UHLC-132737491","UHC of California",2021,"Rate Filing","Completed","Small Group","UHG CA HMO 202107","2.9","2.9","67,684","07/01/2021"
"BCCA-132849470","California Physicians' Service",2021,"Rate Filing","Completed","Small Group","Small Group Plans, Q4, 2021","3.6","3.6","204,887","10/01/2021"
"AWLP-132846968","Blue Cross of California",2021,"Rate Filing","Completed","Small Group","DMHC Small Group Off Exchange 4Q21","-1.5","-1.5","155,352","10/01/2021"
"SUTT-132858325","Sutter Health Plan",2021,"Rate Filing","Completed","Small Group","SG_Q4_2021","4.11","4.11","33,852","10/01/2021"
"HNLH-132854652","Health Net of California, Inc.",2021,"Rate Filing","Completed","Small Group","SBG Rates 2021 Q4 ACA (NG)","2.8","2.8","68,287","10/01/2021"
"SHHP-132843374","Sharp Health Plan",2021,"Rate Filing","Completed","Small Group","Q42021 SG NGF Rates","-0.9","-0.9","26,378","10/01/2021"
"AETN-132853479","Aetna Health of California Inc.",2021,"Rate Filing","Completed","Small Group","CA SG 4Q21 AHI","-8.3","-8.3","18,575","10/01/2021"
"AWLP-132913817","Blue Cross of California",2021,"Rate Filing","Completed","Small Group","DMHC Small Group Off Exchange 1Q22","3.32","3.32","136,396","01/01/2022"
"MLSD-132913660","Community Care Health Plan, Inc.",2021,"Rate Filing","Completed","Small Group","Community Care Health Plan Small Group Off-Exchange","6","6","337","01/01/2022"
"AETN-132913769","Aetna Health of California Inc.",2021,"Rate Filing","Completed","Small Group","CA SG 1Q22 AHI","-7.9","-7.9","18,575","01/01/2022"
"CCHP-132909253","Chinese Community Health Plan",2021,"Rate Filing","Completed","Individual","CCHP 2022 Rate Filing for Individual & Family Plans","1.9","1.90","5,479","01/01/2022"
"CCHP-132911956","Chinese Community Health Plan",2021,"Rate Filing","Completed","Small Group","CCHP 2022 Rate Filing for Small Group","1.7","1.7","1,185","01/01/2022"
"BCCA-132909335","California Physicians' Service",2021,"Rate Filing","Completed","Small Group","Small Group Plans, Q1, 2022","4.9","4.9","145,580","01/01/2022"
"AWLP-132911556","Blue Cross of California",2021,"Rate Filing","Completed","Individual","DMHC Individual On and Off Exchange","-2.6","-2.6","116,249","01/01/2022"
"BCCA-132907860","California Physicians' Service",2021,"Rate Filing","Completed","Individual","IFP NGF Rate Filing 2022","1.6","1.60","714,484","01/01/2022"
"UHLC-132904589","UnitedHealthcare Benefits Plan of California",2021,"Rate Filing","Completed","Small Group","UHG CA INS 202201 UHCBP","4.2","4.2","114,342","01/01/2022"
"SCCO-132903969","Santa Clara County",2021,"Rate Filing","Completed","Individual","California Health Benefit Exchange Individual Plan","5.87","5.87","26,932","01/01/2022"
"LACH-132913180","Local Initiative Health Authority for Los Angeles County",2021,"Rate Filing","Completed","Individual","L.A. Care Covered","-3.2","-3.20","76,329","01/01/2022"
"MLSD-132901219","County of Ventura",2021,"Rate Filing","Completed","Small Group","Ventura County Small Group Off-Exchange","9.02","9.02","187","01/01/2022"
"OHIN-132907320","Oscar Health Plan of California",2021,"Rate Filing","Completed","Individual","Oscar 2022 Individual Rates","9.1","9.1","97,235","01/01/2022"
"MHCA-132909776","Molina Healthcare of California",2021,"Rate Filing","Completed","Individual","Molina Marketplace 2022","-0.1","-0.1","46,260","01/01/2022"
"SUTT-132913733","Sutter Health Plan",2021,"Rate Filing","Completed","Individual","IFP_2022","3.03","3.03","3,737","01/01/2022"
"SUTT-132913681","Sutter Health Plan",2021,"Rate Filing","Completed","Small Group","SG_2022","3.95","3.95","33,852","01/01/2022"
"HNLH-132910738","Health Net of California, Inc.",2021,"Rate Filing","Completed","Individual","IEX-IFP Rates 2022 ACA (NG) ","5.4","5.40","143,908","01/01/2022"
"HNLH-132910722","Health Net of California, Inc.",2021,"Rate Filing","Completed","Small Group","SBG Rates 2022 Q1","1.6","1.6","74,455","01/01/2022"
"WNHA-132912193","Western Health Advantage",2021,"Rate Filing","Completed","Individual","Individual Q1 2022","3","3","12,345","01/01/2022"
"UHLC-132909314","UHC of California",2021,"Rate Filing","Completed","Small Group","UHG CA HMO 202201","0.8","0.8","66,129","01/01/2022"
"BRHP-132914419","Universal Care, Inc.",2021,"New Product Filing","Completed","Individual","2022 Universal Care, Inc. Individual Plan Rates","New Products","New Products","2,891","01/01/2022"
"WNHA-132912213","Western Health Advantage",2021,"Rate Filing","Completed","Small Group","Small Group Q1 2022","2","2","27,625","01/01/2022"
"KHPI-132812905","Kaiser Foundation Health Plan, Inc.",2021,"Rate Filing","Completed","Small Group","KFHP Non-Grandfathered Small Group HMO Plan Rates, January 2022","1.9","1.9","699,067","01/01/2022"
"KHPI-132812896","Kaiser Foundation Health Plan, Inc.",2021,"Rate Filing","Completed","Individual","KFHP Non-Grandfathered Individual HMO Plan Rates, January 2022","2.1","2.10","733,449","01/01/2022"
"SHHP-132899565","Sharp Health Plan",2021,"Rate Filing","Completed","Small Group","Q12022 SG NGF Rates","-1","-1","25,997","01/01/2022"
"SHHP-132899566","Sharp Health Plan",2021,"Rate Filing","Completed","Individual","CY2022 Individual Product Rates","-0.3","-0.3","34,111","01/01/2022"
"SCRP-132969125","Scripps Health Plan Services, Inc.",2021,"Rate Filing","Completed","Large Group","Scripps Health Plan","","","","01/01/2022"
"WNHA-132965189","Western Health Advantage",2021,"Rate Filing","Completed","Large Group","Large Group Methodology Annual Filing","","","","01/01/2022"
"SUTT-132962625","Sutter Health Plan",2021,"Rate Filing","Completed","Large Group","LG_Initial_Rate_Filing","","","","01/01/2022"
"SUTT-132962752","Sutter Health Plan",2021,"Rate Filing","Completed","Large Group","LG_Initial_Rate_Filing_Community","","","","01/01/2022"
"CCGP-132962577","Cigna HealthCare of California, Inc.",2021,"Rate Filing","Completed","Large Group","HMO ","","","","01/01/2022"
"MLSD-132942856","County of Ventura",2021,"Rate Filing","Completed","Large Group","VCHCP - Large Group Methodology Annual Filing","","","","01/01/2022"
"LACH-132968653","Local Initiative Health Authority for Los Angeles County",2021,"Rate Filing","Completed","Large Group","PASC-SEIU Home Care Workers Health Care Plan for In-Home Support Service Workers","","","","01/01/2022"
"HNLH-132961235","Health Net of California, Inc.",2021,"Rate Filing","Completed","Large Group","AB 731 Large Group Methodology","","","","01/01/2022"
"AWLP-132969120","Blue Cross of California",2021,"Rate Filing","Completed","Large Group","DMHC Large Group Methodology Annual Filing for 2022 Renewal, Manually Rated","","","","01/01/2022"
"AWLP-132969117","Blue Cross of California",2021,"Rate Filing","Completed","Large Group","DMHC Large Group Methodology Annual Filing for 2022 Renewal, Experience Rated","","","","01/01/2022"
"AETN-132966742","Aetna Health of California Inc.",2021,"Rate Filing","Completed","Large Group","2021-09 AB731 Manual Rating Filing - DMHC","","","","01/01/2022"
"AETN-132966750","Aetna Health of California Inc.",2021,"Rate Filing","Completed","Large Group","2021-09 AB731 Experience Rating Filing - DMHC","","","","01/01/2022"
"UHLC-132963238","UnitedHealthcare Benefits Plan of California",2021,"Rate Filing","Completed","Large Group","UHG CA INS LG 202201 UHCBP Community Rated","","","","01/01/2022"
"SFHP-132970491","San Francisco Community Health Authority",2021,"Rate Filing","Completed","Large Group","Healthy Workers-HMO","","","","01/01/2022"
"UHLC-132963363","UHC of California",2021,"Rate Filing","Completed","Large Group","UHG CA HMO LG 202201 COMMUNITY RATED","","","","01/01/2022"
"UHLC-132963365","UHC of California",2021,"Rate Filing","Completed","Large Group","UHG CA HMO LG 202201 EXPERIENCE RATED","","","","01/01/2022"
"SHHP-132963814","Sharp Health Plan",2021,"Rate Filing","Completed","Large Group","2022 LG Rates AB 731 - Blended","","","","01/01/2022"
"SHHP-132963848","Sharp Health Plan",2021,"Rate Filing","Completed","Large Group","2022 LG Rates AB 731 - Community","","","","01/01/2022"
"BCCA-132970733","California Physicians' Service",2021,"Rate Filing","Completed","Large Group","Large Group Plans","","","","01/01/2022"
"BCCA-132970707","California Physicians' Service",2021,"Rate Filing","Completed","Large Group","Large Group Plans","","","","01/01/2022"
"UHLC-132963344","UnitedHealthcare Benefits Plan of California",2021,"Rate Filing","Completed","Large Group","UHG CA INS LG 202201 UHCBP Experience Rated","","","","01/01/2022"
"SCCO-132957163","Santa Clara County",2021,"Rate Filing","Completed","Large Group","Large Group - HMO","","","","01/01/2022"
"SCCO-132957171","Santa Clara County",2021,"Rate Filing","Completed","Large Group","Large Group - HMO","","","","01/01/2022"
"KHPI-132958088","Kaiser Foundation Health Plan, Inc.",2021,"Rate Filing","Completed","Large Group","Annual Large Group Methodology Filing-Community","","","","01/01/2022"
"KHPI-132958094","Kaiser Foundation Health Plan, Inc.",2021,"Rate Filing","Completed","Large Group","Annual Large Group Methodology Filing-Blended or 100% Experience","","","","01/01/2022"
"CCOH-132970890","Contra Costa County Medical Services",2021,"Rate Filing","Completed","Large Group","AB 731 Large Group","","","","01/01/2022"
"MLSD-132970074","Community Care Health Plan, Inc.",2021,"Rate Filing","Completed","Large Group","Community Care Health Plan - Large Group Methodology Annual Filing","","","","01/01/2022"
"MLSD-132970002","Community Care Health Plan, Inc.",2021,"Rate Filing","Completed","Large Group","Community Care Health Plan - Large Group Methodology Annual Filing","","","","01/01/2022"
"CCHP-132970880","Chinese Community Health Plan",2021,"Rate Filing","Completed","Large Group","100% Community Rating Methodology ","","","","01/01/2022"
"SCCO-132957193","Santa Clara County",2021,"Rate Filing","Completed","Small Group","Small Group GF Rate Filing","5.942","5.942","19","01/01/2022"
"KHPI-132949148","Kaiser Foundation Health Plan, Inc.",2021,"Rate Filing","Completed","Individual","KFHP Grandfathered Individual Plan HMO Rates Jan 2022","4","4","41,030","01/01/2022"
"KHPI-132949149","Kaiser Foundation Health Plan, Inc.",2021,"Rate Filing","Completed","Small Group","KFHP Grandfathered Small Group HMO Rates Jan 2022","4","4","151,646","01/01/2022"
"AAJP-132980439","Alameda Alliance For Health",2021,"Rate Filing","Completed","Large Group","Alameda Alliance AB731 Filing for 2021","","","","01/01/2022"
"SFHP-133001471","San Francisco Community Health Authority",2021,"Annual/Aggregate Filing","Completed","Large Group","Healthy Workers - HMO","N/A","19.7","11,847","2021"
"CCHP-132992672","Chinese Community Health Plan",2021,"Rate Filing","Completed","Large Group","Large Group Experience Methodology","","","","01/01/2022"
"BCCA-132997596","California Physicians' Service",2021,"Annual/Aggregate Filing","Completed","Large Group","Large Group Plans","N/A","3.9","506,598","2021"
"BCCA-133002133","California Physicians' Service",2021,"Annual/Aggregate Filing","Completed","Individual","IFP Plans","0","","","01/01/2021"
"BCCA-133002054","California Physicians' Service",2021,"Annual/Aggregate Filing","Completed","Small Group","Small Group Plans","0","","","01/01/2021"
"AETN-133001622","Aetna Health of California Inc.",2021,"Annual/Aggregate Filing","Completed","Large Group","202110 SB 546 and SB 17 Filings - DMHC","N/A","3.9","130,791","2021"
"WNHA-133001480","Western Health Advantage",2021,"Annual/Aggregate Filing","Completed","Small Group","Small Group Annual Aggregate Rate","0","","","01/01/2021"
"SHHP-132985500","Sharp Health Plan",2021,"Annual/Aggregate Filing","Completed","Individual","Individual Annual Aggregate Rate Filing - CY2021","0","","","01/01/2021"
"SHHP-132985481","Sharp Health Plan",2021,"Annual/Aggregate Filing","Completed","Small Group","Small Group Annual Aggregate Rate Filing - CY2021","0","","","01/01/2021"
"SHHP-133002322","Sharp Health Plan",2021,"Annual/Aggregate Filing","Completed","Large Group","2021 LG SB 546","N/A","2.5","58,243","2021"
"WNHA-133000577","Western Health Advantage",2021,"Annual/Aggregate Filing","Completed","Large Group","Large Group Aggregate Rate","N/A","1.97","60,984","2021"
"HNLH-132961298","Health Net of California, Inc.",2021,"Annual/Aggregate Filing","Completed","Large Group","Large Group Annual Aggregate & SB 17","N/A","6.6","275,551","2021"
"HNLH-132985482","Health Net of California, Inc.",2021,"Annual/Aggregate Filing","Completed","Small Group","Small Group Market-Annual Aggregate","0","","","01/01/2021"
"HNLH-132985479","Health Net of California, Inc.",2021,"Annual/Aggregate Filing","Completed","Individual","Individual Market-Annual Aggregate","0","","","01/01/2021"
"WNHA-133001754","Western Health Advantage",2021,"Annual/Aggregate Filing","Completed","Individual","Individual Annual Aggregate Rate ","-2.85","","","01/01/2021"
"MLSD-132998970","County of Ventura",2021,"Annual/Aggregate Filing","Completed","Large Group","VCHCP - Aggregate Rate and Prescription Drug Cost Data for Large Group Market","N/A","12.0","11,442","2021"
"SCRP-133003238","Scripps Health Plan Services, Inc.",2021,"Annual/Aggregate Filing","Completed","Large Group","Scripps Health Plan HMO","N/A","0.81","15,598","2021"
"OHIN-133002068","Oscar Health Plan of California",2021,"Annual/Aggregate Filing","Completed","Small Group","Oscar SG Annual Aggregate Rate Data Report 2021","0","","","01/01/2021"
"OHIN-133001957","Oscar Health Plan of California",2021,"Annual/Aggregate Filing","Completed","Individual","Oscar Ind Annual Aggregate Rate Data Report 2021","0","","","01/01/2021"
"AWLP-133003100","Blue Cross of California",2021,"Annual/Aggregate Filing","Completed","Small Group","Annual Aggregate Rate Data Form","0","","","01/01/2021"
"AWLP-133002258","Blue Cross of California",2021,"Annual/Aggregate Filing","Completed","Individual","Annual Aggregate Rate Data Form","0","","","01/01/2021"
"CCGH-132978035","Cigna HealthCare of California, Inc.",2021,"Annual/Aggregate Filing","Completed","Large Group","Large Group Annual Aggregate Rate Data Report - DMHC","N/A","3.0","77,479","2021"
"KHPI-133003447","Kaiser Foundation Health Plan, Inc.",2021,"Annual/Aggregate Filing","Completed","Large Group","2021 KFHP California Large Group Annual Aggregate Rate Data Report","N/A","4.2","5,232,593","2021"
"KHPI-132997959","Kaiser Foundation Health Plan, Inc.",2021,"Annual/Aggregate Filing","Completed","Small Group","Small Group Annual Aggregate Rate Filing","0","","","01/01/2021"
"KHPI-132997953","Kaiser Foundation Health Plan, Inc.",2021,"Annual/Aggregate Filing","Completed","Individual","Individual Annual Aggregate Rate Filing","0","","","01/01/2021"
"AAJP-133003881","Alameda Alliance For Health",2021,"Annual/Aggregate Filing","Completed","Large Group","Alameda Alliance for Health","N/A","0","5,948","2021"
"SSHP-133003846","MemorialCare Select Health Plan",2021,"Annual/Aggregate Filing","Completed","Large Group","SB17 Rx filing","N/A","0","216","2021"
"UHLC-133000343","UnitedHealthcare Benefits Plan of California",2021,"Annual/Aggregate Filing","Completed","Large Group","SB 546 - Large Group Annual Aggregate Rate Data Report","N/A","8.6","191,346","2021"
"UHLC-133000463","UnitedHealthcare Benefits Plan of California",2021,"Annual/Aggregate Filing","Completed","Small Group","AB 2118 Small Group Annual Aggregate Rate Info","0","","","01/01/2021"
"LACH-133003210","Local Initiative Health Authority for Los Angeles County",2021,"Annual/Aggregate Filing","Completed","Individual","LA Care Covered","0","","","01/01/2021"
"UHLC-133000326","UHC of California",2021,"Annual/Aggregate Filing","Completed","Large Group","SB 546 - Large Group Annual Aggregate Rate Data Report","N/A","5.4","185,580","2021"
"SCCO-132983680","Santa Clara County",2021,"Annual/Aggregate Filing","Completed","Large Group","VHP Commercial Large Group","N/A","0.0","23,942","2021"
"UHLC-133000433","UHC of California",2021,"Annual/Aggregate Filing","Completed","Small Group","AB 2118 Small Group Annual Aggregate Rate Info","0","","","01/01/2021"
"LACH-133001516","Local Initiative Health Authority for Los Angeles County",2021,"Annual/Aggregate Filing","Completed","Large Group","PASC SEIU Homecare Workers Health Care Plan for In-Home Support Service Workers","N/A","0","51,812","2021"
"SUTT-133002117","Sutter Health Plan",2021,"Annual/Aggregate Filing","Completed","Large Group","LG_2021","N/A","2.03","59,093","2021"
"MHCA-133003680","Molina Healthcare of California",2021,"Annual/Aggregate Filing","Completed","Individual","Individual Annual Aggregate Rate Filing","0","","","01/01/2021"
"SUTT-133003948","Sutter Health Plan",2021,"Annual/Aggregate Filing","Completed","Small Group","Small_Group_2021_Annual_Aggregate_Rate_Filing","3.95","","","01/01/2021"
"SUTT-133003968","Sutter Health Plan",2021,"Annual/Aggregate Filing","Completed","Individual","Individual_2021_Annual_Aggregate_Rate_Filing","3.03","","","01/01/2021"
"SCCO-132983754","Santa Clara County",2021,"Annual/Aggregate Filing","Completed","Individual","VHP Individual","5.87","","","01/01/2021"
"AWLP-133002248","Blue Cross of California",2021,"Annual/Aggregate Filing","Completed","Large Group","DMHC Large Group Annual Aggregate Rate Data for 2021 Renewal","N/A","3.3","1,096,492","2021"
"MLSD-132999869","County of Ventura",2021,"Annual/Aggregate Filing","Completed","Small Group","VCHCP Small Group Annual Aggregate Rate Workbook","4.26","","","01/01/2021"
"AETN-133004071","Aetna Health of California Inc.",2021,"Annual/Aggregate Filing","Completed","Small Group","2021 AB 2118 Annual Report - DMHC","0","","","01/01/2021"
"CCHP-133003465","Chinese Community Health Plan",2021,"Annual/Aggregate Filing","Completed","Large Group","CCHP 2021 Aggregate Rate Filing for Large Group","N/A","11.5","1,933","2021"
"MLSD-132998929","Community Care Health Plan, Inc.",2021,"Annual/Aggregate Filing","Completed","Small Group","Community Care Health Plan Small Group Off-Exchange","4","","","01/01/2021"
"MLSD-132998926","Community Care Health Plan, Inc.",2021,"Annual/Aggregate Filing","Completed","Large Group","Community Care Health Plan - Aggregate Rate and Prescription Drug Cost Data for Large Group Market","N/A","2.1","11,357","2021"
"SSHP-133003936","MemorialCare Select Health Plan",2021,"Rate Filing","Completed","Large Group","SELECT","","","","01/01/2022"
"SCCO-133002237","Santa Clara County",2021,"Annual/Aggregate Filing","Completed","Small Group","Small Group Grandfathered","5.94","","","01/01/2021"
"CCHP-133005630","Chinese Community Health Plan",2021,"Annual/Aggregate Filing","Completed","Individual","CCHP 2021 Aggregate Rate Filing for Individual and Family Plans","0","","","01/01/2021"
"CCHP-133005611","Chinese Community Health Plan",2021,"Annual/Aggregate Filing","Completed","Small Group","CCHP 2021 Aggregate Rate Filing for Small Group","0","","","01/01/2021"
"HPSM-133010122","San Mateo Health Commission",2021,"Annual/Aggregate Filing","Completed","Large Group","HealthWorx","N/A","5","1,127","2021"
"HPSM-132964110","San Mateo Health Commission",2021,"Rate Filing","Completed","Large Group","HealthWorx","","","","01/01/2022"
"CCOH-133025862","Contra Costa County Medical Services",2021,"Annual/Aggregate Filing","Completed","Large Group","Large Group","N/A","5.4","7,777","2021"
"HNLH-132961244","Health Net of California, Inc.",2021,"Rate Filing","Completed","Large Group","AB 731 Community Lg Grp Methodology","","","","01/01/2022"
"20214045","Santa Cruz-Monterey-Merced-San Benito-Mariposa Managed Medical Care Commission",2021,"Annual/Aggregate Filing","Completed","Large Group","SB 546/SB 17 Large Group Annual Aggregate Rate Data Report","N/A","14","570","2021"
"20213785","Santa Cruz-Monterey-Merced-San Benito-Mariposa Managed Medical Care Commission",2021,"Rate Filing","Completed","Large Group","AB 731 Large Group Filing","","","","01/01/2022"
"CCGP-133037803","Cigna HealthCare of California, Inc.",2021,"Rate Filing","Completed","Large Group","HMO ","","","","01/01/2022"
"UHLC-133043326","UnitedHealthcare Benefits Plan of California",2021,"Rate Filing","Completed","Small Group","UHG CA INS 202204 UHCBP","2.4","2.4","113,227","04/01/2022"
"UHLC-133043327","UHC of California",2021,"Rate Filing","Completed","Small Group","UHG CA HMO 202204","-0.2","-0.2","66,129","04/01/2022"
"BCCA-133067798","California Physicians' Service",2021,"Rate Filing","Completed","Small Group","Small Group Plans, Q2, 2022","4.8","4.8","70,607","04/01/2022"
"AWLP-133065672","Blue Cross of California",2021,"Rate Filing","Completed","Small Group","DMHC Small Group Off Exchange 2Q22","3.9","3.9","58,075","04/01/2022"
"SHHP-133054085","Sharp Health Plan",2021,"Rate Filing","Completed","Small Group","Q22022 SG NGF Rates","-2.2","-2.2","25,037 ","04/01/2022"
"AETN-133059372","Aetna Health of California Inc.",2021,"Rate Filing","Completed","Small Group","CA SG 2Q22 AHI","-1","-1","17,713","04/01/2022"
"HNLH-133068752","Health Net of California, Inc.",2021,"Rate Filing","Completed","Small Group","SBG Rates 2022 Q2","2.4","2.4","72,062","04/01/2022"
"HNLH-132271860","Health Net of California, Inc.",2020,"Rate Filing","Completed","Small Group","SBG HMO/HSP Plans 2020 Q3 ACA","4.5","4.5","67,863","07/01/2020"
"SHHP-132277516","Sharp Health Plan",2020,"Rate Filing","Completed","Small Group","Q32020 SG NGF Rates","-4.0","-4.0","27,144","07/01/2020"
"AWLP-132275735","Blue Cross of California",2020,"Rate Filing","Completed","Small Group","DMHC Small Group Off Exchange 3Q20","3.9","3.9","61,162","07/01/2020"
"UHLC-132262863","UnitedHealthcare Benefits Plan of California",2020,"Rate Filing","Completed","Small Group","UHG CA INS 202007 UHCBP","3.6","3.6","112,480","07/01/2020"
"BCCA-132268312","California Physicians' Service",2020,"Rate Filing","Completed","Small Group","Small Group Plans, Q3, 2020","3.6","3.6","123,173","07/01/2020"
"KHPI-132268261","Kaiser Foundation Health Plan, Inc.",2020,"Rate Filing","Completed","Small Group","KFHP Non-Grandfathered Small Group HMO Plan Rates, July 2020","3.4","3.4","401,369","07/01/2020"
"HNLH-132244208","Health Net of California, Inc.",2020,"Annual/Aggregate Filing","Completed","Small Group","Individual/Small Group Plans","N/A","N/A","N/A","2019"
"AWLP-132263195","Blue Cross of California",2020,"Annual/Aggregate Filing","Completed","Individual","Annual Aggregate Rate Data Form","N/A","N/A","N/A","2019"
"AETN-132247268","Aetna Health of California Inc.",2020,"Annual/Aggregate Filing","Completed","Small Group","2019 Annual Aggregate Rate Data Report - DMHC","N/A","N/A","N/A","2019"
"CCHP-132254710","Chinese Community Health Plan",2020,"Annual/Aggregate Filing","Completed","Small Group","CCHP 2020 Aggregate Rate Filings for Small Group Plans ","N/A","N/A","N/A","2019"
"LACH-132290418","Local Initiative Health Authority for Los Angeles County",2020,"Annual/Aggregate Filing","Completed","Individual","LA Care Covered","N/A","N/A","N/A","2019"
"MHCA-132249047","Molina Healthcare of California",2020,"Annual/Aggregate Filing","Completed","Individual","Molina Marketplace 2019","N/A","N/A","N/A","2019"
"MEHP-132256044","Medi-Excel, S.A. de C.V.",2020,"Annual/Aggregate Filing","Completed","Small Group","MediExcel Health Plan","N/A","N/A","N/A","2019"
"SCCO-132242037","Santa Clara County",2020,"Annual/Aggregate Filing","Completed","Small Group","Small Group","N/A","N/A","N/A","2019"
"UHLC-132277402","UHC of California",2020,"Annual/Aggregate Filing","Completed","Small Group","CA 2019 Annual Aggregate Rate Data Report UHC","N/A","N/A","N/A","2019"
"BCCA-132252974","California Physicians' Service",2020,"Annual/Aggregate Filing","Completed","Individual","Annual Aggregate Rate Data Report, 2019","N/A","N/A","N/A","2019"
"OHIN-132264126","Oscar Health Plan of California",2020,"Annual/Aggregate Filing","Completed","Individual","Oscar CA Annual Aggregate Rate Data Report 2019","N/A","N/A","N/A","2019"
"UHLC-132277427","UnitedHealthcare Benefits Plan of California",2020,"Annual/Aggregate Filing","Completed","Small Group","CA 2019 Annual Aggregate Rate Data Report BPCA","N/A","N/A","N/A","2019"
"SHHP-132274405","Sharp Health Plan",2020,"Annual/Aggregate Filing","Completed","Small Group","Annual Aggregate Rate Data Report","N/A","N/A","N/A","2019"
"KHPI-132230981","Kaiser Foundation Health Plan, Inc.",2020,"Annual/Aggregate Filing","Completed","Small Group","2019 CA Annual Aggregate Rate Data Report","N/A","N/A","N/A","2019"
"WNHA-132254269","Western Health Advantage",2020,"Annual/Aggregate Filing","Completed","Small Group","2020 Annual Aggregate Rate Filing","N/A","N/A","N/A","2019"
"MLSD-132258234","County of Ventura",2020,"Annual/Aggregate Filing","Completed","Small Group","VCHCP Aggregate Rate Filing Data Report","N/A","N/A","N/A","2019"
"MLSD-132285236","Sistemas Medicos Nacionales, S.A.de C.V.",2020,"Annual/Aggregate Filing","Completed","Small Group","SIMNSA Aggregate Rate Filing Data Report","N/A","N/A","N/A","2019"
"SUTT-132267381","Sutter Health Plan",2020,"Annual/Aggregate Filing","Completed","Small Group","2019_IFP_SG_Annual_Data","N/A","N/A","N/A","2019"
"MLSD-132287272","Community Care Health Plan, Inc.",2020,"Annual/Aggregate Filing","Completed","Small Group","Community Care Health Plan Small Group Off-Exchange","N/A","N/A","N/A","2019"
"AETN-132370876","Aetna Health of California Inc.",2020,"Rate Filing","Completed","Small Group","CA SG 4Q20 AHI","5.9","5.9","19,332","10/01/2020"
"HNLH-132404431","Health Net of California, Inc.",2020,"Rate Filing","Completed","Small Group","SBG HMO/HSP Plans 2020 Q4 ACA","2.3","2.3","68,136","10/01/2020"
"UHLC-132393732","UHC of California",2020,"Rate Filing","Completed","Small Group","UHG CA HMO 202010","3.7","3.7","71,337","10/01/2020"
"HNLH-132404611","Health Net of California, Inc.",2020,"Rate Filing","Completed","Small Group","SBG HMO Plans 2020 Q4 GF","3.5","3.5","16,640","10/01/2020"
"OHIN-132393490","Oscar Health Plan of California",2020,"Rate Filing","Completed","Small Group","Oscar CASG 4Q2020 Rates","8.5","8.5","3,396","10/01/2020"
"AWLP-132399679","Blue Cross of California",2020,"Rate Filing","Completed","Small Group","DMHC Small Group Off Exchange 4Q20","2.94","2.94","167,988","10/01/2020"
"UHLC-132381033","UnitedHealthcare Benefits Plan of California",2020,"Rate Filing","Completed","Small Group","UHG CA INS 202010 UHCBP","4.7","4.7","113,281","10/01/2020"
"BCCA-132390132","California Physicians' Service",2020,"Rate Filing","Completed","Small Group","Small Group Plans, Q4, 2020","0.6","0.6","221,177","10/01/2020"
"WNHA-132394467","Western Health Advantage",2020,"Rate Filing","Completed","Small Group","Small Group Q4 2020","-1.5","-1.5","29,702","10/01/2020"
"SHHP-132390030","Sharp Health Plan",2020,"Rate Filing","Completed","Small Group","Q42020 SG GF Rates","2.8","2.8","1,014","10/01/2020"
"SHHP-132389568","Sharp Health Plan",2020,"Rate Filing","Completed","Small Group","Q42020 SG NGF Rates","2.9","2.9","28,003","10/01/2020"
"SHHP-132457309","Sharp Health Plan",2020,"Rate Filing","Completed","Individual","CY2021 Individual Product Rates","-0.2","-0.2","30,044","01/01/2021"
"SHHP-132457304","Sharp Health Plan",2020,"Rate Filing","Completed","Small Group","Q12021 SG NGF Rates","3.9","3.9","27,476","01/01/2021"
"AETN-132463429","Aetna Health of California Inc.",2020,"Rate Filing","Completed","Small Group","CA SG 1Q21 AHI","3.6","3.6","19,356","01/01/2021"
"KHPI-132466617","Kaiser Foundation Health Plan, Inc.",2020,"Rate Filing","Completed","Individual","KFHP Non-Grandfathered Individual HMO Plan Rates, January 2021","0.9","0.9","658,475","01/01/2021"
"KHPI-132466681","Kaiser Foundation Health Plan, Inc.",2020,"Rate Filing","Completed","Small Group","KFHP Non-Grandfathered Small Group HMO Plan Rates, January 2021","3.2","3.2","691,384","01/01/2021"
"WNHA-132468252","Western Health Advantage",2020,"Rate Filing","Completed","Small Group","Small Group Q1 2021","-4","-4","29,286","01/01/2021"
"MLSD-132464925","County of Ventura",2020,"Rate Filing","Completed","Small Group","Ventura County Small Group Off-Exchange","4.26","4.26","492","01/01/2021"
"WNHA-132467799","Western Health Advantage",2020,"Rate Filing","Completed","Individual","Individual Q1 2021","-2.85","-2.85","11,917","01/01/2021"
"MLSD-132466078","Community Care Health Plan, Inc.",2020,"Rate Filing","Completed","Small Group","Community Care Health Plan Small Group Off-Exchange","4","4","83","01/01/2021"
"CCHP-132466859","Chinese Community Health Plan",2020,"Rate Filing","Completed","Individual","CCHP 2021 Rate Filings for Individual & Family Plans","-1.1","-1.1","16,481","01/01/2021"
"CCHP-132468498","Chinese Community Health Plan",2020,"Rate Filing","Completed","Small Group"," CCHP 2021 Rate Filings for Small Group ","-3.8","-3.8","1,775","01/01/2021"
"SCCO-132467661","Santa Clara County",2020,"Rate Filing","Completed","Individual","California Health Benefit Exchange Individual Plan","8.77","8.77","24,226","01/01/2021"
"BCCA-132467962","California Physicians' Service",2020,"Rate Filing","Completed","Individual","IFP NGF Rate Filing 2021","-2.4","-2.4","714,484 ","01/01/2021"
"MHCA-132466615","Molina Healthcare of California",2020,"Rate Filing","Completed","Individual","Molina Marketplace 2021","-3.9","-3.9","46,260","01/01/2021"
"LACH-132454244","Local Initiative Health Authority for Los Angeles County",2020,"Rate Filing","Completed","Individual","L.A. Care Covered","-4.6","-4.6","74,800","01/01/2021"
"SUTT-132466738","Sutter Health Plan",2020,"Rate Filing","Completed","Individual","IFP_2021","3.5","3.5","3,738","01/01/2021"
"AWLP-132462047","Blue Cross of California",2020,"Rate Filing","Completed","Individual","DMHC Individual On and Off Exchange","5.9","5.9","102,406","01/01/2021"
"BCCA-132460448","California Physicians' Service",2020,"Rate Filing","Completed","Small Group","Small Group Plans, Q1, 2021","-0.3","-0.3","143,425","01/01/2021"
"MEHP-132464164","Medi-Excel, S.A. de C.V.",2020,"Rate Filing","Completed","Small Group","MediExcel Health Plan","1.47","1.47","6,891","01/01/2021"
"AWLP-132464117","Blue Cross of California",2020,"Rate Filing","Completed","Small Group","DMHC Small Group Off Exchange 1Q21","-0.2","-0.2","114,970","01/01/2021"
"UHLC-132453152","UnitedHealthcare Benefits Plan of California",2020,"Rate Filing","Completed","Small Group","UHG CA INS 202101 UHCBP","2.8","2.8","113,283","01/01/2021"
"HNLH-132466199","Health Net of California, Inc.",2020,"Rate Filing","Completed","Small Group","2021 Q1 Rates Small Group ACA Compliant (NG) Plans","0","0","67,429","01/01/2021"
"HNLH-132466047","Health Net of California, Inc.",2020,"Rate Filing","Completed","Individual","2021 IEX-IFP Market Premium Rates","2.8","2.8","205,779","01/01/2021"
"UHLC-132464132","UHC of California",2020,"Rate Filing","Completed","Small Group","UHG CA HMO 202101","0.5","0.5","71,338","01/01/2021"
"OHIN-132368068","Oscar Health Plan of California",2020,"Rate Filing","Completed","Individual","Oscar 2021 Individual Rates","6.7","6.7","101,019","01/01/2021"
"OHIN-132466135","Oscar Health Plan of California",2020,"Rate Filing","Completed","Small Group","Oscar CASG 1Q2021 Rates","3.7","3.7","1,020","01/01/2021"
"SUTT-132466728","Sutter Health Plan",2020,"Rate Filing","Completed","Small Group","SG_2021","3.53","3.53","33,885","01/01/2021"
"BCCA-132515663","California Physicians' Service",2020,"Rate Filing","Completed","Large Group","Large Group Plans","","","","01/01/2021"
"MLSD-132514039","Community Care Health Plan, Inc.",2020,"Rate Filing","Completed","Large Group","Community Care Health Plan - Large Group Methodology Annual Filing","","","","01/01/2021"
"AWLP-132512690","Blue Cross of California",2020,"Rate Filing","Completed","Large Group","DMHC Large Group Methodology Annual Filing for 2021 Renewal, Experience Rated","","","","01/01/2021"
"AWLP-132512691","Blue Cross of California",2020,"Rate Filing","Completed","Large Group","DMHC Large Group Methodology Annual Filing for 2021 Renewal, Manually Rated","","","","01/01/2021"
"KHPI-132515492","Kaiser Foundation Health Plan, Inc.",2020,"Rate Filing","Completed","Large Group","Large Group Methodology Annual Filing-Community","","","","01/01/2021"
"KHPI-132515536","Kaiser Foundation Health Plan, Inc.",2020,"Rate Filing","Completed","Large Group","Large Group Methodology Annual Filing-Blended or 100% Experience","","","","01/01/2021"
"CCOH-132517872","Contra Costa County Medical Services",2020,"Rate Filing","Completed","Large Group","AB 731 large group","","","","01/01/2021"
"CCGP-132517352","Cigna HealthCare of California, Inc.",2020,"Rate Filing","Completed","Large Group","HMO ","","","","01/01/2021"
"AAJP-132517076","Alameda Alliance For Health",2020,"Rate Filing","Completed","Large Group","Alameda Alliance JPA AB731 Filing for 2020","","","","01/01/2021"
"HNLH-132515254","Health Net of California, Inc.",2020,"Rate Filing","Completed","Large Group","Large Group HMO Product","","","","01/01/2021"
"AETN-132512599","Aetna Health of California Inc.",2020,"Rate Filing","Completed","Large Group","2020-09 AB731 Manual Rating Filing - DMHC","","","","01/01/2021"
"AETN-132515815","Aetna Health of California Inc.",2020,"Rate Filing","Completed","Large Group","2020-09 AB731 Experience Rating Filing - DMHC","","","","01/01/2021"
"SFHP-132515997","San Francisco Community Health Authority",2020,"Rate Filing","Completed","Large Group","Healthy Workers","","","","01/01/2021"
"SCRP-132517921","Scripps Health Plan Services, Inc.",2020,"Rate Filing","Completed","Large Group","Scripps Health Plan","","","","01/01/2021"
"LACH-132517925","Local Initiative Health Authority for Los Angeles County",2020,"Rate Filing","Completed","Large Group","PASC-SEIU Home Care Workers Health Care Plan for In-Home Support Service Workers","","","","01/01/2021"
"SCCO-132508417","Santa Clara County",2020,"Rate Filing","Completed","Large Group","Large Group - HMO","","","","01/01/2021"
"UHLC-132511756","UHC of California",2020,"Rate Filing","Completed","Large Group","UHG CA HMO LG 202101 EXPERIENCE RATED","","","","01/01/2021"
"UHLC-132517902","UHC of California",2020,"Rate Filing","Completed","Large Group","UHG CA HMO LG 202101 COMMUNITY RATED","","","","01/01/2021"
"SUTT-132515970","Sutter Health Plan",2020,"Rate Filing","Completed","Large Group","LG_Initial_Rate_Filing","","","","01/01/2021"
"UHLC-132512427","UnitedHealthcare Benefits Plan of California",2020,"Rate Filing","Completed","Large Group","UHG CA INS LG 202101 UHCBP Community Rated","","","","01/01/2021"
"UHLC-132512353","UnitedHealthcare Benefits Plan of California",2020,"Rate Filing","Completed","Large Group","UHG CA INS LG 202101 UHCBP Experience Rated","","","","01/01/2021"
"SHHP-132514819","Sharp Health Plan",2020,"Rate Filing","Completed","Large Group","2021 LG Rates AB 731","","","","01/01/2021"
"WNHA-132513352","Western Health Advantage",2020,"Rate Filing","Completed","Large Group","Large Group Methodology Filing Change","","","","01/01/2021"
"MLSD-132497122","County of Ventura",2020,"Rate Filing","Completed","Large Group","VCHCP - Large Group Methodology Annual Filing","","","","01/01/2021"
"CCHP-132520836","Chinese Community Health Plan",2020,"Rate Filing","Completed","Large Group","CCHP 2021 Rate Filing for Large Group","","","","01/01/2021"
"KHPI-132513752","Kaiser Foundation Health Plan, Inc.",2020,"Rate Filing","Completed","Small Group","KFHP Grandfathered Small Group HMO Rates Jan 2021","4","4","165,633","01/01/2021"
"KHPI-132513747","Kaiser Foundation Health Plan, Inc.",2020,"Rate Filing","Completed","Individual","KFHP Grandfathered Individual Plan HMO Rates Jan 2021","4","4","47,129","01/01/2021"
"SCCO-132515396","Santa Clara County",2020,"Rate Filing","Completed","Small Group","Small Group Rate Filing","0","0","18","01/01/2021"
"HPSM-132551128","San Mateo Health Commission",2020,"Rate Filing","Completed","Large Group","HealthWorx","","","","01/01/2021"
"SSHP-132562247","MemorialCare Select Health Plan",2020,"Rate Filing","Completed","Large Group","HMO SELECT","","","","01/01/2021"
"CCHP-132552068","Chinese Community Health Plan",2020,"Annual/Aggregate Filing","Completed","Large Group","CCHP 2020 Aggregate Rate Filing for Large Group","N/A","6.2","2265","2020"
"MLSD-132552773","Community Care Health Plan, Inc.",2020,"Annual/Aggregate Filing","Completed","Large Group","Community Care Health Plan - Aggregate Rate and Prescription Drug Cost Data for Large Group Market","N/A","2.5","11230","2020"
"AWLP-132551159","Blue Cross of California",2020,"Annual/Aggregate Filing","Completed","Large Group","DMHC Large Group Annual Aggregate Rate Data for 2020 Renewal","N/A","4.5","1082720","2020"
"KHPI-132549370","Kaiser Foundation Health Plan, Inc.",2020,"Annual/Aggregate Filing","Completed","Large Group","2020 KFHP California Large Group Annual Aggregate Rate Data Report","N/A","3.7","5257666","2020"
"SCCO-132546695","Santa Clara County",2020,"Annual/Aggregate Filing","Completed","Large Group","VHP Commercial Large Group","N/A","2.9","23663","2020"
"CCGH-132525333","Cigna HealthCare of California, Inc.",2020,"Annual/Aggregate Filing","Completed","Large Group","Large Group Annual Aggregate Rate Data Report - DMHC","N/A","3.9","104553","2020"
"SUTT-132552936","Sutter Health Plan",2020,"Annual/Aggregate Filing","Completed","Large Group","LG_2020","N/A","3.15","N/A","2020"
"WNHA-132545717","Western Health Advantage",2020,"Annual/Aggregate Filing","Completed","Large Group","Large Group Aggregate Rate","N/A","4.81","65852","2020"
"HNLH-132548786","Health Net of California, Inc.",2020,"Annual/Aggregate Filing","Completed","Large Group","Large Group HMO & POS Commercial Product","N/A","4.0","291017","2020"
"AAJP-132551134","Alameda Alliance For Health",2020,"Annual/Aggregate Filing","Completed","Large Group","Alameda Alliance for Health Joint Powers Authority","N/A","0","6437","2020"
"SHHP-132550909","Sharp Health Plan",2020,"Annual/Aggregate Filing","Completed","Large Group","2020 Large Groups","N/A","0.9","65689","2020"
"AETN-132551153","Aetna Health of California Inc.",2020,"Annual/Aggregate Filing","Completed","Large Group","202010 SB 546 and SB 17 Filings - DMHC","N/A","6.3","135236","2020"
"HPSM-132523656","San Mateo Health Commission",2020,"Annual/Aggregate Filing","Completed","Large Group","HealthWorx","N/A","30","1139","2020"
"MLSD-132552931","County of Ventura",2020,"Annual/Aggregate Filing","Completed","Large Group","VCHCP - Aggregate Rate and Prescription Drug Cost Data for Large Group Market","N/A","6.0","12,080","2020"
"SFHP-132546764","San Francisco Community Health Authority",2020,"Annual/Aggregate Filing","Completed","Large Group","Healthy Workers - HMO","N/A","0","12477","2020"
"SCRP-132553428","Scripps Health Plan Services, Inc.",2020,"Annual/Aggregate Filing","Completed","Large Group","Scripps Health Plan HMO","N/A","2.86","14696","2020"
"LACH-132547438","Local Initiative Health Authority for Los Angeles County",2020,"Annual/Aggregate Filing","Completed","Large Group","PASC SEIU Homecare Workers Health Care Plan for In-Home Support Service Workers","N/A","0","51143","2020"
"CCOH-132560960","Contra Costa County Medical Services",2020,"Annual/Aggregate Filing","Completed","Large Group","Large Group","N/A","9.8","8033","2020"
"UHLC-132552423","UHC of California",2020,"Annual/Aggregate Filing","Completed","Large Group","SB 546 - Large Group Annual Aggregate Rate Data Report","N/A","10.3","224266","2020"
"UHLC-132550994","UHC of California",2020,"Annual/Aggregate Filing","Completed","Large Group","SB 546 - Large Group Annual Aggregate Rate Data Report","N/A","5.8","210882","2020"
"SSHP-132549838","MemorialCare Select Health Plan",2020,"Annual/Aggregate Filing","Completed","Large Group","HMO","N/A","0","444","2020"
"BCCA-132549366","California Physicians' Service",2020,"Annual/Aggregate Filing","Completed","Large Group","Large Group Plans","N/A","6.1","540920","2020"
"20203619","Santa Cruz-Monterey-Merced-San Benito-Mariposa Managed Medical Care Commission",2020,"Annual/Aggregate Filing","Completed","Large Group","SB 546/SB 17 Large Group Annual Aggregate Rate Data Report","N/A","27.20","619","2020"
"20203267","Santa Cruz-Monterey-Merced-San Benito-Mariposa Managed Medical Care Commission",2020,"Rate Filing","Completed","Large Group","SB 546/SB 17 Large Group Annual Aggregate Rate Data Report","","","","01/01/2021"
"SCCO-132607596","Santa Clara County",2020,"Rate Filing","Completed","Large Group","Large Group - HMO","","","","01/01/2021"
"SUTT-132564330","Sutter Health Plan",2020,"Rate Filing","Completed","Large Group","LG_Initial_Rate_Filing_Community","","","","01/01/2021"
"CCHP-132582842","Chinese Community Health Plan",2020,"Rate Filing","Completed","Large Group","100% Community Rating Methodology","","","","01/01/2021"
"HNLH-132586698","Health Net of California, Inc.",2020,"Rate Filing","Completed","Large Group","Large Group HMO Product-Community Rated","","","","01/01/2021"
"BCCA-132582012","California Physicians' Service",2020,"Rate Filing","Completed","Large Group","Large Group Plans","","","","01/01/2021"
"CCGP-132606611","Cigna HealthCare of California, Inc.",2020,"Rate Filing","Completed","Large Group","HMO ","","","","01/01/2021"
"MLSD-132562229","Community Care Health Plan, Inc.",2020,"Rate Filing","Completed","Large Group","Community Care Health Plan - Large Group Methodology Annual Filing","","","","01/01/2021"
"SHHP-132561983","Sharp Health Plan",2020,"Rate Filing","Completed","Large Group","2021 LG Rates AB 731 - Community","","","","01/01/2021"
"AETN-132616843","Aetna Health of California Inc.",2020,"Rate Filing","Completed","Small Group","CA SG 2Q21 AHI","0.4","0.4","19,766","04/01/2021"
"BCCA-132607481","California Physicians' Service",2020,"Rate Filing","Completed","Small Group","Small Group Plans, Q2, 2021","0.7","0.7","62,371","04/01/2021"
"HNLH-132623721","Health Net of California, Inc.",2020,"Rate Filing","Completed","Small Group","2021 Q2 Rates Small Group ACA Compliant (NG) Plans","-1.8","-1.8","80,684","04/01/2021"
"SHHP-132611873","Sharp Health Plan",2020,"Rate Filing","Completed","Small Group","Q22021 SG NGF Rates","5.10","5.1","27,128","04/01/2021"
"UHLC-132620650","UnitedHealthcare Benefits Plan of California",2020,"Rate Filing","Completed","Small Group","UHG CA INS 202104 UHCBP","1.6","1.6","115,630","04/01/2021"
"UHLC-132607739","UHC of California",2020,"Rate Filing","Completed","Small Group","UHG CA HMO 202104","0.4","0.4","69,001","04/01/2021"
"WNHA-132627037","Western Health Advantage",2020,"Rate Filing","Completed","Small Group","Small Group Q2 2021","-4.00","-4.00","29,286","04/01/2021"
"BCCA-131811560","California Physicians' Service",2019,"Annual/Aggregate Filing","Completed","Individual","Annual Aggregate Rate Data Report, 2018","N/A","N/A","N/A","2018"
"HNLH-131784613","Health Net of California, Inc.",2019,"Annual/Aggregate Filing","Completed","Small Group","Individual/Family and Small Group","N/A","N/A","N/A","2018"
"CCHP-131821569","Chinese Community Health Plan",2019,"Annual/Aggregate Filing","Completed","Individual","CCHP 2019 Aggregate Rate Filings for Individual & Family Plans ","N/A","N/A","N/A","2018"
"CCHP-131821655","Chinese Community Health Plan",2019,"Annual/Aggregate Filing","Completed","Small Group","CCHP 2019 Aggregate Rate Filings for Small Group Plans ","N/A","N/A","N/A","2018"
"MEHP-131836828","Medi-Excel, S.A. de C.V.",2019,"Annual/Aggregate Filing","Completed","Small Group","MediExcel Health Plan","N/A","N/A","N/A","2018"
"MHCA-131820630","Molina Healthcare of California",2019,"Annual/Aggregate Filing","Completed","Individual","Molina Marketplace 2018","N/A","N/A","N/A","2018"
"SHHP-131819090","Sharp Health Plan",2019,"Annual/Aggregate Filing","Completed","Small Group","Annual Aggregate Rate Data Report","N/A","N/A","N/A","2018"
"KHPI-131801797","Kaiser Foundation Health Plan, Inc.",2019,"Annual/Aggregate Filing","Completed","Small Group","2018 CA Annual Aggregate Rate Data Report","N/A","N/A","N/A","2018"
"MLSD-131824413","Sistemas Medicos Nacionales, S.A.de C.V.",2019,"Annual/Aggregate Filing","Completed","Small Group","SIMNSA Aggregate Rate Filing Data Report","N/A","N/A","N/A","2018"
"UHLC-131848700","UHC of California",2019,"Annual/Aggregate Filing","Completed","Small Group","CA 2018 Annual Aggregate Rate Data Report","N/A","N/A","N/A","2018"
"SCCO-131806502","Santa Clara County",2019,"Annual/Aggregate Filing","Completed","Small Group","Small Group","N/A","N/A","N/A","2018"
"SUTT-131828591","Sutter Health Plan",2019,"Annual/Aggregate Filing","Completed","Small Group","2018_IFP_SG_Annual_Data","N/A","N/A","N/A","2018"
"SCCO-131806483","Santa Clara County",2019,"Annual/Aggregate Filing","Completed","Individual","Covered California IFP","N/A","N/A","N/A","2018"
"MLSD-131819200","County of Ventura",2019,"Annual/Aggregate Filing","Completed","Small Group","VCHCP Aggregate Rate Filing Data Report","N/A","N/A","N/A","2018"
"AETN-131835723","Aetna Health of California Inc.",2019,"Rate Filing","Completed","Small Group","CA SG 3Q19 AHI","-8.5","-8.5","21,841","07/01/2019"
"AWLP-131843263","Blue Cross of California",2019,"Rate Filing","Completed","Small Group","DMHC Small Group Off Exchange 3Q19","8.3","8.3","59,342","07/01/2019"
"BCCA-131824416","California Physicians' Service",2019,"Rate Filing","Completed","Small Group","Small Group Plans, Q3, 2019","6.2","6.2","137,995","07/01/2019"
"KHPI-131802536","Kaiser Foundation Health Plan, Inc.",2019,"Rate Filing","Completed","Small Group","KFHP Non-Grandfathered Small Group HMO Plan Rates, July 2019","4.7","4.7","423,509","07/01/2019"
"HNLH-131844934","Health Net of California, Inc.",2019,"Rate Filing","Completed","Small Group","Small Group ACA Compliant Plans Rates (NG)  2019 Q3","0.3","0.3","66,029","07/01/2019"
"HNLH-131841520","Health Net of California, Inc.",2019,"Rate Filing","Completed","Small Group","Small Group Grandfather Plans Rates (GF) 2019 Q3","6.2","6.2","19,647","07/01/2019"
"MEHP-131850435","Medi-Excel, S.A. de C.V.",2019,"Rate Filing","Withdrawn Prior to Determination","Small Group","MediExcel Health Plan","6.5","N/A","5,424","07/01/2019"
"OHIN-131845758","Oscar Health Plan of California",2019,"Rate Filing","Completed","Small Group","Oscar CASG 3Q2019 Rates","-3","-3","1,090","07/01/2019"
"SHHP-131834038","Sharp Health Plan",2019,"Rate Filing","Completed","Small Group","Q32019 SG NGF Rates","7.9","7.9","29,243","07/01/2019"
"UHLC-131847484","UHC of California",2019,"Rate Filing","Completed","Small Group","UHG CA HMO 201907","0.6","0.6","92,445","07/01/2019"
"OHIN-131863548","Oscar Health Plan of California",2019,"Annual/Aggregate Filing","Completed","Individual","Oscar CA Annual Aggregate Rate Data Report","N/A","N/A","N/A","2018"
"AETN-131863546","Aetna Health of California Inc.",2019,"Annual/Aggregate Filing","Completed","Small Group","2018 Annual Aggregate Rate Data Report - DMHC","N/A","N/A","N/A","2018"
"LACH-131881200","Local Initiative Health Authority for Los Angeles County",2019,"Annual/Aggregate Filing","Completed","Individual","L.A. Care Covered","N/A","N/A","N/A","2018"
"AWLP-131868687","Blue Cross of California",2019,"Annual/Aggregate Filing","Completed","Individual","Annual Aggregate Rate Data Form","N/A","N/A","N/A","2018"
"AETN-131923281","Aetna Health of California Inc.",2019,"Rate Filing","Completed","Small Group","CA SG 4Q19 AHI","-9.8","-9.8","25,502","10/01/2019"
"BCCA-131958655","California Physicians' Service",2019,"Rate Filing","Completed","Small Group","Small Group Plans, Q4, 2019","8.1","8.1","238,119","10/01/2019"
"AWLP-131961397","Blue Cross of California",2019,"Rate Filing","Not Unreasonable (Modified)","Small Group","DMHC Small Group Off Exchange 4Q19","11.3","10.0","177,385","10/01/2019"
"HNLH-131958705","Health Net of California, Inc.",2019,"Rate Filing","Not Unreasonable (Modified)","Small Group","Small Group ACA Compliant (NG)  2019 Q4","4.2","0.8","61,553","10/01/2019"
"OHIN-131951820","Oscar Health Plan of California",2019,"Rate Filing","Completed","Small Group","Oscar CASG 4Q2019 Rates","-3.88","-3.88","1,428","10/01/2019"
"SHHP-131953422","Sharp Health Plan",2019,"Rate Filing","Completed","Small Group","Q42019 SG GF Rates","7.7","7.7","1,039","10/01/2019"
"SHHP-131953407","Sharp Health Plan",2019,"Rate Filing","Completed","Small Group","Q42019 SG NGF Rates","-1.1","-1.1","28,567","10/01/2019"
"UHLC-131958474","UHC of California",2019,"Rate Filing","Completed","Small Group","UHG CA HMO 201910","0.1","0.1","88,232","10/01/2019"
"SUTT-131961686","Sutter Health Plan",2019,"Rate Filing","Completed","Small Group","2019Q4_SG","1.8","1.8","32,277","10/01/2019"
"HNLH-131994249","Health Net of California, Inc.",2019,"Rate Filing","Completed","Small Group","Small Group Grandfathered Plans Rates eff 11-01-19","10.6","10.6","19,112","11/01/2019"
"AWLP-131990132","Blue Cross of California",2019,"Rate Filing","Completed","Individual","DMHC Individual On and Off Exchange","-8","-8","76,561","01/01/2020"
"BCCA-131993234","California Physicians' Service",2019,"Rate Filing","Completed","Individual","IFP NGF Rate Filing 2020","3.6","3.6","787,091","01/01/2020"
"CCHP-131923951","Chinese Community Health Plan",2019,"Rate Filing","Not Unreasonable (Modified)","Individual","CCHP 2020 Rate Filings for Individual & Family Plans","19.6","16.5","12,029","01/01/2020"
"HNLH-132000543","Health Net of California, Inc.",2019,"Rate Filing","Completed","Individual","2020 IEX-IFP Market Premium Rates","-5.7","-5.7","155,383","01/01/2020"
"KHPI-131956654","Kaiser Foundation Health Plan, Inc.",2019,"Rate Filing","Completed","Individual","KFHP Non-Grandfathered Individual HMO Plan Rates, January 2020","0.7","0.7","566,530","01/01/2020"
"LACH-131928192","Local Initiative Health Authority for Los Angeles County",2019,"Rate Filing","Completed","Individual","L.A. Care Covered","1.9","1.9","84,581","01/01/2020"
"MHCA-131998477","Molina Healthcare of California",2019,"Rate Filing","Completed","Individual","Molina Marketplace 2020","1.5","1.5","54,867","01/01/2020"
"SHHP-132000171","Sharp Health Plan",2019,"Rate Filing","Completed","Individual","CY2020 Individual Product Rates","-6.7","-6.7","25,468","01/01/2020"
"OHIN-131997504","Oscar Health Plan of California",2019,"Rate Filing","Completed","Individual","Oscar 2020 Individual Rates","-9.9","-9.9","57,005","01/01/2020"
"SCCO-132003676","Santa Clara County",2019,"Rate Filing","Completed","Individual","California Health Benefit Exchange Individual Plan","0.55","0.55","17,492","01/01/2020"
"SUTT-132003646","Sutter Health Plan",2019,"Rate Filing","Completed","Individual","IFP_2020","4.9","4.9","3,488","01/01/2020"
"WNHA-132002779","Western Health Advantage",2019,"Rate Filing","Completed","Individual","Individual Q1 2020","2.4","2.4","10,384","01/01/2020"
"AETN-131923319","Aetna Health of California Inc.",2019,"Rate Filing","Completed","Small Group","CA SG 1Q20 AHI","-1","-1","21,616","01/01/2020"
"AWLP-132010033","Blue Cross of California",2019,"Rate Filing","Completed","Small Group","DMHC Small Group Off Exchange 1Q20","4","4","104,787","01/01/2020"
"BCCA-132013384","California Physicians' Service",2019,"Rate Filing","Completed","Small Group","Small Group Plans, Q1, 2020","7.8","7.8","139,615","01/01/2020"
"CCHP-132014294","Chinese Community Health Plan",2019,"Rate Filing","Completed","Small Group"," CCHP 2020 Rate Filings for Small Group ","16.7","16.7","1,775","01/01/2020"
"HNLH-132001116","Health Net of California, Inc.",2019,"Rate Filing","Completed","Small Group","2020 Q1 Rates Small Group ACA Compliant (NG) Plans","3.7","3.7","62,192","01/01/2020"
"KHPI-132011163","Kaiser Foundation Health Plan, Inc.",2019,"Rate Filing","Completed","Small Group","KFHP Non-Grandfathered Small Group HMO Plan Rates, January 2020","3.5","3.5","692,028","01/01/2020"
"MEHP-132012449","Medi-Excel, S.A. de C.V.",2019,"Rate Filing","Not Unreasonable (Modified)","Small Group","MediExcel Health Plan","6.51","4.7","5,637","01/01/2020"
"OHIN-132006766","Oscar Health Plan of California",2019,"Rate Filing","Completed","Small Group","Oscar CASG 1Q2020 Rates","6","6","1,390","01/01/2020"
"SHHP-132008518","Sharp Health Plan",2019,"Rate Filing","Completed","Small Group","Q12020 SG NGF Rates","-2.6","-2.6","28,098","01/01/2020"
"UHLC-132001535","UHC of California",2019,"Rate Filing","Completed","Small Group","UHG CA HMO 202001","1.9","1.9","88,232","01/01/2020"
"UHLC-132004814","UnitedHealthcare Benefits Plan of California",2019,"New Product Filing","Completed","Small Group","UHG CA INS 202001 UHCBP","N/A","N/A","114,297","01/01/2020"
"SUTT-132011474","Sutter Health Plan",2019,"Rate Filing","Completed","Small Group","2020Q1_SG","1.8","1.8","32,277","01/01/2020"
"MLSD-132002127","County of Ventura",2019,"Rate Filing","Completed","Small Group","Ventura County Small Group Off-Exchange","0","0","731","01/01/2020"
"WNHA-132014013","Western Health Advantage",2019,"Rate Filing","Completed","Small Group","Small Group Q1 2020","3.2","3.2","29,702","01/01/2020"
"MLSD-132044297","Sistemas Medicos Nacionales, S.A.de C.V.",2019,"Rate Filing","Completed","Small Group","SIMNSA Small Group Rate Filing","0","0","7,034","01/01/2020"
"BCCA-132068733","California Physicians' Service",2019,"Rate Filing","Completed","Individual","Shield Spectrum PPO 2000-G, Shield Savings PPO 2400-G","7.9","7.9","2,989","01/01/2020"
"MLSD-132069087","Community Care Health Plan, Inc.",2019,"New Product Filing","Completed","Small Group","Community Care Health Plan Small Group Off-Exchange","N/A","N/A","1,401","01/01/2020"
"HNLH-132062284","Health Net of California, Inc.",2019,"Rate Filing","Completed","Small Group","SBG Rates 2020 Q1 GF Plans","9.4","9.4","18,658","01/01/2020"
"KHPI-132058194","Kaiser Foundation Health Plan, Inc.",2019,"Rate Filing","Completed","Small Group","KFHP Grandfathered Small Group HMO Rates Jan 2020","4","4","344,705","01/01/2020"
"KHPI-132055479","Kaiser Foundation Health Plan, Inc.",2019,"Rate Filing","Not Unreasonable (Modified)","Individual","KFHP Grandfathered Individual Plan HMO Rates Jan 2020","4","3.9","53,601","01/01/2020"
"SCCO-132065816","Santa Clara County",2019,"Rate Filing","Completed","Small Group","Small Group Rate Filing","9.75","9.75","15","01/01/2020"
"AAJP-132099444","Alameda Alliance For Health",2019,"Annual/Aggregate Filing","Completed","Large Group","Alameda Alliance for Health Joint Powers Authority","N/A","0.00","5910","2019"
"AETN-132100361","Aetna Health of California Inc.",2019,"Annual/Aggregate Filing","Completed","Large Group","201910 SB 546 and SB 17 Filings - DMHC","N/A","6.20","127427","2019"
"HNLH-132101507","Health Net of California, Inc.",2019,"Annual/Aggregate Filing","Completed","Large Group","Large Group HMO & POS Commercial Product","N/A","3.60","288020","2019"
"KHPI-132100263","Kaiser Foundation Health Plan, Inc.",2019,"Annual/Aggregate Filing","Completed","Large Group","2019 KFHP California Large Group Annual Aggregate Rate Data Report","N/A","2.90","5186211","2019"
"MLSD-132100759","Community Care Health Plan, Inc.",2019,"Annual/Aggregate Filing","Completed","Large Group","Community Care Health Plan Large Group Rate Filing","N/A","2.40","10000","2019"
"AWLP-132099570","Blue Cross of California",2019,"Annual/Aggregate Filing","Completed","Large Group","DMHC Large Group Annual Aggregate Rate Data for 2019 Renewal","N/A","4.70","1009232","2019"
"CCGH-132088087","Cigna HealthCare of California, Inc.",2019,"Annual/Aggregate Filing","Completed","Large Group","Large Group Annual Aggregate Rate Data Report - DMHC","N/A","4.60","117158","2019"
"BCCA-132095949","California Physicians' Service",2019,"Annual/Aggregate Filing","Completed","Large Group","Large Group Plans","N/A","4.40","459799","2019"
"CCHP-132102595","Chinese Community Health Plan",2019,"Annual/Aggregate Filing","Completed","Large Group","CCHP 2019 Aggregate Rate Filings for Large Group","N/A","2.97","2478","2019"
"CCOH-132102580","Contra Costa County Medical Services",2019,"Annual/Aggregate Filing","Completed","Large Group","Large Group","N/A","9.00","8733","2019"
"LACH-132102502","Local Initiative Health Authority for Los Angeles County",2019,"Annual/Aggregate Filing","Completed","Large Group","PASC SEIU Homecare Workers Health Care Plan for In-Home Support Service Workers","N/A","0.00","50196","2019"
"HPSM-132100354","San Mateo Health Commission",2019,"Annual/Aggregate Filing","Completed","Large Group","HealthWorx","N/A","","1154","2019"
"SCRP-132107198","Scripps Health Plan Services, Inc.",2019,"Annual/Aggregate Filing","Completed","Large Group","Scripps Health Plan","N/A","-3.90","14022","2019"
"SFHP-132099997","San Francisco Community Health Authority",2019,"Annual/Aggregate Filing","Completed","Large Group","Healthy Workers HMO","N/A","0.00","11609","2019"
"MEHP-132100788","Medi-Excel, S.A. de C.V.",2019,"Annual/Aggregate Filing","Completed","Large Group","MediExcel Health Plan","N/A","2.49","5603","2019"
"SSHP-132110957","MemorialCare Select Health Plan",2019,"Annual/Aggregate Filing","Completed","Large Group","ANNUAL RATE FILING","N/A","0.00","227","2019"
"SHHP-132097768","Sharp Health Plan",2019,"Annual/Aggregate Filing","Completed","Large Group","2019 Large Groups","N/A","2.80","61094","2019"
"MLSD-132100757","Sistemas Medicos Nacionales, S.A.de C.V.",2019,"Annual/Aggregate Filing","Completed","Large Group","SIMNSA Large Group Rate Filing","N/A","4.10","38504","2019"
"SCCO-132102491","Santa Clara County",2019,"Annual/Aggregate Filing","Completed","Large Group","VHP Commercial Large Group","N/A","5.20","22841","2019"
"UHLC-132100729","UHC of California",2019,"Annual/Aggregate Filing","Completed","Large Group","SB 546 - Large Group Annual Aggregate Rate Data Report","N/A","7.20","264877","2019"
"MLSD-132100667","County of Ventura",2019,"Annual/Aggregate Filing","Completed","Large Group","Ventura Large Group Rate Filing","N/A","8.50","13350","2019"
"SUTT-132102657","Sutter Health Plan",2019,"Annual/Aggregate Filing","Completed","Large Group","LG_2019","N/A","4.02","51590","2019"
"WNHA-132099977","Western Health Advantage",2019,"Annual/Aggregate Filing","Completed","Large Group","Large Group Aggregate Rate","N/A","3.95","75861","2019"
"20193291","Santa Cruz-Monterey-Merced-San Benito-Mariposa Managed Medical Care Commission",2019,"Annual/Aggregate Filing","Completed","Large Group","SB 546/SB 17 Large Group Annual Aggregate Rate Data Report","N/A","0.00","568","2019"
"AWLP-132169150","Blue Cross of California",2019,"Rate Filing","Not Unreasonable (Modified)","Small Group","DMHC Small Group Off Exchange 2Q20","4.1","2.9","48,192","04/01/2020"
"AWLP-132161810","Blue Cross of California",2019,"Rate Filing","Not Unreasonable (Modified)","Individual","ABC Grandfathered Plans","9.6","8.8","18,016","04/01/2020"
"HNLH-132174355","Health Net of California, Inc.",2019,"Rate Filing","Not Unreasonable (Modified)","Small Group","2020 Q2 Rates SBG ACA (NG) Plans","5","3.9","63,421","04/01/2020"
"OHIN-132167503","Oscar Health Plan of California",2019,"Rate Filing","Completed","Small Group","Oscar CASG 2Q2020 Rates","6.8","6.8","2,277","04/01/2020"
"UHLC-132152429","UnitedHealthcare Benefits Plan of California",2019,"New Product Filing","Completed","Small Group","UHG CA INS 202004 UHCBP","2.9","2.9","112,619","04/01/2020"
"UHLC-132144718","UHC of California",2019,"Rate Filing","Completed","Small Group","UHG CA HMO 202004","5.3","5.3","78,362","04/01/2020"
"SHHP-132152758","Sharp Health Plan",2019,"Rate Filing","Completed","Small Group","Q22020 SG NGF Rates","-2.6","-2.6","27,397","04/01/2020"
"KHPI-131354785","Kaiser Foundation Health Plan, Inc.",2018,"Annual/Aggregate Filing","Completed","Small Group","2017 CA Annual Aggregate Rate Data Report","N/A","N/A","N/A","2017"
"HNLH-131367167","Health Net of California, Inc.",2018,"Annual/Aggregate Filing","Completed","Small Group","Individual/Family and Small Group","N/A","N/A","N/A","2017"
"MHCA-131375172","Molina Healthcare of California",2018,"Annual/Aggregate Filing","Completed","Individual","Molina Marketplace 2017","N/A","N/A","N/A","2017"
"SCCO-131365921","Santa Clara County",2018,"Annual/Aggregate Filing","Completed","Small Group","Small Group","N/A","N/A","N/A","2017"
"SHHP-131327224","Sharp Health Plan",2018,"Annual/Aggregate Filing","Completed","Small Group","Annual Aggregate Rate Data Report","N/A","N/A","N/A","2017"
"SUTT-131371985","Sutter Health Plan",2018,"Annual/Aggregate Filing","Completed","Small Group","2017_IFP_SG_Annual_Data","N/A","N/A","N/A","2017"
"MLSD-131379316","Sistemas Medicos Nacionales, S.A.de C.V.",2018,"Annual/Aggregate Filing","Completed","Small Group","SIMNSA Aggregate Rate Filing Data Report","N/A","N/A","N/A","2017"
"MLSD-131369959","County of Ventura",2018,"Annual/Aggregate Filing","Completed","Small Group","VCHCP Aggregate Rate Filing Data Report","N/A","N/A","N/A","2017"
"CCHP-131381593","Chinese Community Health Plan",2018,"Annual/Aggregate Filing","Completed","Individual","CCHP 2018 Aggregate Rate Filings for Individual & Family Plans","N/A","N/A","N/A","2017"
"CCHP-131381717","Chinese Community Health Plan",2018,"Annual/Aggregate Filing","Completed","Small Group"," CCHP 2018 Aggregate Rate Filings for Small Group Plans ","N/A","N/A","N/A","2017"
"SCCO-131365926","Santa Clara County",2018,"Annual/Aggregate Filing","Completed","Individual","Covered California IFP","N/A","N/A","N/A","2017"
"AWLP-131385502","Blue Cross of California",2018,"Annual/Aggregate Filing","Completed","Individual","Annual Aggregate Rate Data Form","N/A","N/A","N/A","2017"
"AETN-131393699","Aetna Health of California Inc.",2018,"Annual/Aggregate Filing","Completed","Small Group","2017 Annual Aggregate Rate Data Report - DMHC","N/A","N/A","N/A","2017"
"MEHP-131399720","Medi-Excel, S.A. de C.V.",2018,"Annual/Aggregate Filing","Completed","Small Group","MediExcel Health Plan","N/A","N/A","N/A","2017"
"WNHA-131403751","Western Health Advantage",2018,"Annual/Aggregate Filing","Completed","Small Group","2018 Annual Aggregate Rate Data Report","N/A","N/A","N/A","2017"
"OHIN-131405649","Oscar Health Plan of California",2018,"Annual/Aggregate Filing","Completed","Individual","Oscar CA Annual Aggregate Rate Data Report","N/A","N/A","N/A","2017"
"UHLC-131402879","UHC of California",2018,"Annual/Aggregate Filing","Completed","Small Group","CA 2017 Annual Aggregate Rate Data Report","N/A","N/A","N/A","2017"
"BCCA-131405584","California Physicians' Service",2018,"Annual/Aggregate Filing","Completed","Individual","Annual Aggregate Rate Data Report, 2017","N/A","N/A","N/A","2017"
"AWLP-131397553","Blue Cross of California",2018,"Rate Filing","Completed","Small Group","DMHC Small Group Off Exchange 3Q18","-1.00","-1.00","395,534","07/01/2018"
"HNLH-131402576","Health Net of California, Inc.",2018,"Rate Filing","Completed","Small Group","Small Group ACA Compliant (NG) Plans (2018 Q3)","-4.7","-4.7","71,433","07/01/2018"
"KHPI-131384804","Kaiser Foundation Health Plan, Inc.",2018,"Rate Filing","Completed","Small Group","KFHP Non-Grandfathered Small Group HMO Plan Rates, July 2018 ","7.9","7.9","426,165","07/01/2018"
"OHIN-131313112","Oscar Health Plan of California",2018,"Rate Filing","Completed","Small Group","Oscar CASG 3Q2018 Off Exchange Rates","1","1","88,458","07/01/2018"
"SHHP-131386703","Sharp Health Plan",2018,"Rate Filing","Completed","Small Group","Q32018 SG NGF Rates","1.7","1.7","30,445","07/01/2018"
"UHLC-131398990","UHC of California",2018,"Rate Filing","Completed","Small Group","UHG CA HMO 201807","5.7","5.7","83,299","07/01/2018"
"LACH-131420621","Local Initiative Health Authority for Los Angeles County",2018,"Annual/Aggregate Filing","Completed","Individual","L.A. Care Covered","N/A","N/A","N/A","2017"
"BCCA-131514237","California Physicians' Service",2018,"Rate Filing","Completed","Small Group","Small Group Plans, Q4, 2018","3.1","3.1","237,894","10/01/2018"
"AWLP-131517484","Blue Cross of California",2018,"Rate Filing","Completed","Small Group","DMHC Small Group Off Exchange 3Q18","-1.8","-1.8","168,407","10/01/2018"
"HNLH-131514282","Health Net of California, Inc.",2018,"Rate Filing","Completed","Small Group","Small Group ACA Compliant (NG) Plans (2018 Q4)","-6.4","-6.4","58,647","10/01/2018"
"UHLC-131518905","UHC of California",2018,"Rate Filing","Completed","Small Group","UHG CA HMO 201810","3.1","3.1","91,480","10/01/2018"
"OHIN-131515277","Oscar Health Plan of California",2018,"Rate Filing","Completed","Small Group","Oscar CASG 4Q2018 Off Exchange Rates","1.8","1.8","88,458","10/01/2018"
"WNHA-131514170","Western Health Advantage",2018,"Rate Filing","Completed","Small Group","Small Group Q4 2018","5.0","5.0","32,180","10/01/2018"
"SHHP-131494703","Sharp Health Plan",2018,"Rate Filing","Completed","Small Group","Q42018 SG GF Rates","2.2","2.2","1,114","10/01/2018"
"SHHP-131494701","Sharp Health Plan",2018,"Rate Filing","Completed","Small Group","Q42018 SG NGF Rates","4.4","4.4","30,003","10/01/2018"
"SUTT-131492812","Sutter Health Plan",2018,"Rate Filing","Completed","Small Group","2018Q4_SG","8.04","8.04","15,475","10/01/2018"
"CCHP-131490864","Chinese Community Health Plan",2018,"Rate Filing","Completed","Individual","CCHP 2019 Rate Filings for Individual & Family Plans","7.4","7.4","13,476","01/01/2019"
"BCCA-131575458","California Physicians' Service",2018,"Rate Filing","Completed","Individual","IFP NGF Rate Filing 2019","9.8","9.8","787,091","01/01/2019"
"HNLH-131548127","Health Net of California, Inc.",2018,"Rate Filing","Completed","Individual","IEX-IFP Rates 2019 ","7.5","7.5","171,764","01/01/2019"
"KHPI-131578710","Kaiser Foundation Health Plan, Inc.",2018,"Rate Filing","Completed","Individual","KFHP Non-Grandfathered Individual HMO Plan Rates, January 2019","9.2","9.2","630,174","01/01/2019"
"AWLP-131581111","Blue Cross of California",2018,"Rate Filing","Completed","Individual","DMHC Individual On and Off Exchange","4.1","4.1","91,294","01/01/2019"
"LACH-131584280","Local Initiative Health Authority for Los Angeles County",2018,"Rate Filing","Completed","Individual","L.A. Care Covered","6.7","6.7","24,424","01/01/2019"
"MHCA-131575519","Molina Healthcare of California",2018,"Rate Filing","Completed","Individual","Molina Marketplace 2019","1.6","1.6","62,212","01/01/2019"
"OHIN-131579793","Oscar Health Plan of California",2018,"Rate Filing","Completed","Individual","Oscar 2019 Individual Rates","6.65","6.65","41,853","01/01/2019"
"SHHP-131570886","Sharp Health Plan",2018,"Rate Filing","Completed","Individual","CY2019 Individual Product Rates","10.2","10.2","35,901","01/01/2019"
"SUTT-131492816","Sutter Health Plan",2018,"Rate Filing","Completed","Individual","2019Q1_IFP","14.9","14.9","3,315","01/01/2019"
"SCCO-131562521","Santa Clara County",2018,"Rate Filing","Completed","Individual","California Health Benefit Exchange Individual Plan","-1.19","-1.19","13,310","01/01/2019"
"WNHA-131577838","Western Health Advantage",2018,"Rate Filing","Completed","Individual","Individual Q1 2019","7.0","7.0","15,198","01/01/2019"
"BCCA-131589118","California Physicians' Service",2018,"Rate Filing","Completed","Small Group","Small Group Plans, Q1, 2019","2.9","2.9","119,073","01/01/2019"
"UHLC-131578690","UHC of California",2018,"Rate Filing","Completed","Small Group","UHG CA HMO 201901","1.8","1.8","91,480","01/01/2019"
"SUTT-131492815","Sutter Health Plan",2018,"Rate Filing","Completed","Small Group","2019Q1_SG","8.06","8.06","31,187","01/01/2019"
"OHIN-131586669","Oscar Health Plan of California",2018,"Rate Filing","Completed","Small Group","Oscar CASG 1Q2019 Rates","-6.9","-6.9","2,690","01/01/2019"
"AWLP-131590972","Blue Cross of California",2018,"Rate Filing","Completed","Small Group","DMHC Small Group Off Exchange 1Q19","1.5","1.5","94,429","01/01/2019"
"SHHP-131575310","Sharp Health Plan",2018,"Rate Filing","Completed","Small Group","Q12019 SG NGF Rates","7.2","7.2","30,003","01/01/2019"
"AETN-131466997","Aetna Health of California Inc.",2018,"Rate Filing","Completed","Small Group","Aetna SG AHI-CA 010119","-4.1","-4.1","37,600","01/01/2019"
"HNLH-131548140","Health Net of California, Inc.",2018,"Rate Filing","Completed","Small Group","Small Group ACA Compliant (NG) Plan ","-2.6","-2.6","58,647","01/01/2019"
"CCHP-131594262","Chinese Community Health Plan",2018,"Rate Filing","Completed","Small Group","CCHP 2019 Rate Filings for Small Group","11.5","11.5","1,829","01/01/2019"
"KHPI-131590956","Kaiser Foundation Health Plan, Inc.",2018,"Rate Filing","Completed","Small Group","KFHP Non-Grandfathered Small Group HMO Plan Rates, January 2019","4.7","4.7","674,203","01/01/2019"
"MLSD-131580155","County of Ventura",2018,"Rate Filing","Completed","Small Group","Ventura County Small Group Off-Exchange","0","0","723","01/01/2019"
"WNHA-131592440","Western Health Advantage",2018,"Rate Filing","Completed","Small Group","Small Group Q1 2019","2.4","2.4","36,074","01/01/2019"
"MEHP-131605547","Medi-Excel, S.A. de C.V.",2018,"Rate Filing","Completed","Small Group","MediExcel Health Plan","1.73","1.73","4,022","01/01/2019"
"BCCA-131633008","California Physicians' Service",2018,"Rate Filing","Completed","Individual","Shield Spectrum PPO 2000-G, Shield Savings PPO 2400-G","6","6","3,682","01/01/2019"
"HNLH-131632034","Health Net of California, Inc.",2018,"Rate Filing","Completed","Small Group","Small Group GF Rates 2019 Q1","3.3","3.3","20,923","01/01/2019"
"KHPI-131636875","Kaiser Foundation Health Plan, Inc.",2018,"Rate Filing","Completed","Small Group","KFHP Grandfathered Small Group HMO Rates Jan 2019","4","4","174,983","01/01/2019"
"SCCO-131636446","Santa Clara County",2018,"Rate Filing","Completed","Small Group","Small Group Rate Filing","9","9","12","01/01/2019"
"AETN-131663740","Aetna Health of California Inc.",2018,"Annual/Aggregate Filing","Completed","Large Group","201810 SB 546 and SB 17 Filings - DMHC","N/A","8.5","139,018","2018"
"AAJP-131670071","Alameda Alliance For Health",2018,"Annual/Aggregate Filing","Completed","Large Group","Alameda Alliance for Health Joint Powers Authority","N/A","0","5,811","2018"
"AWLP-131666850","Blue Cross of California",2018,"Annual/Aggregate Filing","Completed","Large Group","DMHC Large Group Annual Aggregate Rate Data for 2018 Renewal","N/A","6.0","1,089,594","2018"
"BCCA-131669239","California Physicians' Service",2018,"Annual/Aggregate Filing","Completed","Large Group","Large Group Products","N/A","6.4","432,384","2018"
"CCHP-131667445","Chinese Community Health Plan",2018,"Annual/Aggregate Filing","Completed","Large Group","CCHP 2018 Aggregate Rate Filings for Large Group","N/A","4.3","2,580","2018"
"CCOH-131669179","Contra Costa County Medical Services",2018,"Annual/Aggregate Filing","Completed","Large Group","Large Group","N/A","3.8","8,789","2018"
"HNLH-131667474","Health Net of California, Inc.",2018,"Annual/Aggregate Filing","Completed","Large Group","Large Group HMO & POS Commercial Product","N/A","6.6","293,568","2018"
"LACH-131595110","Local Initiative Health Authority for Los Angeles County",2018,"Annual/Aggregate Filing","Completed","Large Group","PASC SEIU Homecare Workers Health Care Plan for In-Hom Supportive Service Workers","N/A","3.6","49,732","2018"
"SSHP-131670364","MemorialCare Select Health Plan",2018,"Annual/Aggregate Filing","Completed","Large Group","SEASIDE SELECT","N/A","0","226","2018"
"SCCO-131668927","Santa Clara County",2018,"Annual/Aggregate Filing","Completed","Large Group","VHP Commercial Large Group","N/A","3.0","20,940","2018"
"SHHP-131669252","Sharp Health Plan",2018,"Annual/Aggregate Filing","Completed","Large Group","2018 Large Groups","N/A","3.5","69,601","2018"
"KHPI-131667613","Kaiser Foundation Health Plan, Inc.",2018,"Annual/Aggregate Filing","Completed","Large Group","2018 KFHP California Large Group Annual Aggregate Rate Data Report","N/A","4.7","5,034,656","2018"
"WNHA-131665205","Western Health Advantage",2018,"Annual/Aggregate Filing","Completed","Large Group","Large Group Aggregate Rate","N/A","3.4","80,952","2018"
"SUTT-131667444","Sutter Health Plan",2018,"Annual/Aggregate Filing","Completed","Large Group","LG_2018","N/A","3.1","40,492","2018"
"MLSD-131660384","County of Ventura",2018,"Annual/Aggregate Filing","Completed","Large Group","Ventura Large Group Rate Filing","N/A","9.5","14,937","2018"
"MLSD-131668817","Sistemas Medicos Nacionales, S.A.de C.V.",2018,"Annual/Aggregate Filing","Completed","Large Group","SIMNSA Large Group Rate Filing","N/A","5.0","37,820","2018"
"SFHP-131669254","San Francisco Community Health Authority",2018,"Annual/Aggregate Filing","Completed","Large Group","Healthy Workers HMO","N/A","21.7","11,469","2018"
"SCRP-131670922","Scripps Health Plan Services, Inc.",2018,"Annual/Aggregate Filing","Completed","Large Group","Scripps Health Plan","N/A","0","12,938","2018"
"UHLC-131667473","UHC of California",2018,"Annual/Aggregate Filing","Completed","Large Group","SB 546 - Large Group Annual Aggregate Rate Data Report","N/A","9.3","424,964","2018"
"HPSM-131675981","San Mateo Health Commission",2018,"Annual/Aggregate Filing","Completed","Large Group","HealthWorx","N/A","24","1,044","2018"
"MEHP-131681245","Medi-Excel, S.A. de C.V.",2018,"Annual/Aggregate Filing","Completed","Large Group","MediExcel Health Plan","N/A","1.6","4,872","2018"
"CCGH-131680633","Cigna HealthCare of California, Inc.",2018,"Annual/Aggregate Filing","Completed","Large Group","Large Group Annual Aggregate Rate Data Report - DMHC","N/A","7.4","120,665","2018"
"20182673","Community Care Health Plan, Inc.",2018,"Annual/Aggregate Filing","Completed","Large Group","SB 546/SB 17 Large Group Annual Aggregate Rate Data Report","N/A","3.9","9,672","2018"
"20182694","Santa Cruz-Monterey-Merced-San Benito-Mariposa Managed Medical Care Commission",2018,"Annual/Aggregate Filing","Completed","Large Group","SB 546/SB 17 Large Group Annual Aggregate Rate Data Report","N/A","14.2","509","2018"
"SHHP-131727296","Sharp Health Plan",2018,"Rate Filing","Completed","Small Group","Q22019 SG NGF Rates","6.7","6.7","29,802","04/01/2019"
"WNHA-131732453","Western Health Advantage",2018,"Rate Filing","Completed","Small Group","Small Group Q2 2019","0.9","0.9","25,169","04/01/2019"
"MLSD-131736481","Sistemas Medicos Nacionales, S.A.de C.V.",2018,"Rate Filing","Completed","Small Group","SIMNSA Small Group Rate Filing","5.0","5.0","6,162","04/01/2019"
"BCCA-131733003","California Physicians' Service",2018,"Rate Filing","Completed","Small Group","Small Group Plans, Q2, 2019","2.8","2.8","56,804","04/01/2019"
"HNLH-131740200","Health Net of California, Inc.",2018,"Rate Filing","Completed","Small Group","Small Group ACA Compliant (NG) Plan (2019 Q2)","0.3","0.3","58,001","04/01/2019"
"UHLC-131738578","UHC of California",2018,"Rate Filing","Completed","Small Group","UHG CA HMO 201904","1.3","1.3","94,823","04/01/2019"
"AWLP-131734919","Blue Cross of California",2018,"Rate Filing","Completed","Small Group","DMHC Small Group Off Exchange 2Q19","6.4","6.4","48,445","04/01/2019"
"AWLP-131734466","Blue Cross of California",2018,"Rate Filing","Completed","Individual","ABC Grandfathered Plans","6.1","6.1","20,993","04/01/2019"
"KHPI-130883524","Kaiser Foundation Health Plan, Inc.",2017,"Annual/Aggregate Filing","Completed","Small Group","2016 CA Annual Aggregate Rate Data Report","N/A","N/A","N/A","2016"
"AWLP-130930970","Blue Cross of California",2017,"Rate Filing","Completed","Small Group","DMHC Small Group Off Exchange 3Q17","1.0","1.0","45,484","07/01/2017"
"OHIN-130945065","Oscar Health Plan of California",2017,"Rate Filing","Completed","Small Group","Oscar CASG 3Q2017 Off Exchange Rates","0","0","5,088","07/01/2017"
"SHHP-130950629","Sharp Health Plan",2017,"Rate Filing","Completed","Small Group","Q32017 NGF SG Rates","6.7","6.7","26,659","07/01/2017"
"UHLC-130943616","UHC of California",2017,"Rate Filing","Completed","Small Group","UHG CA HMO 201707","3.9","3.9","59,392","07/01/2017"
"HNLH-130923105","Health Net of California, Inc.",2017,"Rate Filing","Completed","Small Group","Small Group ACA Compliant Plans","12.3","12.3","89,935","07/01/2017"
"BCCA-130918042","California Physicians' Service",2017,"Annual/Aggregate Filing","Completed","Individual","Annual Aggregate Rate Data Report, 2016","N/A","N/A","N/A","2016"
"HNLH-130922915","Health Net of California, Inc.",2017,"Annual/Aggregate Filing","Completed","Small Group","Individual/Family and Small Group Plans","N/A","N/A","N/A","2016"
"WNHA-130923246","Western Health Advantage",2017,"Annual/Aggregate Filing","Completed","Small Group","2017 Annual Aggregate Rate Data Report","N/A","N/A","N/A","2016"
"LACH-130924489","Local Initiative Health Authority for Los Angeles County",2017,"Annual/Aggregate Filing","Completed","Individual","L.A. Care Covered","N/A","N/A","N/A","2016"
"SUTT-130921532","Sutter Health Plan",2017,"Annual/Aggregate Filing","Completed","Small Group","2016 Annual Aggregate Filing for IFP & SG","N/A","N/A","N/A","2016"
"AETN-130921969","Aetna Health of California Inc.",2017,"Annual/Aggregate Filing","Completed","Small Group","2016 Annual Aggregate Rate Data Report - DMHC","N/A","N/A","N/A","2016"
"SHHP-130918146","Sharp Health Plan",2017,"Annual/Aggregate Filing","Completed","Small Group","Annual Aggregate Rate Data Report","N/A","N/A","N/A","2016"
"CCHP-130922196","Chinese Community Health Plan",2017,"Annual/Aggregate Filing","Completed","Small Group","CCHP 2017 Aggregate Rate Filings for & Small Group Plans","N/A","N/A","N/A","2016"
"CCHP-130922184","Chinese Community Health Plan",2017,"Annual/Aggregate Filing","Completed","Individual","CCHP 2017 Aggregate Rate Filings for Individual & Family Plans ","N/A","N/A","N/A","2016"
"MHCA-130917947","Molina Healthcare of California",2017,"Annual/Aggregate Filing","Completed","Individual","Molina Marketplace 2016","N/A","N/A","N/A","2016"
"20170650","Community Care Health Plan, Inc.",2017,"Annual/Aggregate Filing","Completed","Large Group","HMO","N/A","7.4","4853","2016"
"MEHP-131007160","Medi-Excel, S.A. de C.V.",2017,"Annual/Aggregate Filing","Completed","Small Group","MediExcel Small Group 2016","N/A","N/A","N/A","2016"
"AWLP-131009155","Blue Cross of California",2017,"Annual/Aggregate Filing","Completed","Individual","Annual Aggregate Rate Data Form","N/A","N/A","N/A","2016"
"SCCO-131019354","Santa Clara County",2017,"Annual/Aggregate Filing","Completed","Individual","Covered California IFP","N/A","N/A","N/A","2017"
"SCCO-131019211","Santa Clara County",2017,"Annual/Aggregate Filing","Completed","Small Group","Small Group","N/A","N/A","N/A","2016"
"UHLC-131014881","UHC of California",2017,"Annual/Aggregate Filing","Completed","Small Group","CA 2016 Annual Aggregate Rate Data Report","N/A","N/A","N/A","2016"
"MLSD-131054921","Sistemas Medicos Nacionales, S.A.de C.V.",2017,"Annual/Aggregate Filing","Completed","Small Group","SIMNSA Aggregate Rate Filing Data Report","N/A","N/A","N/A","2016"
"KHPI-131036759","Kaiser Foundation Health Plan, Inc.",2017,"Rate Filing","Completed","Small Group","KFHP Non-Grandfathered Small Group HMO Plan Rates, July 2017","5.8","5.8","338,455","07/01/2017"
"AETN-131061825","Aetna Health of California Inc.",2017,"Rate Filing","Withdrawn Prior to Determination","Small Group","Aetna SG AHI-CA 100117","8.2","N/A","50,000","10/01/2017"
"AWLP-131059281","Blue Cross of California",2017,"Rate Filing","Completed","Small Group","DMHC Small Group Off Exchange 4Q17","4.6","4.6","194,971","10/01/2017"
"BCCA-131061005","California Physicians' Service",2017,"Rate Filing","Completed","Small Group","Small Group Plans, Q4, 2017","1.7","1.7","206,663","10/01/2017"
"HNLH-131059241","Health Net of California, Inc.",2017,"Rate Filing","Completed","Small Group","Small Group GF Plans","9","9","24,759","10/01/2017"
"HNLH-131059133","Health Net of California, Inc.",2017,"Rate Filing","Withdrawn Prior to Determination","Small Group","Small Group ACA Compliant Plans","11.3","","89,258","10/01/2017"
"SHHP-131025121","Sharp Health Plan",2017,"Rate Filing","Completed","Small Group","Q42017 SG GF Rates","2.5","2.5","1,175","10/01/2017"
"SHHP-131025062","Sharp Health Plan",2017,"Rate Filing","Completed","Small Group","Q42017 SG NGF Rates","8.3","8.3","30,243","10/01/2017"
"SUTT-131063717","Sutter Health Plan",2017,"Rate Filing","Completed","Small Group","2017_Q4_SG","8.44","8.44","28,682","10/01/2017"
"UHLC-131052873","UHC of California",2017,"Rate Filing","Completed","Small Group","UHG CA HMO 201710","8","8","61,379","10/01/2017"
"WNHA-131060057","Western Health Advantage",2017,"Rate Filing","Completed","Small Group","Small Group Q4 2017","8.4","8.4","31,114","10/01/2017"
"OHIN-131066368","Oscar Health Plan of California",2017,"Annual/Aggregate Filing","Completed","Individual","Oscar 2016 Aggregate Rate Filing Data Report","N/A","N/A","N/A","2016"
"BCCA-131117801","California Physicians' Service",2017,"Rate Filing","Completed","Small Group","Small Group Plans, Q1, 2018","3.2","3.2","92,750","01/01/2018"
"HNLH-131118550","Health Net of California, Inc.",2017,"Rate Filing","Completed","Small Group","Small Group ACA Compliant (NG) Plans (2018 Q1)","5.8","5.8","89,258","01/01/2018"
"SHHP-131117048","Sharp Health Plan",2017,"Rate Filing","Completed","Individual","CY2018 Individual Product Rates - CSR Not Funded","14.7","14.7","34,007","01/01/2018"
"LACH-131120574","Local Initiative Health Authority for Los Angeles County",2017,"Rate Filing","Withdrawn Prior to Determination","Individual","L.A. Care Covered ","12.3","N/A","22,570","01/01/2018"
"MHCA-131120581","Molina Healthcare of California",2017,"Rate Filing","Completed","Individual","Molina Marketplace 2018","44.7","44.7","150,102","01/01/2018"
"MHCA-131118070","Molina Healthcare of California",2017,"Rate Filing","Withdrawn Prior to Determination","Individual","Molina Marketplace 2018","28.6","N/A","150,102","01/01/2018"
"OHIN-131120700","Oscar Health Plan of California",2017,"Rate Filing","Completed","Individual","Oscar 2018 Individual Rates - CSR Not Funded","18.34","18.34","25,551","01/01/2018"
"SHHP-131109762","Sharp Health Plan",2017,"Rate Filing","Withdrawn Prior to Determination","Individual","CY2018 Individual Product Rates - CSR Funded","9.4","N/A","34,007","01/01/2018"
"SHHP-131109783","Sharp Health Plan",2017,"Rate Filing","Completed","Small Group","Q12018 SG NGF Rates","5.9","5.9","30,243","01/01/2018"
"LACH-131120743","Local Initiative Health Authority for Los Angeles County",2017,"Rate Filing","Not Unreasonable (Modified)","Individual","L.A. Care Covered ","30.3","21.7","22,570","01/01/2018"
"HNLH-131118641","Health Net of California, Inc.",2017,"Rate Filing","Withdrawn Prior to Determination","Individual","2018 IEX and IFP Plan RATES CSR Funded","12.1","N/A","141,162","01/01/2018"
"OHIN-131117059","Oscar Health Plan of California",2017,"New Product Filing","Completed","Small Group","Oscar CASG 1Q2018 Off Exchange Rates","N/A","N/A","","01/01/2018"
"OHIN-131016744","Oscar Health Plan of California",2017,"Rate Filing","Withdrawn Prior to Determination","Individual","Oscar 2018 Individual Rates - CSR Funded","13.81","N/A","25,551","01/01/2018"
"UHLC-131065858","UHC of California",2017,"Rate Filing","Completed","Small Group","UHG CA HMO 201801","10.7","10.7","61,379","01/01/2018"
"CCHP-131019206","Chinese Community Health Plan",2017,"Rate Filing","Withdrawn Prior to Determination","Individual","CCHP 2018 Rate Filings for Individual & Family Plans ","7.5","N/A","12,547","01/01/2018"
"AETN-131092404","Aetna Health of California Inc.",2017,"Rate Filing","Completed","Small Group","Aetna SG AHI-CA 010118","5.7","5.7","50,000","01/01/2018"
"MLSD-131115397","County of Ventura",2017,"Rate Filing","Completed","Small Group","Ventura County Small Group Off-Exchange","0","0","574","01/01/2018"
"SUTT-131121023","Sutter Health Plan",2017,"Rate Filing","Completed","Small Group","2018Q1_SG","6.7","6.7","28,682","01/01/2018"
"SUTT-131121116","Sutter Health Plan",2017,"Rate Filing","Completed","Individual","2018Q1_IFP","11.26","11.26","2,047","01/01/2018"
"SCCO-131077467","Santa Clara County",2017,"Rate Filing","Withdrawn Prior to Determination","Individual","California Health Benefit Exchange Individual Plan","0.97","N/A","2,945","01/01/2018"
"HNLH-131118649","Health Net of California, Inc.",2017,"Rate Filing","Completed","Individual","2018 IEX and IFP Plan Rates CSR NOT FUNDED","22","22","141,162","01/01/2018"
"AWLP-131114515","Blue Cross of California",2017,"Rate Filing","Not Unreasonable (Modified)","Small Group","DMHC Small Group Off Exchange 1Q18","5.7","2.5","90,824","01/01/2018"
"AWLP-131119252","Blue Cross of California",2017,"Rate Filing","Not Unreasonable (Modified)","Individual","DMHC Individual On and Off Exchange","40.6","37.3","135,419","01/01/2018"
"SCCO-131119669","Santa Clara County",2017,"Rate Filing","Completed","Individual","California Health Benefit Exchange Individual Plan","9.78","9.78","6,441","01/01/2018"
"AWLP-131113535","Blue Cross of California",2017,"Rate Filing","Withdrawn Prior to Determination","Individual","DMHC Individual On and Off Exchange","35.4","N/A","135,419","01/01/2018"
"KHPI-131121107","Kaiser Foundation Health Plan, Inc.",2017,"Rate Filing","Completed","Small Group","KFHP Non-Grandfathered Small Group HMO Plan Rates, January 2018 ","7.9","7.9","639,796","01/01/2018"
"KHPI-131120663","Kaiser Foundation Health Plan, Inc.",2017,"Rate Filing","Completed","Individual","KFHP Non-Grandfathered Individual HMO Plan Rates, January 2018-CSR not Funded","11.6","11.6","525,715","01/01/2018"
"KHPI-131113658","Kaiser Foundation Health Plan, Inc.",2017,"Rate Filing","Withdrawn Prior to Determination","Individual","KFHP Non-Grandfathered Individual HMO Plan Rates, January 2018-CSR Funded","7.6","N/A","525,715","01/01/2018"
"WNHA-131120990","Western Health Advantage",2017,"Rate Filing","Completed","Small Group","Q1 2018 Small Group","6.8","6.8","32,180","01/01/2018"
"WNHA-131120802","Western Health Advantage",2017,"Rate Filing","Withdrawn Prior to Determination","Individual","Individual Q1 CSR Funded","12.4","N/A","18,798","01/01/2018"
"WNHA-131120875","Western Health Advantage",2017,"Rate Filing","Completed","Individual","Individual Q1 2018 CSR Not Funded","19.3","19.3","18,798","01/01/2018"
"CCHP-131120998","Chinese Community Health Plan",2017,"Rate Filing","Completed","Small Group","CCHP 2018 Rate Filings for Small Group","5.9","5.9","2,055","01/01/2018"
"CCHP-131121136","Chinese Community Health Plan",2017,"Rate Filing","Completed","Individual"," CCHP 2018 Rate Filings for Individual & Family Plans - CSR Not Funded ","15.1","15.1","13,417","01/01/2018"
"BCCA-131123845","California Physicians' Service",2017,"Rate Filing","Withdrawn Prior to Determination","Individual","IFP NGF Rate Filing 2018","18.2","N/A","659,006","01/01/2018"
"BCCA-131124531","California Physicians' Service",2017,"Rate Filing","Completed","Individual","IFP NGF Rate Filing 2018","22.8","22.8","659,006","01/01/2018"
"MEHP-131145246","Medi-Excel, S.A. de C.V.",2017,"Rate Filing","Completed","Small Group","MediExcel Small Group 2018","2.06","2.06","4,062","01/01/2018"
"KHPI-131161155","Kaiser Foundation Health Plan, Inc.",2017,"Rate Filing","Completed","Individual","KFHP Grandfathered Individual Plan HMO Rates Jan 2018","2","2","68,346","01/01/2018"
"SCCO-131180400","Santa Clara County",2017,"Rate Filing","Completed","Small Group","Small Group Rate Filing","7.6","7.6","30","01/01/2018"
"KHPI-131159604","Kaiser Foundation Health Plan, Inc.",2017,"Rate Filing","Completed","Small Group","KFHP Grandfathered Small Group HMO Rates Jan 2018","2","2","179,518","01/01/2018"
"MEHP-131210224","Medi-Excel, S.A. de C.V.",2017,"Annual/Aggregate Filing","Completed","Large Group","MediExcel Health Plan","N/A","2.8","3,390","2017"
"SHHP-131215150","Sharp Health Plan",2017,"Annual/Aggregate Filing","Completed","Large Group","2017 Large Groups","N/A","4.34","61,589","2017"
"CCGH-131215112","Cigna HealthCare of California, Inc.",2017,"Annual/Aggregate Filing","Completed","Large Group","Large Group Annual Aggregate Rate Data Report, 2017","N/A","7.2","129,732","2017"
"HNLH-131191224","Health Net of California, Inc.",2017,"Annual/Aggregate Filing","Completed","Large Group","Large Group HMO & POS Commercial Product","N/A","5.6","329,146","2017"
"CCHP-131213301","Chinese Community Health Plan",2017,"Annual/Aggregate Filing","Completed","Large Group"," CCHP 2017 Aggregate Rate Filings for Large Group","N/A","10.5","2,879","2017"
"CCOH-131214628","Contra Costa County Medical Services",2017,"Annual/Aggregate Filing","Completed","Large Group","2017 SB 546","N/A","9.2","9,165","2017"
"SCRP-131213494","Scripps Health Plan Services, Inc.",2017,"Annual/Aggregate Filing","Completed","Large Group","Scripps Health Plan HMO","N/A","0.0","11,204","2017"
"MLSD-131214535","Sistemas Medicos Nacionales, S.A.de C.V.",2017,"Annual/Aggregate Filing","Completed","Large Group","SIMNSA Large Group Rate Filing","N/A","4.7","38,440","2017"
"KHPI-131211307","Kaiser Foundation Health Plan, Inc.",2017,"Annual/Aggregate Filing","Completed","Large Group","2017 KFHP California Large Group Annual Aggregate Rate Data Report","N/A","3.1","4,951,605","2017"
"AWLP-131226135","Blue Cross of California",2017,"Annual/Aggregate Filing","Completed","Large Group","DMHC Large Group Annual Aggregate Rate Data for 2017 Renewal","N/A","4.0","1,182,791","2017"
"AAJP-131216712","Alameda Alliance For Health",2017,"Annual/Aggregate Filing","Completed","Large Group","Alameda Alliance for Health Joint Powers Authority","N/A","0","5,705","2017"
"WNHA-131213426","Western Health Advantage",2017,"Annual/Aggregate Filing","Completed","Large Group","Large Group Aggregate Rate","N/A","4.36","79,698","2017"
"BCCA-131238256","California Physicians' Service",2017,"Annual/Aggregate Filing","Completed","Large Group","Large Group Products","N/A","5.3","440,777","2017"
"LACH-131240029","Local Initiative Health Authority for Los Angeles County",2017,"Annual/Aggregate Filing","Completed","Large Group","PASC-SEIU Homecare Workers Health Care Plan for In-Home Supportive Service Workers","N/A","4.2","49,338","2017"
"HPSM-131240429","San Mateo Health Commission",2017,"Annual/Aggregate Filing","Completed","Large Group","HealthWorx","N/A","3.2","1,046","2017"
"AETN-131213690","Aetna Health of California Inc.",2017,"Annual/Aggregate Filing","Completed","Large Group","201710 LG Annual Aggregate Rate Data Report - DMHC","N/A","9.8","136,473","2017"
"SCCO-131214937","Santa Clara County",2017,"Annual/Aggregate Filing","Completed","Large Group","VHP Commercial Large Group","N/A","6.1","19,153","2017"
"SSHP-131211315","MemorialCare Select Health Plan",2017,"Annual/Aggregate Filing","Completed","Large Group","SEASIDE SELECT","N/A","0.0","224","2017"
"MLSD-131214257","County of Ventura",2017,"Annual/Aggregate Filing","Completed","Large Group","Ventura Large Group Rate Filing","N/A","14.6","15,093","2017"
"SUTT-131213259","Sutter Health Plan",2017,"Annual/Aggregate Filing","Completed","Large Group","LG_2017","N/A","2.24","25,437","2017"
"UHLC-131143221","UHC of California",2017,"Annual/Aggregate Filing","Completed","Large Group","SB 546 - Large Group Annual Aggregate Rate Data Report","N/A","4.8","395,170","2017"
"SFHP-131230834","San Francisco Community Health Authority",2017,"Annual/Aggregate Filing","Completed","Large Group","Healthy Workers HMO","N/A","0","11,245","2017"
"20172456","Community Care Health Plan, Inc.",2017,"Annual/Aggregate Filing","Completed","Large Group","SB 546 - Large Group Annual Aggregate Rate Data Report","N/A","8.3","4,849","2017"
"20172390","Santa Cruz-Monterey-Merced-San Benito-Mariposa Managed Medical Care Commission",2017,"Annual/Aggregate Filing","Completed","Large Group","SB 546 - Large Group Annual Aggregate Rate Data Report","N/A","0.0","540","2017"
"AETN-131287673","Aetna Health of California Inc.",2017,"Rate Filing","Completed","Small Group","Aetna SG AHI-CA 040118","5.5","5.5","46,669","04/01/2018"
"AWLP-131285417","Blue Cross of California",2017,"Rate Filing","Completed","Individual","ABC Grandfathered Plans","13.4","13.4","22,000","04/01/2018"
"BCCA-131277178","California Physicians' Service",2017,"Rate Filing","Completed","Small Group","Small Group Plans, Q2, 2018","3.3","3.3","45,279","04/01/2018"
"HNLH-131288418","Health Net of California, Inc.",2017,"Rate Filing","Completed","Small Group","Small Group ACA Compliant (NG) Plans (2018 Q2)","-1.2","-1.2","77213","04/01/2018"
"OHIN-131284744","Oscar Health Plan of California",2017,"Rate Filing","Completed","Small Group","Oscar CASG 2Q2018 Off Exchange Rates","0","0","7372","04/01/2018"
"SHHP-131278346","Sharp Health Plan",2017,"Rate Filing","Completed","Small Group","Q22018 SG NGF Rates","3.3","3.3","29,819","04/01/2018"
"MLSD-131275830","Sistemas Medicos Nacionales, S.A.de C.V.",2017,"Rate Filing","Completed","Small Group","SIMNSA Small Group Rate Filing","0","0","5,361","01/01/2018"
"AETN-130418254","Aetna Health of California Inc.",2016,"Rate Filing","Completed","Small Group","Aetna SG AHI-CA 04012016","4.1","4.1","86,968","04/01/2016"
"KHPI-130424466","Kaiser Foundation Health Plan, Inc.",2016,"Annual/Aggregate Filing","Completed","Small Group","2015 CA Annual Aggregate Rate Data Report","N/A","N/A","N/A","2015"
"SHHP-130425284","Sharp Health Plan",2016,"Rate Filing","Completed","Small Group","Q22016 GF SG Rates","5.0","5.0","1,500","04/01/2016"
"BCCA-130442928","California Physicians' Service",2016,"Annual/Aggregate Filing","Completed","Individual","Annual Aggregate Rate Data Report, 2015","N/A","N/A","N/A","2015"
"HNLH-130448377","Health Net of California, Inc.",2016,"Annual/Aggregate Filing","Completed","Small Group","Individual/Family and Small Group Plans","N/A","N/A","N/A","2015"
"WNHA-130447067","Western Health Advantage",2016,"Annual/Aggregate Filing","Completed","Small Group","2015 Annual Aggregate Rate Data Report","N/A","N/A","N/A","2015"
"CCHP-130447191","Chinese Community Health Plan",2016,"Annual/Aggregate Filing","Completed","Individual","CCHP 2016 Aggregate Rate Filings for Individual & Family Plans","N/A","N/A","N/A","2015"
"SHHP-130450344","Sharp Health Plan",2016,"Annual/Aggregate Filing","Completed","Small Group","CA Annual Aggregate Rate Data Report ","N/A","N/A","N/A","2015"
"UHLC-130458398","UHC of California",2016,"Annual/Aggregate Filing","Completed","Small Group","CA 2015 Annual Aggregate Rate Data Report","N/A","N/A","N/A","2015"
"UHLC-130458460","UnitedHealthcare Benefits Plan of California",2016,"Annual/Aggregate Filing","Completed","Individual","CA 2015 Annual Aggregate Rate Data Report","N/A","N/A","N/A","2015"
"SCCO-130464527","Santa Clara County",2016,"Annual/Aggregate Filing","Completed","Individual","Covered California Health Benefit Exchange","N/A","N/A","N/A","2015"
"MEHP-130481268","Medi-Excel, S.A. de C.V.",2016,"Annual/Aggregate Filing","Completed","Small Group","MediExcel Health Plan","N/A","N/A","N/A","2015"
"SUTT-130489962","Sutter Health Plan",2016,"Annual/Aggregate Filing","Completed","Small Group","Sutter Health Plan Annual Aggregate Data","N/A","N/A","N/A","2015"
"AWLP-130483713","Blue Cross of California",2016,"Annual/Aggregate Filing","Completed","Individual","Annual Aggregate Rate Data Form","N/A","N/A","N/A","2015"
"AETN-130483606","Aetna Health of California Inc.",2016,"Annual/Aggregate Filing","Completed","Small Group","2015 Annual Aggregate Rate Data Report - DMHC","N/A","N/A","N/A","2015"
"AWLP-130489102","Blue Cross of California",2016,"Rate Filing","Completed","Small Group","DMHC Small Group Off Exchange 3Q16","0.8","0.8","35,397","07/01/2016"
"SHHP-130496652","Sharp Health Plan",2016,"Rate Filing","Completed","Small Group","Q32016 NGF SG Rates","3.4","3.4","22,936","07/01/2016"
"LACH-130505616","Local Initiative Health Authority for Los Angeles County",2016,"Annual/Aggregate Filing","Completed","Individual","L.A. Care Covered","N/A","N/A","N/A","2015"
"HNLH-130502064","Health Net of California, Inc.",2016,"Rate Filing","Completed","Small Group","Small Group Plans","9.2","9.2","100,565","07/01/2016"
"AETN-130540770","Aetna Health of California Inc.",2016,"Rate Filing","Completed","Small Group","Aetna SG AHI-CA 07012016","0.8","0.8","83,000","07/01/2016"
"SHHP-130553215","Sharp Health Plan",2016,"Rate Filing","Completed","Small Group","Q32016 GF Small Group Rates","4.5","4.5","1,409","07/01/2016"
"OHIN-130537659","Oscar Health Plan of California",2016,"Rate Filing","Completed","Individual","Oscar 2017 Off Exchange Plans","10.5","10.5","3,874","01/01/2017"
"CCHP-130552988","Chinese Community Health Plan",2016,"Rate Filing","Completed","Individual","CCHP 2017 Rate Filings for Individual & Family Plans","16.0","16.0","14,318","01/01/2017"
"GEHP-130482354","GEMCare Health Plan, Inc.",2016,"Annual/Aggregate Filing","Completed","Small Group","GEMCare Health Plan, Inc","N/A","N/A","N/A","2015"
"MHCA-130481923","Molina Healthcare of California",2016,"Annual/Aggregate Filing","Completed","Individual","Molina Marketplace 2015","N/A","N/A","N/A","2015"
"AWLP-130605724","Blue Cross of California",2016,"Rate Filing","Completed","Small Group","DMHC Small Group Off Exchange 4Q16","0.6","0.6","31,088","10/01/2016"
"SUTT-130614377","Sutter Health Plan",2016,"Rate Filing","Completed","Small Group","Q4 2016 NGF SG Rates","8.6","8.6","13,694","10/01/2016"
"BCCA-130627378","California Physicians' Service",2016,"Rate Filing","Completed","Small Group","Small Group Plans","5.6","5.6","134,898","10/01/2016"
"HNLH-130653299","Health Net of California, Inc.",2016,"Rate Filing","Completed","Small Group","Small Group Plans","15.9","15.9","97,027","01/01/2017"
"WNHA-130655390","Western Health Advantage",2016,"Rate Filing","Completed","Small Group","2017 Small Group Rate Filing","3.7","3.7","31,114","01/01/2017"
"BCCA-130655115","California Physicians' Service",2016,"Rate Filing","Completed","Individual","PPO Standard-Platinum,Gold ,Silver ,Bronze,Catastrophic ,Bronze HSA,Platinum HSAPPO Standard-Platinum,Gold ,Silver ,Bronze,Catastrophic ,Bronze HSA,Platinum HSA","19.4","19.4","554,259","01/01/2017"
"AWLP-130652521","Blue Cross of California",2016,"Rate Filing","Completed","Individual","DMHC Individual On and Off Exchange","17.2","17.2","577,716","01/01/2017"
"WNHA-130654071","Western Health Advantage",2016,"Rate Filing","Completed","Individual","2017 Individual Rate Filing","7.7","7.7","6,877","01/01/2017"
"LACH-130646335","Local Initiative Health Authority for Los Angeles County",2016,"Rate Filing","Completed","Individual","L.A. Care Covered ","3.5","3.5","15,310","01/01/2017"
"MLSD-130650960","County of Ventura",2016,"Rate Filing","Completed","Small Group","Ventura County Small Group Off-Exchange","0","0","248","01/01/2017"
"SUTT-130654056","Sutter Health Plan",2016,"Rate Filing","Completed","Small Group","2017Q1_SG","6.5","6.5","19,285","01/01/2017"
"SUTT-130654053","Sutter Health Plan",2016,"Rate Filing","Completed","Individual","2017Q1_IFP","10.5","10.5","824","01/01/2017"
"AETN-130655243","Aetna Health of California Inc.",2016,"Rate Filing","Completed","Small Group","Aetna SG AHI-CA 01012017","14.6","14.6","85,000","01/01/2017"
"SHHP-130655225","Sharp Health Plan",2016,"Rate Filing","Completed","Small Group","Q12017 NGF Small Group Rates","5.3","5.3","24,769","01/01/2017"
"SHHP-130653463","Sharp Health Plan",2016,"Rate Filing","Completed","Individual","CY2017 Individual Product Rates","7.8","7.8","26,218","01/01/2017"
"MHCA-130654076","Molina Healthcare of California",2016,"Rate Filing","Completed","Individual","Molina Marketplace 2017","5.7","5.7","75,272","01/01/2017"
"SCCO-130576260","Santa Clara County",2016,"Rate Filing","Completed","Individual","California Health Benefit Exchange Individual Plan","0.93","0.93","2,945","01/01/2017"
"KHPI-130516800","Kaiser Foundation Health Plan, Inc.",2016,"Rate Filing","Completed","Small Group","KFHP Non-Grandfathered Small Group HMO Plan Rates, January 2017","4.8","4.8","539,646","01/01/2017"
"BCCA-130653288","California Physicians' Service",2016,"Rate Filing","Completed","Small Group","Small Group Plans, Q1, 2017","4.3","4.3","35,194","01/01/2017"
"KHPI-130516678","Kaiser Foundation Health Plan, Inc.",2016,"Rate Filing","Completed","Individual","KFHP Non-Grandfathered Individual HMO Plan Rates, January 2017","5.7","5.7","467,303","01/01/2017"
"UHLC-130587102","UHC of California",2016,"Rate Filing","Completed","Small Group","UHG CA HMO 201701","-3.0","-3.0","53,307","01/01/2017"
"CCHP-130556751","Chinese Community Health Plan",2016,"Rate Filing","Completed","Small Group","CCHP 2017 Rate Filings for Small Group","8.6","8.6","2,228","01/01/2017"
"HNLH-130549406","Health Net of California, Inc.",2016,"Rate Filing","Completed","Individual","Individual and Family Plans - On & Off Exchange","9.4","9.4","191,067","01/01/2017"
"AWLP-130649664","Blue Cross of California",2016,"Rate Filing","Completed","Small Group","DMHC Small Group Off Exchange 1Q17","0.5","0.5","31,088","01/01/2017"
"HNLH-130672821","Health Net of California, Inc.",2016,"Rate Filing","Completed","Small Group","Small Business Group Grandfathered","2.2","2.2","27,890","10/01/2016"
"SHHP-130667824","Sharp Health Plan",2016,"Rate Filing","Completed","Small Group","Q42016 GF Small Group Rates","8.7","8.7","1,387","10/01/2016"
"AETN-130665821","Aetna Health of California Inc.",2016,"Rate Filing","Not Unreasonable (Modified)","Small Group","Aetna SG AHI-CA 10012016","12.6","11.9","85,000","10/01/2016"
"HNLH-130653287","Health Net of California, Inc.",2016,"Rate Filing","Completed","Small Group","Small Group ACA Plans","18","18","97,027","10/01/2016"
"MEHP-130679550","Medi-Excel, S.A. de C.V.",2016,"Rate Filing","Completed","Small Group","MediExcel Health Plan HMO","0.54","0.54","951","01/01/2017"
"HNLH-130749337","Health Net of California, Inc.",2016,"Rate Filing","Completed","Small Group","Small Business Group Grandfathered","4.1","4.1","27,304","01/01/2017"
"SHHP-130764460","Sharp Health Plan",2016,"Rate Filing","Completed","Small Group","Q12017 SG GF Rates","9.6","9.6","1,395","01/01/2017"
"MLSD-130780707","Sistemas Medicos Nacionales, S.A.de C.V.",2016,"Rate Filing","Completed","Small Group","SIMNSA Small Group Rate Filing","5","5","4,147","01/01/2017"
"AETN-130751125","Aetna Health of California Inc.",2016,"Annual/Aggregate Filing","Completed","Large Group","201610 LG Annual Aggregate Rate Data Report - DMHC","N/A","5.8","137436","2016"
"LACH-130752178","Local Initiative Health Authority for Los Angeles County",2016,"Annual/Aggregate Filing","Completed","Large Group","PASC-SEIU IHSS","N/A","0","46666","2016"
"MLSD-130751387","Sistemas Medicos Nacionales, S.A.de C.V.",2016,"Annual/Aggregate Filing","Completed","Large Group","SIMNSA Large Group Rate Filing","N/A","3","19779","2016"
"SUTT-130752234","Sutter Health Plan",2016,"Annual/Aggregate Filing","Completed","Large Group","LG_2016","N/A","2.22","15333","2016"
"AWLP-130748393","Blue Cross of California",2016,"Annual/Aggregate Filing","Completed","Large Group","DMHC Large Group Annual Aggregate Rate Data","N/A","5.4","1,151,103","2016"
"KHPI-130743140","Kaiser Foundation Health Plan, Inc.",2016,"Annual/Aggregate Filing","Completed","Large Group","KFHP 2017 SB 546 Large Group Annual Aggregate Rate Data Report","N/A","3.1","4795011","2016"
"SHHP-130752175","Sharp Health Plan",2016,"Annual/Aggregate Filing","Completed","Large Group","2016 Large Groups","N/A","3.51","62198","2016"
"CCOH-130751961","Contra Costa County Medical Services",2016,"Annual/Aggregate Filing","Completed","Large Group","Large Group","N/A","8.35","10758","2016"
"HNLH-130751506","Health Net of California, Inc.",2016,"Annual/Aggregate Filing","Completed","Large Group","Large Group HMO & POS Commercial Product","N/A","4.2","320148","2016"
"WNHA-130750255","Western Health Advantage",2016,"Annual/Aggregate Filing","Completed","Large Group","Large Group Aggregate Rate Data Report","N/A","3.2","86926","2016"
"MLSD-130751982","County of Ventura",2016,"Annual/Aggregate Filing","Completed","Large Group","Ventura Large Group Rate Filing","N/A","5.8","15529","2016"
"SCCO-130751456","Santa Clara County",2016,"Annual/Aggregate Filing","Completed","Large Group","VHP Commercial Large Group","N/A","3.4","18357","2016"
"CCHP-130750174","Chinese Community Health Plan",2016,"Annual/Aggregate Filing","Completed","Large Group","CCHP 2016 Rate Filings for Large Group ","N/A","7.3","3018","2016"
"CCGH-130742724","Cigna HealthCare of California, Inc.",2016,"Annual/Aggregate Filing","Completed","Large Group","Large Group Annual Aggregate Rate Data Report, 2016","N/A","5.1","175379","2016"
"UHLC-130745570","UHC of California",2016,"Annual/Aggregate Filing","Completed","Large Group","SB 546 - Large Group Annual Aggregate Rate Data Report","N/A","5.7","382654","2016"
"BCCA-130795883","California Physicians' Service",2016,"Annual/Aggregate Filing","Completed","Large Group","Large Group Products","N/A","5.9","467,506","2016"
"MEHP-130798012","Medi-Excel, S.A. de C.V.",2016,"Annual/Aggregate Filing","Completed","Large Group","HMO","N/A","1.7","2165","2016"
"SCCO-130791984","Santa Clara County",2016,"Rate Filing","Completed","Small Group","Small Group Rate Filing","7.9","7.9","32","01/01/2017"
"SFHP-130806142","San Francisco Community Health Authority",2016,"Annual/Aggregate Filing","Completed","Large Group","Healthy Workers","N/A","9.61","11345","2016"
"BCCA-130808034","California Physicians' Service",2016,"Rate Filing","Completed","Small Group","Small Group Plans, Q2, 2017","5.8","5.8","43,273","04/01/2017"
"SSHP-130835311","MemorialCare Select Health Plan",2016,"Annual/Aggregate Filing","Completed","Large Group","HMO RATE DATA","N/A","6","135","2016"
"SHHP-130849194","Sharp Health Plan",2016,"Rate Filing","Completed","Small Group","Q22017 SG NGF Rates","5.5","5.5","26,021","04/01/2017"
"SCRP-130849239","Scripps Health Plan Services, Inc.",2016,"Annual/Aggregate Filing","Completed","Large Group","Scripps Health Plan HMO","N/A","N/A","N/A","2016"
"HNLH-130849229","Health Net of California, Inc.",2016,"Rate Filing","Completed","Small Group","Small Group GF Plans","8.4","8.4","26,834","04/01/2017"
"HNLH-130849217","Health Net of California, Inc.",2016,"Rate Filing","Completed","Small Group","Smal Group ACA Compliant Plans","12.9","12.9","100,014","04/01/2017"
"OHIN-130848308","Oscar Health Plan of California",2016,"New Product Filing","Completed","Small Group","Oscar CASG 2Q2017 Off Exchange Rates","New Products","New Products","","04/01/2017"
"AETN-130847715","Aetna Health of California Inc.",2016,"Rate Filing","Completed","Small Group","Aetna SG AHI-CA 040117","13.9","13.9","57,000","04/01/2017"
"WNHA-129864648","Western Health Advantage",2015,"Rate Filing","Completed","Small Group","Small Group 2Q 2015 Rates","-0.9","-0.9","10,749","04/01/2015"
"AWLP-129863615","Blue Cross of California",2015,"Rate Filing","Completed","Small Group","DMHC Small Group Off Exchange 2Q15","8.8","8.8","36,281","04/01/2015"
"UHLC-129873701","UHC of California",2015,"Rate Filing","Completed","Small Group","UHG CA HMO 201504","5.2","5.2","36,447","04/01/2015"
"HNLH-129899326","Health Net of California, Inc.",2015,"Rate Filing","Completed","Small Group","Small Business Group HMO & HSP Plans","-3.0","-3.0","5112 ","04/01/2015"
"AETN-129884062","Aetna Health of California Inc.",2015,"Rate Filing","Unreasonable Rate Increase that is Unjustified","Small Group","Aetna SG AHI-CA 04012015","19.2","19.2","89,454","04/01/2015"
"KHPI-129903516","Kaiser Foundation Health Plan, Inc.",2015,"Annual/Aggregate Filing","Completed","Small Group","2014 CA Annual Aggregate Rate Data Report","N/A","N/A","N/A","2014"
"SHHP-129905576","Sharp Health Plan",2015,"Rate Filing","Completed","Small Group","2015Q2 SG GF Rates","6.1","6.1","1,694","04/01/2015"
"AWLP-129972091","Blue Cross of California",2015,"Rate Filing","Completed","Small Group","DMHC Small Group Off Exchange 3Q15","12.0","12.0","40,721","07/01/2015"
"SUTT-129973856","Sutter Health Plan",2015,"Annual/Aggregate Filing","Completed","Small Group","2014 Annual Aggregate Rate Data Report Form","N/A","N/A","N/A","2014"
"AWLP-129951632","Blue Cross of California",2015,"Annual/Aggregate Filing","Completed","Individual","Annual Aggregate Rate Data Form","N/A","N/A","N/A","2014"
"BCCA-129922501","California Physicians' Service",2015,"Annual/Aggregate Filing","Completed","Individual","Aggregate Rate Filing Data Report","N/A","N/A","N/A","2014"
"AETN-129946872","Aetna Health of California Inc.",2015,"Annual/Aggregate Filing","Completed","Small Group","Annual Aggregate Rate Data Report - DMHC","N/A","N/A","N/A","2014"
"GEHP-129907566","GEMCare Health Plan, Inc.",2015,"Annual/Aggregate Filing","Completed","Small Group","GEMCare Health Plan","N/A","N/A","N/A","2014"
"SHHP-129924792","Sharp Health Plan",2015,"Annual/Aggregate Filing","Completed","Small Group","Annual Aggregate Rate Data Report","N/A","N/A","N/A","2014"
"CCHP-129951626","Chinese Community Health Plan",2015,"Annual/Aggregate Filing","Completed","Individual","CCHP 2015 Aggregate Rate Filings for Individual & Family Plans","N/A","N/A","N/A","2014"
"WNHA-129930484","Western Health Advantage",2015,"Annual/Aggregate Filing","Completed","Small Group","2014 Annual Aggregate Rate Data Report","N/A","N/A","N/A","2014"
"HNLH-129943556","Health Net of California, Inc.",2015,"Annual/Aggregate Filing","Completed","Small Group","Individual/Family and Small Business Group Plans","N/A","N/A","N/A","2014"
"UHLC-129949022","UHC of California",2015,"Annual/Aggregate Filing","Completed","Small Group","Annual Aggregate Rate Data Report","N/A","N/A","N/A","2014"
"CCHP-129951664","Chinese Community Health Plan",2015,"Annual/Aggregate Filing","Completed","Small Group","CCHP 2015 Aggregate Rate Filings for Small Group Plans","N/A","N/A","N/A","2014"
"MHCA-129949141","Molina Healthcare of California",2015,"Annual/Aggregate Filing","Completed","Individual","Molina Marketplace 2014","N/A","N/A","N/A","2014"
"MEHP-129917602","Medi-Excel, S.A. de C.V.",2015,"Annual/Aggregate Filing","Completed","Small Group","MediExcel Health Plan","N/A","N/A","N/A","2014"
"SCCO-129943648","Santa Clara County",2015,"Annual/Aggregate Filing","Completed","Small Group","Small Group Plan","N/A","N/A","N/A","2014"
"LACH-129951173","Local Initiative Health Authority for Los Angeles County",2015,"Annual/Aggregate Filing","Completed","Individual","LA Care Covered ","N/A","N/A","N/A","2014"
"SHHP-130025993","Sharp Health Plan",2015,"Rate Filing","Completed","Small Group","2015Q3 SG NGF Rates","8.0","8.0","7,425","07/01/2015"
"MISF-130022716","Sistemas Medicos Nacionales, S.A.de C.V.",2015,"Rate Filing","Completed","Small Group","SIMNSA Small Group","0","0","2,817","01/01/2015"
"BCCA-130028213","California Physicians' Service",2015,"Rate Filing","Completed","Small Group","Small Group Plans","2.8","2.8","13,607","07/01/2015"
"HNLH-130029727","Health Net of California, Inc.",2015,"Rate Filing","Completed","Small Group","Small Business Group HMO & HSP Plans","10.2","10.2","122,003","07/01/2015"
"MISF-130036481","Sistemas Medicos Nacionales, S.A.de C.V.",2015,"Annual/Aggregate Filing","Completed","Small Group","SIMNSA Small Group","N/A","N/A","N/A","2014"
"MEHP-130051049","Medi-Excel, S.A. de C.V.",2015,"Rate Filing","Completed","Small Group","MediExcel Health Plan","-0.9","-0.9","562","07/01/2015"
"AETN-130035569","Aetna Health of California Inc.",2015,"Rate Filing","Unreasonable Rate Increase that is Unjustified","Small Group","Aetna SG AHI-CA 07012015","21.0","21.0","82,258","07/01/2015"
"UHLC-130047897","UnitedHealthcare Benefits Plan of California",2015,"New Product Filing","Completed","Individual","2016 CA Individual Exchange","New Products","New Products","","01/01/2016"
"SHHP-130058672","Sharp Health Plan",2015,"Rate Filing","Completed","Small Group","2015Q3 SG GF Rates","8.6","8.6","1,652","07/01/2015"
"UHLC-130071428","UHC of California",2015,"Rate Filing","Completed","Small Group","UHG CA HMO 201510","5.7","5.7","35,042","10/01/2015"
"SUTT-130134820","Sutter Health Plan",2015,"Rate Filing","Completed","Small Group","2015 Small Group 4Q Rate Filing","0.8","0.8","7,548","10/01/2015"
"BCCA-130164652","California Physicians' Service",2015,"Rate Filing","Completed","Small Group","Small Group Plans","5.8","5.8","116,224","10/01/2015"
"SHHP-130167685","Sharp Health Plan",2015,"Rate Filing","Completed","Small Group","2015 Q4 NGF Small Group Rates","4.5","4.5","11,394","10/01/2015"
"AWLP-130080574","Blue Cross of California",2015,"Rate Filing","Completed","Individual","DMHC Individual On and Off Exchange","5.7","5.7","492,593","01/01/2016"
"OHIN-130056346","Oscar Health Plan of California",2015,"New Product Filing","Completed","Individual","Oscar 2016 Off Exchange Plans","New Products","New Products","","01/01/2016"
"BCCA-130112529","California Physicians' Service",2015,"Rate Filing","Completed","Individual","PPO Standard-Platinum,Gold ,Silver ,Bronze,Catastrophic ,Bronze HSA,Platinum HSAPPO Standard-Platinum,Gold ,Silver ,Bronze,Catastrophic ,Bronze HSA,Platinum HSA","4.6","4.6","492,093","01/01/2016"
"HNLH-130071156","Health Net of California, Inc.",2015,"Rate Filing","Completed","Individual","Individual and Family Plans - On & Off Exchange","3.5","3.5","201,143","01/01/2016"
"KHPI-130043097","Kaiser Foundation Health Plan, Inc.",2015,"Rate Filing","Completed","Individual","KFHP Non-Grandfathered Individual HMO Plan Rates, January 2016","4.6","4.6","555,280","01/01/2016"
"WNHA-130109416","Western Health Advantage",2015,"Rate Filing","Completed","Individual","2016 Individual Rates","4.0","4.0","7,462 ","01/01/2016"
"MHCA-130080886","Molina Healthcare of California",2015,"Rate Filing","Completed","Individual","Molina Marketplace 2016","-7.8","-7.8","19,754","01/01/2016"
"LACH-130055412","Local Initiative Health Authority for Los Angeles County",2015,"Rate Filing","Completed","Individual","2016 QHP","-2.2","-2.2","15,159 ","01/01/2016"
"SCCO-130070626","Santa Clara County",2015,"Rate Filing","Completed","Individual","California Health Benefit Exchange Individual Plan","2.99","2.99","2,200","01/01/2016"
"SUTT-130117313","Sutter Health Plan",2015,"Rate Filing","Completed","Individual","2016 Individual Group Rates","-18.5","-18.5","17","01/01/2016"
"CCHP-130076434","Chinese Community Health Plan",2015,"Rate Filing","Completed","Individual","CCHP 2016 Rate Filings for Individual & Family Plans","0.0","0.0","13,835","01/01/2016"
"SHHP-130082183","Sharp Health Plan",2015,"Rate Filing","Completed","Individual","2016 Individual Rates","-0.5","-0.5","15,441","01/01/2016"
"BCCA-130113221","California Physicians' Service",2015,"Rate Filing","Completed","Small Group","Small Group Plans","4.8","4.8","14,098","01/01/2016"
"SUTT-130116424","Sutter Health Plan",2015,"Rate Filing","Completed","Small Group","2016 Small Group Rates","4.5","4.5","629","01/01/2016"
"KHPI-130078638","Kaiser Foundation Health Plan, Inc.",2015,"Rate Filing","Completed","Small Group","KFHP Non-Grandfathered Small Group HMO Plan Rates, January 2016","3.6","3.6","463,402","01/01/2016"
"AWLP-130075472","Blue Cross of California",2015,"Rate Filing","Completed","Small Group","DMHC Small Group Off Exchange 1Q16","4.5","4.5","31,088","01/01/2016"
"AETN-130069602","Aetna Health of California Inc.",2015,"Rate Filing","Completed","Small Group","Aetna SG AHI-CA 01012016","4.7","4.7","82,258","01/01/2016"
"HNLH-130080983","Health Net of California, Inc.",2015,"Rate Filing","Completed","Small Group","Small Group ACA Plans","4.1","4.1","119,060","01/01/2016"
"SHHP-130080952","Sharp Health Plan",2015,"Rate Filing","Completed","Small Group","2016Q1 SG NGF Rates","2.5","2.5","11,394","01/01/2016"
"MEHP-130117595","Medi-Excel, S.A. de C.V.",2015,"Rate Filing","Not Unreasonable (Modified)","Small Group","MediExcel Health Plan","0.0","-4.0","565","01/01/2016"
"UHLC-130071499","UHC of California",2015,"Rate Filing","Completed","Small Group","UHG CA HMO 201601","0.8","0.8","35,042","01/01/2016"
"MISF-130082449","County of Ventura",2015,"Rate Filing","Completed","Small Group","Ventura County Health Care Plan - Small Group Clinic Employees","0","0","813","01/01/2016"
"CCHP-130083170","Chinese Community Health Plan",2015,"Rate Filing","Completed","Small Group","CCHP 2016 Rate Filings for Small Group","22.1","22.1","2,257","01/01/2016"
"WNHA-130108741","Western Health Advantage",2015,"Rate Filing","Completed","Small Group","2016 Small Group Rates","1.2","1.2","37,180","01/01/2016"
"HNLH-130189078","Health Net of California, Inc.",2015,"Rate Filing","Completed","Small Group","A1263 - Small Business Group HMO & HSP Plans 10-01-15 rates","5.9","5.9","119,060","10/01/2015"
"MLSD-130279605","Sistemas Medicos Nacionales, S.A.de C.V.",2015,"Rate Filing","Completed","Small Group","SIMNSA Small Group Rate Filing","6.0","6.0","2,333","01/01/2016"
"KHPI-130286676","Kaiser Foundation Health Plan, Inc.",2015,"Rate Filing","Completed","Small Group","KFHP Grandfathered Small Group POS Rates Jan 2016","5.0","5.0","237","01/01/2016"
"KHPI-130285519","Kaiser Foundation Health Plan, Inc.",2015,"Rate Filing","Completed","Small Group","KFHP Grandfathered Small Group HMO Rates Jan 2016","3.5","3.5","199,195","01/01/2016"
"BCCA-130292923","California Physicians' Service",2015,"Rate Filing","Completed","Individual"," PPO Savings 2400; Shield Spectrum Plans-500, 750, 1500, 2000, 5500","9.8","9.8","11,312","01/01/2016"
"AWLP-130344239","Blue Cross of California",2015,"Rate Filing","Completed","Individual","ABC Grandfathered Plans","13.5","13.5","39,000","04/01/2016"
"HNLH-130368999","Health Net of California, Inc.",2015,"Rate Filing","Completed","Small Group","Small Group ACA Plans 04-01-16 Rates","11.2","11.2","118,310","04/01/2016"
"SHHP-130374363","Sharp Health Plan",2015,"Rate Filing","Completed","Small Group","2016Q2 SG NGF Rates","6.2","6.2","12,462","04/01/2016"
"WNHA-130379276","Western Health Advantage",2015,"Rate Filing","Completed","Small Group","2Q 2016 Small Group Rates","-0.7","-0.7","37,180","04/01/2016"
"MEHP-129358635","Medi-Excel, S.A. de C.V.",2014,"New Product Filing","Completed","Small Group","MediExcel Health Plan","New Products","New Products","","01/01/2014"
"AWLP-129337830","Blue Cross of California",2014,"Rate Filing","Completed","Small Group","DMHC Small Group Off Exchange 2Q14","-7.9","-7.9","","04/01/2014"
"BCCA-129395893","California Physicians' Service",2014,"Rate Filing","Completed","Small Group","Small Group Plans","2.2","2.2","7257","04/01/2014"
"AETN-129386170","Aetna Health of California Inc.",2014,"Rate Filing","Completed","Small Group","Aetna SG AHI-CA 04012014","2.02","2.02","75128","04/01/2014"
"CCHP-129398480","Chinese Community Health Plan",2014,"New Product Filing","Completed","Small Group","CCHP 2014 Q2 Opal50 and ActiveChoice-PPO Rates","New Products","New Products","","04/01/2014"
"AETN-129418079","Aetna Health of California Inc.",2014,"Annual/Aggregate Filing","Completed","Small Group","Annual Aggregate Rate Data Report - DMHC","N/A","N/A","N/A","2013"
"MISF-129443123","County of Ventura",2014,"Annual/Aggregate Filing","Completed","Small Group","Ventura County Health Care Plan - Small Group Clinic Employees","N/A","N/A","N/A","2013"
"MISF-129462714","Sistemas Medicos Nacionales, S.A.de C.V.",2014,"Annual/Aggregate Filing","Completed","Small Group","SIMNSA Small Group","N/A","N/A","N/A","2013"
"CCHP-129439388","Chinese Community Health Plan",2014,"Annual/Aggregate Filing","Completed","Small Group","CCHP 2014 Aggregate Rate Filings for Small Group Plans","N/A","N/A","N/A","2013"
"CCOH-129434508","Contra Costa County Medical Services",2014,"Annual/Aggregate Filing","Completed","Individual","Individual","N/A","N/A","N/A","2013"
"CCHP-129438519","Chinese Community Health Plan",2014,"Annual/Aggregate Filing","Completed","Individual","CCHP 2014 Aggregate Rate Filings for Individual & Family Plans","N/A","N/A","N/A","2013"
"KHPI-129404124","Kaiser Foundation Health Plan, Inc.",2014,"Annual/Aggregate Filing","Completed","Small Group","CA Annual Aggregate Rate Data Report","N/A","N/A","N/A","2013"
"GEHP-129418182","GEMCare Health Plan, Inc.",2014,"Annual/Aggregate Filing","Completed","Small Group","GEMCare Health Plan","N/A","N/A","N/A","2013"
"LACH-129461364","Local Initiative Health Authority for Los Angeles County",2014,"Annual/Aggregate Filing","Completed","Individual","L.A. Care Covered","N/A","N/A","N/A","2013"
"MEHP-129456139","Medi-Excel, S.A. de C.V.",2014,"Annual/Aggregate Filing","Completed","Small Group","MediExcel Health Plan","N/A","N/A","N/A","2013"
"AWLP-129416437","Blue Cross of California",2014,"Annual/Aggregate Filing","Completed","Individual","Annual Aggregate Rate Data Form","N/A","N/A","N/A","2013"
"BCCA-129420965","California Physicians' Service",2014,"Annual/Aggregate Filing","Completed","Individual","Aggregate Rate Filing Data Report","N/A","N/A","N/A","2013"
"WNHA-129418173","Western Health Advantage",2014,"Annual/Aggregate Filing","Completed","Small Group","2013 Annual Aggregate Rate Data","N/A","N/A","N/A","2013"
"MHCA-129433413","Molina Healthcare of California",2014,"Annual/Aggregate Filing","Completed","Individual","Molina Marketplace","N/A","N/A","N/A","2013"
"HNLH-129416278","Health Net of California, Inc.",2014,"Annual/Aggregate Filing","Completed","Small Group","Individual/Family and Small Business Group Plans","N/A","N/A","N/A","2013"
"SCCO-129471699","Santa Clara County",2014,"Annual/Aggregate Filing","Completed","Individual","Annual Aggregate Report","N/A","N/A","N/A","2013"
"SUTT-129435943","Sutter Health Plan",2014,"Annual/Aggregate Filing","Completed","Small Group","Annual Aggregate Rate Data Report Form","N/A","N/A","N/A","2013"
"UHLC-129418171","UHC of California",2014,"Annual/Aggregate Filing","Completed","Small Group","Annual Aggregate Rate Data Report","N/A","N/A","N/A","2013"
"SHHP-129410979","Sharp Health Plan",2014,"Annual/Aggregate Filing","Completed","Small Group","Annual Aggregate Report: CalChoice - 2013","N/A","N/A","N/A","2013"
"SHHP-129410977","Sharp Health Plan",2014,"Annual/Aggregate Filing","Completed","Small Group","Annual Aggregate Report - 2013","N/A","N/A","N/A","2013"
"UHLC-129457008","UHC of California",2014,"New Product Filing","Completed","Small Group","UHG CA HMO 201407-20130313","New Products","New Products","","07/01/2014"
"BCCA-129493227","California Physicians' Service",2014,"Rate Filing","Completed","Small Group","Small Group Plans","2.2","2.2","12,281","07/01/2014"
"SCCO-129501806","Santa Clara County",2014,"Rate Filing","Completed","Small Group","Small Group Plan","6.4","6.4","1","07/01/2014"
"AETN-129406691","Aetna Health of California Inc.",2014,"Rate Filing","Completed","Small Group","Aetna SG AHI-CA 07012014","0.2","0.2","75,128","07/01/2014"
"MEHP-129518205","Medi-Excel, S.A. de C.V.",2014,"Rate Filing","Completed","Small Group","MediExcel Health Plan","-22.5","-22.5","6","07/01/2014"
"HNLH-129522381","Health Net of California, Inc.",2014,"Rate Filing","Completed","Small Group","Small Business Group Non-Grandfathered","-6.9","-6.9","1,160","07/01/2014"
"HNLH-129522410","Health Net of California, Inc.",2014,"Rate Filing","Completed","Small Group","Small Business Group Grandfathered","7.0","7.0","44,625","07/01/2014"
"HNLH-129621581","Health Net of California, Inc.",2014,"Rate Filing","Completed","Small Group","Small Business Group Transitional Plans","4.0","4.0","141,501","09/01/2014"
"WNHA-129621336","Western Health Advantage",2014,"Rate Filing","Completed","Small Group","Small Group Transitional Rates","7.0","7.0","30,342","09/01/2014"
"AWLP-129588136","Blue Cross of California",2014,"Rate Filing","Not Unreasonable (Modified)","Small Group","DMHC Small Group Rates Effective October 1, 2014","15.2","12.9","282,983","10/01/2014"
"BCCA-129652992","California Physicians' Service",2014,"Rate Filing","Completed","Small Group","Access+ HMO Premier Plans, Local Access+ HMO Premier Plans, Access+ HMO Enhanced Plans, Local Access+ HMO Enhanced Plans, Premier PPO 20","1.8","1.8","59,154","10/01/2014"
"BCCA-129652989","California Physicians' Service",2014,"Rate Filing","Completed","Small Group","Small Group Plans","-2.1","-2.1","9,519","10/01/2014"
"BCCA-129656912","California Physicians' Service",2014,"Rate Filing","Completed","Individual","PPO Standard-Platinum,Gold ,Silver ,Bronze,Catastrophic ,Bronze HSA,Platinum HSA; EPO Standard-Platinum, Gold,Silver,Bronze,Catastrophic,Bronze HSA","6.0","6.0","547,657","01/01/2015"
"SHHP-129661394","Sharp Health Plan",2014,"Rate Filing","Completed","Small Group","Small Group NGF 4Q2014 Rates","2.3","2.3","6,650","10/01/2014"
"WNHA-129662305","Western Health Advantage",2014,"Rate Filing","Completed","Individual","2015 Rates-IndCC, IndCC-HSA,AdvInd-HSA","-1.0","-1.0","4,233","01/01/2015"
"AWLP-129656693","Blue Cross of California",2014,"Rate Filing","Completed","Individual","DMHC Individual On and Off Exchange","5.8","5.8","574,473","01/01/2015"
"HNLH-129662443","Health Net of California, Inc.",2014,"Rate Filing","Completed","Individual","Individual and Family Plans- On & Off Exchange","4.8","4.8","250,992","01/01/2015"
"SHHP-129662310","Sharp Health Plan",2014,"Rate Filing","Completed","Individual","Individual 01/01/2015 Rates","4.3","4.3","8,353","01/01/2015"
"MHCA-129660027","Molina Healthcare of California",2014,"Rate Filing","Completed","Individual","Molina Marketplace 2015","2.3","2.3","8,212","01/01/2015"
"UHLC-129656603","UHC of California",2014,"Rate Filing","Completed","Small Group","UHG CA HMO 201410 (TR)","8.3","8.3","21,205","10/01/2014"
"UHLC-129605643","UHC of California",2014,"Rate Filing","Completed","Small Group","UHG CA HMO 201410 (ACA)","2.0","2.0","23,885","10/01/2014"
"LACH-129661443","Local Initiative Health Authority for Los Angeles County",2014,"Rate Filing","Completed","Individual","LACC 2015","9.2","9.2","38,278","01/01/2015"
"CCHP-129610594","Chinese Community Health Plan",2014,"Rate Filing","Completed","Individual","CCHP 2015 IFP RATE FILING","9.6","9.6","18,424","01/01/2015"
"KHPI-129631256","Kaiser Foundation Health Plan, Inc.",2014,"Rate Filing","Completed","Individual","2015 KFHP Non-Grandfathered Individual HMO Plans","-3.0","-3.0","387,104","01/01/2015"
"AWLP-129643174","Blue Cross of California",2014,"Rate Filing","Completed","Small Group","DMHC Small Group Off Exchange 1Q15","-2.9","-2.9","22,685","01/01/2015"
"HNLH-129666973","Health Net of California, Inc.",2014,"Rate Filing","Completed","Small Group","Small Group Nongrandfathered Plans","-0.1","-0.1","5,112","10/01/2014"
"SCCO-129671556","Santa Clara County",2014,"Rate Filing","Completed","Individual","California Health Benefit Exchange Individual Plan","0.97","0.97","4,200","01/01/2015"
"BCCA-129691651","California Physicians' Service",2014,"Rate Filing","Completed","Small Group","Small Group Plans","-0.1","-0.1","3,616","01/01/2015"
"KHPI-129679683","Kaiser Foundation Health Plan, Inc.",2014,"Rate Filing","Completed","Small Group","KFHP Non-Grandfathered Small Group HMO Plan Rates January 2015","2.4","2.4","418,316","01/01/2015"
"WNHA-129693129","Western Health Advantage",2014,"Rate Filing","Completed","Small Group","2015 Small Group (All) Rate Filing","2.7","2.7","4,613","01/01/2015"
"SHHP-129691704","Sharp Health Plan",2014,"Rate Filing","Completed","Small Group","1Q2015 SG NGF Rate Filing","4.6","4.6","6,650","01/01/2015"
"CCHP-129677583","Chinese Community Health Plan",2014,"Rate Filing","Completed","Small Group","CCHP 2015 GROUP RATE FILING","8.6","8.7","2,378","01/01/2015"
"GEHP-129700943","GEMCare Health Plan, Inc.",2014,"Rate Filing","Completed","Small Group","GEM & PC 11.1.14","1.44","1.44","3,325","11/01/2014"
"AETN-129577528","Aetna Health of California Inc.",2014,"Rate Filing","Unreasonable Rate Increase that is Unjustified","Small Group","Aetna SG AHI-CA 01012015","17.3","17.3","75,264","01/01/2015"
"SUTT-129728990","Sutter Health Plan",2014,"Rate Filing","Completed","Individual","Individual HMO","6.0","6.0","26","01/01/2015"
"SUTT-129654212","Sutter Health Plan",2014,"Rate Filing","Completed","Small Group","Small Group HMO","0.0","0.0","821","01/01/2015"
"SCCO-129706134","Santa Clara County",2014,"Rate Filing","Completed","Small Group","Small Group Plan","12.55","12.55","11","01/01/2015"
"HNLH-129746221","Health Net of California, Inc.",2014,"Rate Filing","Completed","Small Group","Small Business Group Transitional Plans","8.7","8.7","137,430","12/01/2014"
"SHHP-129747140","Sharp Health Plan",2014,"Rate Filing","Completed","Small Group","12/01/2014 NGF SG Transitional Plans","9.2","9.2","3,498","12/01/2014"
"UHLC-129731471","UHC of California",2014,"Rate Filing","Completed","Small Group","UHG CA HMO 201501 (ACA)","3.5","3.5","37,384","01/01/2015"
"BCCA-129757435","California Physicians' Service",2014,"Rate Filing","Completed","Individual","Access+ Value HMO; PPO Savings 2400; Shield Spectrum Plans-500, 750, 1500, 2000, 5500","9.7","9.7","11,646","01/01/2015"
"KHPI-129736944","Kaiser Foundation Health Plan, Inc.",2014,"Rate Filing","Completed","Small Group","KFHP Grandfathered Small Group HMO Rates Jan 2015","2.0","2.0","224,778","01/01/2015"
"HNLH-129788043","Health Net of California, Inc.",2014,"Rate Filing","Completed","Small Group","Small Group Nongrandfathered Plans","-4.8","-4.8","5,112","01/01/2015"
"KHPI-129772995","Kaiser Foundation Health Plan, Inc.",2014,"Rate Filing","Completed","Small Group","KFHP Small Group POS Rates Jan 2015","8.0","8.0","358","01/01/2015"
"KHPI-129773042","Kaiser Foundation Health Plan, Inc.",2014,"Rate Filing","Completed","Individual","KFHP Grandfathered Individual Plan HMO Rates Jan 2015","4.1","4.1","115,952","01/01/2015"
"SHHP-129791387","Sharp Health Plan",2014,"Rate Filing","Completed","Small Group","1/1/2015 Small Group Grandfathered Rates","4.2","4.2","1,855","01/01/2015"
"AWLP-129824700","Blue Cross of California",2014,"Rate Filing","Completed","Individual","ABC Grandfathered Plans","4.4","4.4","47,247","04/01/2015"
"HNLH-129821794","Health Net of California, Inc.",2014,"Rate Filing","Not Unreasonable (Modified)","Small Group","Small Group Grandfathered Plans","9.5","8.6","41,841","02/01/2015"
"MEHP-129860505","Medi-Excel, S.A. de C.V.",2014,"Rate Filing","Completed","Small Group","small group","0.0","0.0","486","03/01/2015"
"CCHP-128828094","Chinese Community Health Plan",2013,"New Product Filing","Completed","Small Group","CCHP 2013 New ActiveChoice-PPO Rates for Small Group","New Products","New Products","","03/01/2013"
"SHHP-128830951","Sharp Health Plan",2013,"New Product Filing","Completed","Small Group","California Choice 3.1.13 New Product Rates","New Products","New Products","","03/01/2013"
"CCHP-128826484","Chinese Community Health Plan",2013,"New Product Filing","Completed","Individual","CCHP 2013 New ActiveChoice Rates for Individual & Family Plans","New Products","New Products","","03/01/2013"
"AWLP-128797997","Blue Cross of California",2013,"Rate Filing","Not Unreasonable (Modified)","Small Group","DMHC Small Group Rates Effective April 1, 2013","4.0","3.7","108,401","04/01/2013"
"UHLC-128851599","UHC of California",2013,"Annual/Aggregate Filing","Completed","Small Group","Annual Aggregate Rate Data Report","N/A","N/A","N/A","2012"
"SHHP-128875141","Sharp Health Plan",2013,"Rate Filing","Completed","Small Group","Small Group Rates Effective 4.1.2013","9.8","9.8","3379","04/01/2013"
"HNLH-128876636","Health Net of California, Inc.",2013,"New Product Filing","Completed","Small Group","SmartCare Plans Regions 2 & 3","New Products","New Products","","04/01/2013"
"AWLP-128891950","Blue Cross of California",2013,"Annual/Aggregate Filing","Completed","Individual","Annual Aggregate Rate Data Form","N/A","N/A","N/A","2012"
"CCHP-128895540","Chinese Community Health Plan",2013,"Annual/Aggregate Filing","Completed","Small Group","CCHP 2013 Aggregate Rate Filings for Small Group Plans","N/A","N/A","N/A","2012"
"CCHP-128895176","Chinese Community Health Plan",2013,"Annual/Aggregate Filing","Completed","Individual","CCHP 2013 Aggregate Rate Filings for Individual & Family Plans","N/A","N/A","N/A","2012"
"HNLH-128899601","Health Net of California, Inc.",2013,"Annual/Aggregate Filing","Completed","Small Group","Individual/Family and Small Business Non-pooled Plans","N/A","N/A","N/A","2012"
"SHHP-128900396","Sharp Health Plan",2013,"Annual/Aggregate Filing","Completed","Small Group","Aggregate Rate Filing Data Report - California Choice","N/A","N/A","N/A","2012"
"SHHP-128900375","Sharp Health Plan",2013,"Annual/Aggregate Filing","Completed","Small Group","Aggregate Rate Filing Data Report ","N/A","N/A","N/A","2012"
"UHLC-128883163","UHC of California",2013,"Rate Filing","Completed","Small Group","UHG CA HMO 201305 - 20130206","7.4","7.4","36436","05/01/2013"
"KHPI-128917445","Kaiser Foundation Health Plan, Inc.",2013,"Annual/Aggregate Filing","Completed","Small Group","CA Annual Aggregate Rate Data Report","N/A","N/A","N/A","2012"
"WNHA-128918449","Western Health Advantage",2013,"Annual/Aggregate Filing","Completed","Small Group","Aggregate Rate Data Report","N/A","N/A","N/A","2012"
"AETN-128917848","Aetna Health of California Inc.",2013,"Annual/Aggregate Filing","Completed","Small Group","Annual Aggregate Rate Data Report - DMHC","N/A","N/A","N/A","2012"
"MISF-128923303","County of Ventura",2013,"Annual/Aggregate Filing","Completed","Small Group","Ventura County Health Care Plan","N/A","N/A","N/A","2012"
"GEHP-128923810","GEMCare Health Plan, Inc.",2013,"Annual/Aggregate Filing","Completed","Small Group","GEMCare Health Plan","N/A","N/A","N/A","2012"
"BCCA-128930056","California Physicians' Service",2013,"Annual/Aggregate Filing","Completed","Individual","Aggregate Rate Filing Data Report","N/A","N/A","N/A","2012"
"CCOH-128951253","Contra Costa County Medical Services",2013,"Annual/Aggregate Filing","Completed","Small Group","California Annual Aggregate Rate Data Report Form","N/A","N/A","N/A","2012"
"AMMS-128937373","UnitedHealthcare of California, Inc.",2013,"Rate Filing","Not Unreasonable (Modified)","Individual","CA HMO","18.2","0.0","4506","07/01/2013"
"AETN-128955652","Aetna Health of California Inc.",2013,"Rate Filing","Completed","Small Group","Aetna SG AHI-CA 07012013","10.8","10.8","76441","07/01/2013"
"AWLP-128965566","Blue Cross of California",2013,"New Product Filing","Completed","Small Group","Select PPO Plans","New Products","New Products","","07/01/2013"
"WNHA-129003165","Western Health Advantage",2013,"Rate Filing","Completed","Small Group","WHA Small Group HMO","8.9","8.9","28483","07/01/2013"
"SHHP-129005624","Sharp Health Plan",2013,"Rate Filing","Completed","Small Group","California Choice 7.1.13 Rates","8.2","8.2","977","07/01/2013"
"KHPI-128947512","Kaiser Foundation Health Plan, Inc.",2013,"Rate Filing","Completed","Small Group","KFHP SBU HMO July 2013","6.1","6.1","291662","07/01/2013"
"BCCA-129039945","California Physicians' Service",2013,"New Product Filing","Completed","Individual","PPO Standard-Platinum,Gold ,Silver ,Silver %FPL,Bronze,Catastrophic ,Bronze HSA,Platinum HSA; EPO Standard-Platinum, Gold,Silver, Silver %FPL,Bronze,Catastrophic,Bronze HSA","New Products","New Products","","01/01/2014"
"MHCA-129037678","Molina Healthcare of California",2013,"New Product Filing","Completed","Individual","Molina Marketplace","New Products","New Products","","01/01/2014"
"AWLP-129043539","Blue Cross of California",2013,"New Product Filing","Completed","Individual","DMHC Individual On and Off Exchange","New Products","New Products","","01/01/2014"
"MISF-129043218","County of Ventura",2013,"New Product Filing","Completed","Individual","Ventura County Health Care Plan QHP FIling","New Products","New Products","","01/01/2014"
"WNHA-129043885","Western Health Advantage",2013,"New Product Filing","Completed","Individual","Covered CA - Individual","New Products","New Products","","01/01/2014"
"LACH-129044438","Local Initiative Health Authority for Los Angeles County",2013,"New Product Filing","Completed","Individual","QHP 2014","New Products","New Products","","01/01/2014"
"CCHP-129044782","Chinese Community Health Plan",2013,"New Product Filing","Completed","Individual","CCHP 2014 Individual Exchnge QHP Rates","New Products","New Products","","01/01/2014"
"HNLH-129042377","Health Net of California, Inc.",2013,"New Product Filing","Completed","Individual","IEX HMO Plans","New Products","New Products","","01/01/2014"
"SHHP-129044812","Sharp Health Plan",2013,"New Product Filing","Completed","Individual","Individual QHP 1.1.2014","New Products","New Products","","01/01/2014"
"CCOH-129043656","Contra Costa County Medical Services",2013,"New Product Filing","Completed","Individual","Individual","New Products","New Products","","01/01/2014"
"AAJP-129044213","Alameda Alliance For Health",2013,"New Product Filing","Completed","Individual","DMHC Individual On/Off Exchange","New Products","New Products","","01/01/2014"
"SCCO-129044835","Santa Clara County",2013,"New Product Filing","Completed","Individual","California Health Benefit Exchange Individual Product","New Products","New Products","","01/01/2014"
"UHLC-129046703","UHC of California",2013,"Rate Filing","Not Unreasonable (Modified)","Small Group","UHG CA HMO 201308-20130524","7.2","6.6","12,545","08/01/2013"
"SHHP-129055058","Sharp Health Plan",2013,"Rate Filing","Completed","Small Group","Small Group Rates Effective 8.1.2013","9.6","9.6","5336","08/01/2013"
"KHPI-129039751","Kaiser Foundation Health Plan, Inc.",2013,"New Product Filing","Completed","Individual","KFHP Individual Plan HMO Rates Jan 2014","New Products","New Products","","01/01/2014"
"AETN-129058518","Aetna Health of California Inc.",2013,"New Product Filing","Completed","Small Group","Aetna SG AHI-CA 01012014","New Products","New Products","","01/01/2014"
"SUTT-129116824","Sutter Health Plan",2013,"New Product Filing","Completed","Individual","Individual HMO","New Products","New Products","","01/01/2014"
"SHHP-129133717","Sharp Health Plan",2013,"New Product Filing","Completed","Small Group","SHOP QHP 1.1.2014","New Products","New Products","","01/01/2014"
"CCHP-129135527","Chinese Community Health Plan",2013,"New Product Filing","Completed","Small Group","CCHP 2014 SHOP Exchange QHP and OEX Rates","New Products","New Products","","01/01/2014"
"WNHA-129135105","Western Health Advantage",2013,"New Product Filing","Completed","Small Group","Western Health Advantage - SHOP","New Products","New Products","","01/01/2014"
"KHPI-128993028","Kaiser Foundation Health Plan, Inc.",2013,"New Product Filing","Completed","Small Group","KFHP Small Group HMO Rates 2014","New Products","New Products","","01/01/2014"
"AWLP-129133733","Blue Cross of California",2013,"New Product Filing","Completed","Small Group","DMHC Small Group Off Exchange","New Products","New Products","","01/01/2014"
"HNLH-129144435","Health Net of California, Inc.",2013,"New Product Filing","Completed","Small Group","Small Group Plans","New Products","New Products","","01/01/2014"
"SUTT-129176964","Sutter Health Plan",2013,"New Product Filing","Completed","Small Group","Small Group HMO","New Products","New Products","","01/01/2014"
"BCCA-129183608","California Physicians' Service",2013,"New Product Filing","Completed","Small Group","HBEX QHP Bid 2013 - Small Group Plans and Non-HBEX QHP Bid 2013 Current Small Group Plans","New Products","New Products","","01/01/2014"
"KHPI-129200207","Kaiser Foundation Health Plan, Inc.",2013,"New Product Filing","Completed","Individual","KFHP Individual Plan Off-Exchange HMO Rates Jan 2014","New Products","New Products","","01/01/2014"
"HNLH-129207289","Health Net of California, Inc.",2013,"New Product Filing","Completed","Individual","IFP HMO Off-Exchange Mirror Plans","New Products","New Products","","01/01/2014"
"UHLC-129180321","UHC of California",2013,"New Product Filing","Completed","Small Group","UHG CA HMO 201401-20130901 ","New Products","New Products","","01/01/2014"
"UHLC-129206514","UHC of California",2013,"Rate Filing","Completed","Small Group","UHG CA HMO 201401-20130916 (GF)","8.5","8.5","600","01/01/2014"
"KHPI-129216550","Kaiser Foundation Health Plan, Inc.",2013,"New Product Filing","Completed","Small Group","KFHP Small Group HMO Off-Exchange Rates 2014","New Products","New Products","","01/01/2014"
"GEHP-129212938","GEMCare Health Plan, Inc.",2013,"Rate Filing","Completed","Small Group","GEM","5.9","5.9","2722","12/01/2013"
"GEHP-129221538","GEMCare Health Plan, Inc.",2013,"Rate Filing","Completed","Small Group","PC by GEM","5.9","5.9","107","12/01/2013"
"WNHA-129229217","Western Health Advantage",2013,"New Product Filing","Completed","Individual","Individual Rates-Off Exchange","New Products","New Products","","01/01/2014"
"WNHA-129229323","Western Health Advantage",2013,"New Product Filing","Completed","Small Group","Small Group Off-Exchange Rates","New Products","New Products","","01/01/2014"
"HNLH-129229299","Health Net of California, Inc.",2013,"Rate Filing","Completed","Small Group","Small Business Group Non-Pooled","5.26","5.26","164587","12/01/2013"
"BCCA-129237647","California Physicians' Service",2013,"Rate Filing","Completed","Individual","Access+ Value HMO; PPO Savings 2400; Shield Spectrum Plans-500, 750, 1500, 2000, 5500","13.0","13.0","20362","01/01/2014"
"KHPI-129247728","Kaiser Foundation Health Plan, Inc.",2013,"Rate Filing","Completed","Individual","KFHP Grandfathered Individual Plan HMO Rates Jan 2014","7.0","7.0","141566","01/01/2014"
"KHPI-129265482","Kaiser Foundation Health Plan, Inc.",2013,"Rate Filing","Completed","Small Group","KFHP Small Group POS Rates Jan 2014 ","7.1","7.1","240","01/01/2014"
"KHPI-129254967","Kaiser Foundation Health Plan, Inc.",2013,"Rate Filing","Completed","Small Group","KFHP Grandfathered Small Group HMO Rates Jan 2014","7.1","7.1","159915","01/01/2014"
"SHHP-129276039","Sharp Health Plan",2013,"Rate Filing","Completed","Small Group","1.1.2014 Grandfathered Small Group Plans","8.4","8.4","2035","01/01/2014"
"SHHP-129275901","Sharp Health Plan",2013,"New Product Filing","Completed","Small Group","2014 Small Group Non-Mirrored Plans","New Products","New Products","","01/01/2014"
"GEHP-129274282","GEMCare Health Plan, Inc.",2013,"New Product Filing","Completed","Small Group","2014 Small Group - PC & GEM","New Products","New Products","","01/01/2014"
"MISF-129271291","County of Ventura",2013,"New Product Filing","Completed","Individual","Ventura County Health Care Plan - Individual Doctors and Nurses","New Products","New Products","","01/01/2014"
"MISF-129277302","County of Ventura",2013,"New Product Filing","Completed","Small Group","Ventura County Health Care Plan - Small Group Clinic Employees","New Products","New Products","","01/01/2014"
"WNHA-129277917","Western Health Advantage",2013,"Rate Filing","Completed","Small Group","2Q 2014 Small Group Rates","-12.5","-12.5","9","04/01/2014"
"MISF-129304269","Sistemas Medicos Nacionales, S.A.de C.V.",2013,"New Product Filing","Completed","Small Group","SIMNSA Small Group","New Products","New Products","","01/01/2014"
"AWLP-129314159","Blue Cross of California",2013,"Rate Filing","Not Unreasonable (Modified)","Individual","ABC Grandfathered Plans","9.9","7.2","68,878","04/01/2014"
"AWLP-127973799","Blue Cross of California",2012,"New Product Filing","Completed","Small Group","ACO Rates","New Products","New Products","","04/01/2012"
"AWLP-128015592","Blue Cross of California",2012,"Rate Filing","Completed","Individual","DMHC Grandfathered Plans","12.8","12.8","111,407","05/01/2012"
"AWLP-128015904","Blue Cross of California",2012,"Rate Filing","Completed","Individual","Non-Grandfathered Plans","7.4","7.4","7,939","05/01/2012"
"AETN-128009178","Aetna Health of California Inc.",2012,"Rate Filing","Completed","Small Group","Aetna SG AHI-CA 04012012","3.66","3.66","66658","04/01/2012"
"UHLC-128054098","UHC of California",2012,"New Product Filing","Completed","Small Group","UHG CA HMO 201204 - 20120131","New Products","New Products","","04/01/2012"
"UHLC-128065218","UHC of California",2012,"Rate Filing","Completed","Small Group","UHG CA HMO 201205 - 20120203","6.1","6.1","37145","05/01/2012"
"SCCO-128081995","Santa Clara County",2012,"Annual/Aggregate Filing","Completed","Small Group","Group Health Plan - HMO","N/A","N/A","N/A","2011"
"WNHA-128086920","Western Health Advantage",2012,"Annual/Aggregate Filing","Completed","Small Group","Annual Aggregate Report","N/A","N/A","N/A","2011"
"SHHP-128095781","Sharp Health Plan",2012,"Annual/Aggregate Filing","Completed","Small Group","Aggregate Rate Filing Date Report ","N/A","N/A","N/A","2011"
"SHHP-128095745","Sharp Health Plan",2012,"Annual/Aggregate Filing","Completed","Small Group","CalChoice Aggregate Rate Filing Date Report","N/A","N/A","N/A","2011"
"BCCA-128098359","California Physicians' Service",2012,"Annual/Aggregate Filing","Completed","Small Group","Aggregate Rate Filing Data Report","N/A","N/A","N/A","2011"
"BCCA-128095833","California Physicians' Service",2012,"Rate Filing","Completed","Small Group","Access + HMO Premier, Access + HMO Enhanced, Premier PPO, Access Baja HMO, Local Access + HMO Premier, Local Access + HMO Enhanced","5.9","5.9","240077","07/01/2012"
"HNLH-128126952","Health Net of California, Inc.",2012,"Annual/Aggregate Filing","Completed","Small Group","Aggregate Rate Data Form","N/A","N/A","N/A","2011"
"AETN-128126064","Aetna Health of California Inc.",2012,"Annual/Aggregate Filing","Completed","Small Group","Annual Aggregate Rate Data Report - DMHC","N/A","N/A","N/A","2011"
"BCCA-128130797","California Physicians' Service",2012,"New Product Filing","Completed","Individual","New IFP Products: Shield Secure, Shield Secure Plus, Shield Wise, and Shield Saver Plans","New Products","New Products","","07/01/2012"
"CCHP-128139130","Chinese Community Health Plan",2012,"Annual/Aggregate Filing","Completed","Small Group","CCHP SG Ruby & Opal Plans","N/A","N/A","N/A","2011"
"CCHP-128138717","Chinese Community Health Plan",2012,"Annual/Aggregate Filing","Completed","Individual","CCHP IFP Jade & Amber Plans","N/A","N/A","N/A","2011"
"HNLH-128139119","Health Net of California, Inc.",2012,"Rate Filing","Completed","Small Group","A1086 SBG Non-HIPC rates Eff 5/1/12","6.4","6.4","165324","05/01/2012"
"GEHP-128139877","GEMCare Health Plan, Inc.",2012,"Annual/Aggregate Filing","Completed","Small Group","Aggregate Rate Data Report Form_Annual for 2011","N/A","N/A","N/A","2011"
"HNLH-128139675","Health Net of California, Inc.",2012,"New Product Filing","Completed","Small Group","SmartCare New Product Filing 5-12","New Products","New Products","","05/01/2012"
"KHPI-128126421","Kaiser Foundation Health Plan, Inc.",2012,"Annual/Aggregate Filing","Completed","Small Group","CA Annual Aggregate Rate Data Report","N/A","N/A","N/A","2011"
"MISF-128152598","County of Ventura",2012,"Annual/Aggregate Filing","Completed","Individual","Ventura County Health Care Plan","N/A","N/A","N/A","2011"
"AWLP-128254520","Blue Cross of California",2012,"Annual/Aggregate Filing","Completed","Individual","Annual Aggregate Rate Data Form","N/A","N/A","N/A","2011"
"AWLP-128250099","Blue Cross of California",2012,"New Product Filing","Completed","Small Group","Deductible 3000/4000 Plans","New Products","New Products","","07/01/2012"
"WNHA-128314178","Western Health Advantage",2012,"New Product Filing","Completed","Individual","Inidividual Product","New Products","New Products","","07/01/2012"
"KHPI-128191279","Kaiser Foundation Health Plan, Inc.",2012,"Rate Filing","Completed","Individual","KFHP Individual HMO Plans","9.0","9.0","17653","07/01/2012"
"KHPI-128222001","Kaiser Foundation Health Plan, Inc.",2012,"Rate Filing","Completed","Small Group","KFHP SBU HMO Plans","8.2","8.2","299943","07/01/2012"
"SHHP-128309599","Sharp Health Plan",2012,"Rate Filing","Completed","Small Group","CalChoice 7.1.12 Small Group Rates","4.6","4.6","1748","07/01/2012"
"AETN-128302208","Aetna Health of California Inc.",2012,"Rate Filing","Completed","Small Group","Aetna SG AHI-CA 07012012","6.6","6.6","70956","07/01/2012"
"WNHA-128317801","Western Health Advantage",2012,"Rate Filing","Completed","Small Group","Small Group","8.7","8.7","26956","07/01/2012"
"KHPI-128222061","Kaiser Foundation Health Plan, Inc.",2012,"Rate Filing","Completed","Small Group","KFHP SBU POS Plans","8.0","8.0","359","07/01/2012"
"HNLH-128323439","Health Net of California, Inc.",2012,"Rate Filing","Completed","Small Group","CalChoice Small Business Group HMO","9.8","9.8","23140","07/01/2012"
"HNLH-128323664","Health Net of California, Inc.",2012,"New Product Filing","Completed","Individual","IFP HMO Value 50 ","New Products","New Products","","07/01/2012"
"UHLC-128399749","UHC of California",2012,"Rate Filing","Completed","Small Group","UHG CA HMO 201208 - 20120525","6.3","6.3","37442","08/01/2012"
"HNLH-128440698","Health Net of California, Inc.",2012,"Rate Filing","Completed","Small Group","SBG Non-Pooled HMO-Type Plans","5.8","5.8","166625","08/01/2012"
"SHHP-128442022","Sharp Health Plan",2012,"Rate Filing","Completed","Small Group","Small Group 8.1.12 Rates ","-7.6","-7.6","4757","08/01/2012"
"SHHP-128442498","Sharp Health Plan",2012,"New Product Filing","Completed","Small Group","Performance Network 8.1.12 Rates","New Products","New Products","","08/01/2012"
"UHLC-128457618","UHC of California",2012,"Annual/Aggregate Filing","Completed","Small Group","Annual Aggregate Rate Data Report","N/A","N/A","N/A","2011"
"AWLP-128573021","Blue Cross of California",2012,"New Product Filing","Completed","Small Group","Priority Select HMO Rates","New Products","New Products","","10/01/2012"
"AETN-128569983","Aetna Health of California Inc.",2012,"Rate Filing","Completed","Small Group","Aetna SG AHI-CA 10012012","9.9","9.9","70612","10/01/2012"
"SHHP-128613040","Sharp Health Plan",2012,"Rate Filing","Completed","Small Group","Small Group Rates Effective 10.1.2012","-4.8","-4.8","4977","10/01/2012"
"BCCA-128668792","California Physicians' Service",2012,"Rate Filing","Completed","Small Group","Access + HMO Premier, Access + HMO Enhanced, Premier PPO, Access Baja HMO, Local Access + HMO Premier, Local Access + HMO Enhanced","7.7","7.7","199159","01/01/2013"
"HNLH-128668351","Health Net of California, Inc.",2012,"Rate Filing","Completed","Small Group","SBG Non-Pooled HMO-Type Plans","8.8","8.8","168496","11/01/2012"
"CCOH-128667430","Contra Costa County Medical Services",2012,"Rate Filing","Completed","Individual","Rate Filing - Individual","7.5","7.5","1622","11/01/2012"
"CCOH-128668725","Contra Costa County Medical Services",2012,"Rate Filing","Completed","Small Group","Rate Filing - Small Group","7.5","7.5","270","11/01/2012"
"SHHP-128710083","Sharp Health Plan",2012,"New Product Filing","Completed","Individual","Individual Product Rates Effective 12.01.12","New Products","New Products","","12/01/2012"
"CCHP-128710061","Chinese Community Health Plan",2012,"Rate Filing","Completed","Individual","CCHP 2013 Renewal Rates for Individual & Family Plans","1.5","1.5","1563","01/01/2013"
"AWLP-128683754","Blue Cross of California",2012,"Rate Filing","Completed","Small Group","Small Group Rates Effective January 1, 2013","8.0","8.0","152,761","01/01/2013"
"CCHP-128710059","Chinese Community Health Plan",2012,"Rate Filing","Completed","Small Group","CCHP 2013 Renewal Rates for Small Group Plans","0.7","0.7","2065","01/01/2013"
"HNLH-128697951","Health Net of California, Inc.",2012,"Rate Filing","Completed","Individual","IFP HMO IFP Rate Change Eff. 1/1/13","18","18","2418","01/01/2013"
"UHLC-128711862","UHC of California",2012,"Rate Filing","Completed","Small Group","UHG CA HMO 201301 - 20121009","6.8","6.8","36434","01/01/2013"
"AWLP-128713173","Blue Cross of California",2012,"Rate Filing","Completed","Small Group","01012013 CalChoice HMO Rate Filing","6.3","6.3","4,324","01/01/2013"
"WNHA-128736035","Western Health Advantage",2012,"Rate Filing","Completed","Individual","WHA Individual HMO","4.0","4.0","23","01/01/2013"
"WNHA-128736677","Western Health Advantage",2012,"Rate Filing","Completed","Small Group","Small Group","8.1","8.1","27,457","01/01/2013"
"AWLP-128720453","Blue Cross of California",2012,"Rate Filing","Completed","Individual","Jan 2013 Association - Policy Forms 5934 etc_DMHC","-2.1","-2.1","4,418","01/01/2013"
"AETN-128693505","Aetna Health of California Inc.",2012,"Rate Filing","Unreasonable Rate Increase (Modified)","Small Group","Aetna SG AHI-CA 01012013","12.8","11.4","75,819","01/01/2013"
"AWLP-128715851","Blue Cross of California",2012,"Rate Filing","Completed","Individual","Jan 2013 Association Policy Forms OB7P etc","8.0","8.0","413","01/01/2013"
"SHHP-128752120","Sharp Health Plan",2012,"Rate Filing","Completed","Small Group","California Choice Rates Effective 1.1.2013","4.0","4.0","1680","01/01/2013"
"MISF-128751336","County of Ventura",2012,"Rate Filing","Completed","Small Group","Ventura County Health Care Plan Small Group Clinic Employees","4.0","4.0","500","01/01/2013"
"KHPI-128729014","Kaiser Foundation Health Plan, Inc.",2012,"Rate Filing","Completed","Small Group","KFHP Small Group HMO ","6.3","6.3","407430","01/01/2013"
"KHPI-128728951","Kaiser Foundation Health Plan, Inc.",2012,"Rate Filing","Completed","Individual","KFHP Individual HMO Plans","9.0","9.0","220422","01/01/2013"
"MISF-128748635","County of Ventura",2012,"Rate Filing","Completed","Individual","Ventura County Health Care Plan Individual Doctors and Nurses","4.0","4.0","624","01/01/2013"
"GEHP-128751609","GEMCare Health Plan, Inc.",2012,"Rate Filing","Completed","Small Group","PC by GHP Small Group","5.0","5.0","14","01/01/2013"
"SHHP-128752087","Sharp Health Plan",2012,"Rate Filing","Completed","Small Group","Small Group Rates Effective 1.1.2013","6.5","6.5","5014","01/01/2013"
"GEHP-128749999","GEMCare Health Plan, Inc.",2012,"Rate Filing","Completed","Small Group","GHP Small Group HMO","5.0","5.0","2158","01/01/2013"
"KHPI-128728977","Kaiser Foundation Health Plan, Inc.",2012,"Rate Filing","Completed","Small Group","KFHP Small Group POS ","8.0","8.0","383","01/01/2013"
"HNLH-128753877","Health Net of California, Inc.",2012,"Rate Filing","Completed","Small Group","Cal Choice Rates Eff. 1/1/13","7.1","7.1","21993","01/01/2013"
"AWLP-128773104","Blue Cross of California",2012,"Rate Filing","Not Unreasonable (Modified)","Individual","ABC Non-Grandfathered Plans","14.6","12.1","7,724","02/01/2013"
"AWLP-128772955","Blue Cross of California",2012,"Rate Filing","Not Unreasonable (Modified)","Individual","ABC Grandfathered Plans","15.0","12.5","85,834","02/01/2013"
"BCCA-128784554","California Physicians' Service",2012,"Rate Filing","Unreasonable Rate Increase that is Unjustified","Individual","Access+ HMO/Access+ Value HMO(NGF);Shield Spectrum PPO:500,750,1500,2000 (GF),Shield Spectrum PPO 5500(NGF),PPO Savings 2400(GF);Shield Secure Plus:2000,4000,6000,Shield Secure Plans;Shield Wise Plans;Shield Saver Plans;Idividual HMO(closed block),Preferred PPO(closed block)","11.8","11.8","27,283","03/01/2013"
"20110215","Sharp Health Plan",2011,"Rate Filing","Completed","Small Group","HMO","14.70","14.70","5540","04/01/2011"
"HNLH-127062271","Health Net of California, Inc.",2011,"Rate Filing","Not Unreasonable (Modified)","Small Group","Health Net of California, Inc. SBG","12.3","9.6","180,478","05/01/2011"
"UHLC-127104076","UHC of California",2011,"Rate Filing","Completed","Small Group","UHG CA HMO 201108 - 20110329","5.2","5.2","38871","08/01/2011"
"20110652","California Physicians' Service",2011,"Rate Filing","Completed","Individual","HMO PPO","37.5","37.5","70,833","01/01/2011"
"BCCA-127142187","California Physicians' Service",2011,"Rate Filing","Completed","Small Group","Small Group Rates Effective July 1, 2011","10.0","10.0","261072","07/01/2011"
"KHPI-127146900","Kaiser Foundation Health Plan, Inc.",2011,"Rate Filing","Not Unreasonable (Modified)","Small Group","SBU HMO Rates July 2011","10.7","9.5","695,634","07/01/2011"
"AETN-127127451","Aetna Health of California Inc.",2011,"Rate Filing","Completed","Small Group","Aetna SG AHI-CA 070111","12.7","12.7","69123","07/01/2011"
"KHPI-127146976","Kaiser Foundation Health Plan, Inc.",2011,"Rate Filing","Not Unreasonable (Modified)","Small Group","SBU POS Rates July 2011","12.0","10.8","1,081","07/01/2011"
"HNLH-127139743","Health Net of California, Inc.",2011,"Rate Filing","Not Unreasonable (Modified)","Small Group","Cal Choice Rates Eff. 7-1-11","12.6","10.1","26,814","07/01/2011"
"AWLP-127151007","Blue Cross of California",2011,"Rate Filing","Completed","Small Group","07012011 CalChoice HMO Rate Filing","9.5","9.5","4,089","07/01/2011"
"WNHA-127175779","Western Health Advantage",2011,"Rate Filing","Completed","Small Group","Small Group ","12.9","12.9","25081","07/01/2011"
"HNLH-127195406","Health Net of California, Inc.",2011,"Rate Filing","Completed","Small Group","Health Net  of California, Inc. SBG Rates Eff. 8-1-11","9.4","9.4","182314","08/01/2011"
"SHHP-127207841","Sharp Health Plan",2011,"Rate Filing","Completed","Small Group","California Choice Small Group Rates Effective 7/01/2011","11.5","11.5","1827","07/01/2011"
"SHHP-127192477","Sharp Health Plan",2011,"Rate Filing","Completed","Small Group","Small Group Rates Effective 7.1.2011","14.1","14.1","5326","07/01/2011"
"KHPI-127209310","Kaiser Foundation Health Plan, Inc.",2011,"Rate Filing","Completed","Individual","Kaiser Permanente Individuals and Families Plans","4.5","4.5","308989","07/01/2011"
"UHLC-127292440","UHC of California",2011,"Rate Filing","Completed","Small Group","UHG CA HMO 201111 - 20110624","3.7","3.7","37227","11/01/2011"
"AWLP-127314641","Blue Cross of California",2011,"Rate Filing","Completed","Small Group","Small Group Rates Effective October 1, 2011","11.6","11.6","85,991","10/01/2011"
"CCHP-127322577","Chinese Community Health Plan",2011,"New Product Filing","Completed","Individual","CCHP Jade & Amber Plans for Individual & Family Plans","New Products","New Products","","09/16/2011"
"CCHP-127323435","Chinese Community Health Plan",2011,"New Product Filing","Completed","Small Group","CCHP Ruby & Opal Plans for Small Groups","New Products","New Products","","09/16/2011"
"SHHP-127349432","Sharp Health Plan",2011,"Rate Filing","Completed","Small Group","Small Group Rates Effective 10.1.2011","6.3","6.3","5181","10/01/2011"
"AETN-127339883","Aetna Health of California Inc.",2011,"Rate Filing","Completed","Small Group","Aetna SG AHI-CA 100111","6.7","6.7","67140","10/01/2011"
"BCCA-127361705","California Physicians' Service",2011,"New Product Filing","Completed","Small Group","Amendment No. 2582","New Products","New Products","","01/01/2012"
"UHLC-127390087","UHC of California",2011,"Rate Filing","Completed","Small Group","UHG CA HMO 201202 - 20110830","4.8","4.8","36839","02/01/2012"
"GEHP-127611143","GEMCare Health Plan, Inc.",2011,"Rate Filing","Completed","Small Group","GHP Small Group HMO","5.0","5.0","666","01/01/2012"
"20111750","Contra Costa County Medical Services",2011,"Rate Filing","Completed","Small Group","Small Group Value Plus and Small Group Value Basic","9.9","9.9","23","11/01/2011"
"20111747","Contra Costa County Medical Services",2011,"Rate Filing","Completed","Individual","Individual Value Plus, On Your Own and Invidual Value Basic, On Your Own","9.9","9.9","150","11/01/2011"
"SHHP-127675011","Sharp Health Plan",2011,"Rate Filing","Completed","Small Group","HMO","-2.9","-2.9","4800","12/01/2011"
"AWLP-127674809","Blue Cross of California",2011,"Rate Filing","Completed","Small Group","Small Group Rates Effective January 1, 2012","9.9","9.9","104,439","01/01/2012"
"GEHP-127723572","GEMCare Health Plan, Inc.",2011,"New Product Filing","Completed","Small Group","Physicians Choice by GEMCare Helth Plan","New Products","New Products","","01/01/2012"
"CCOH-127749917","Contra Costa County Medical Services",2011,"Rate Filing","Completed","Individual","Rate filing - Individual","9.9","9.9","1962","11/01/2011"
"CCOH-127745009","Contra Costa County Medical Services",2011,"Rate Filing","Completed","Small Group","Rate Filing - Small Group","9.9","9.9","358","11/01/2011"
"HNLH-127763630","Health Net of California, Inc.",2011,"Rate Filing","Completed","Individual","HNCA HMO IFP Rates Eff. 1/1/12","9.75","9.75","2840","01/01/2012"
"WNHA-127774740","Western Health Advantage",2011,"Rate Filing","Completed","Small Group","Commercial","8.1","8.1","26293","01/01/2012"
"SHHP-127784292","Sharp Health Plan",2011,"Rate Filing","Completed","Small Group","CalChoice 1.1.12 Small Group Rates","9.1","9.1","1764","01/01/2012"
"KHPI-127718991","Kaiser Foundation Health Plan, Inc.",2011,"Rate Filing","Completed","Small Group","KFHP SBU HMO Rates January 2012","8.2","8.2","696777","01/01/2012"
"KHPI-127757071","Kaiser Foundation Health Plan, Inc.",2011,"Rate Filing","Completed","Individual","KFHP KPIF Rates January 2012","9.0","9.0","297527","01/01/2012"
"CCHP-127783611","Chinese Community Health Plan",2011,"Rate Filing","Completed","Individual","CCHP 2012 Renewal Rates for Individual & Family Plans","7.8","7.8","1604","01/01/2012"
"CCHP-127783633","Chinese Community Health Plan",2011,"Rate Filing","Completed","Small Group","CCHP 2012 Renewal Rates for Small Group Plans","6.1","6.1","1858","01/01/2012"
"AETN-127753696","Aetna Health of California Inc.",2011,"Rate Filing","Completed","Small Group","Aetna SG AHI-CA 01012012","7.2","7.2","65538","01/01/2012"
"KHPI-127756992","Kaiser Foundation Health Plan, Inc.",2011,"Rate Filing","Completed","Small Group","KFHP SBU POS Rates effective January 2012","9.8","9.8","967","01/01/2012"
"HNLH-127786652","Health Net of California, Inc.",2011,"Rate Filing","Completed","Small Group","Cal Choice Rates Eff. 1-1-12","9.1","9.1","25439","01/01/2012"
"BCCA-127793357","California Physicians' Service",2011,"Rate Filing","Not Unreasonable (Modified)","Individual","Access+ HMO/Access+ Value HMO, Shield Spectrum PPO Plans: 500, 750, 1500, 2000, and 5500 (all GFs and NGFs);  PPO Savings 2400 (GF), Individual HMO (closed block), Preferred PPO (closed block)","14.8","8.9","55,758","03/01/2012"
"SHHP-127857012","Sharp Health Plan",2011,"New Product Filing","Completed","Small Group","Signature Network 2.1.2012 Small Group Rates","New Products","New Products","","02/01/2012"
"AWLP-127899481","Blue Cross of California",2011,"Rate Filing","Completed","Small Group","Small Group Rates Effective April 1, 2012","13.8","13.8","101,405","04/01/2012"
"UHLC-127912024","UHC of California",2011,"New Product Filing","Completed","Small Group","UHG CA HMO 201203 - 20111220","New Products","New Products","","03/01/2012"
"CCGP-127934038","Cigna HealthCare of California, Inc.",2011,"Rate Filing","Completed","Individual","Individual Association HMO & POS","15.0","15.0","70","01/01/2012"
"HNLH-127931391","Health Net of California, Inc.",2011,"New Product Filing","Completed","Small Group","SmartCare SBG rates Eff. 3-1-12","New Products","New Products","","03/01/2012"
"MISF-127944362","County of Ventura",2011,"Rate Filing","Completed","Individual","Ventura County Health Care Plan","8.0","8.0","42","03/01/2012"
"20102066","Blue Cross of California",2010,"Rate Filing","Completed","Small Group","HMO","9.90","9.90","998","01/01/2011"
"20101906","Blue Cross of California",2010,"Rate Filing","Completed","Small Group","HMO PPO","10.70","10.70","93,856","01/01/2011"
"20102521","Blue Cross of California",2010,"Rate Filing","Unreasonable Rate Increase that is Unjustified","Individual","HMO PPO","16.10","16.10","150,983","05/01/2011"
"20102127","Sharp Health Plan",2010,"Rate Filing","Completed","Small Group","HMO","14.5","14.5","5335","01/01/2011"
"20102455","Aetna Health of California Inc.",2010,"Rate Filing","Completed","Small Group","HMO-POS","15.90","15.90","45339","04/01/2011"
"20102335","Blue Cross of California",2010,"Rate Filing","Completed","Small Group","HMO PPO","7.49","7.49","299,590","04/01/2011"
"20102336","Blue Cross of California",2010,"New Product Filing","Completed","Small Group","HMO (New)","New Product","New Product","","04/01/2011"
"20102337","Blue Cross of California",2010,"New Product Filing","Completed","Small Group","PPO","New Product","New Product","","04/01/2011"
"20102424","Blue Cross of California",2010,"New Product Filing","Completed","Small Group","Nes Lumenos HAS 1500, 2500, 3500","New Product","New Product","","04/01/2011"
"20101880","California Physicians' Service",2010,"Rate Filing","Completed","Small Group","HMO","12.6","12.6","","01/01/2011"
"20101828","Kaiser Foundation Health Plan, Inc.",2010,"Rate Filing","Completed","Individual","HMO","8.7","8.7","305190","01/01/2011"
"20102344","UHC of California",2010,"Rate Filing","Completed","Small Group","HMO","4.30","4.30","7245","05/01/2011"
