[2026-05-09 13:30:50] ======================================================================
[2026-05-09 13:30:50] 🧳 Calendar Travel Checker - Starting Run
[2026-05-09 13:30:50] 📅 2026-05-09 13:30:50
[2026-05-09 13:30:50] 
[2026-05-09 13:30:50] 📅 Calendar loaded: 78 total events
[2026-05-09 13:30:50] 📅 Last updated: 2026-05-07T14:55:03.960852
[2026-05-09 13:30:50] 
[2026-05-09 13:31:12] ======================================================================
[2026-05-09 13:31:12] 🧳 Calendar Travel Checker - Starting Run
[2026-05-09 13:31:12] 📅 2026-05-09 13:31:12
[2026-05-09 13:31:12] 
[2026-05-09 13:31:12] 📅 Calendar loaded: 78 total events
[2026-05-09 13:31:12] 📅 Last updated: 2026-05-07T14:55:03.960852
[2026-05-09 13:31:12] 
[2026-05-09 13:31:12] ✈️  Found 7 travel events in next 30 days
[2026-05-09 13:31:12] 🍽️  Found 4 restaurant reservations in next 30 days
[2026-05-09 13:31:12] 
[2026-05-09 13:31:12] 📋 Found 0 existing Todoist tasks
[2026-05-09 13:31:12] 
[2026-05-09 13:31:12] ✈️  Processing: Stay at The Westin Palo Alto
[2026-05-09 13:31:12]    📆 2026-05-12
[2026-05-09 13:31:13]    ✅ Created: 🏨 Confirm reservation - The Westin Palo Alto
[2026-05-09 13:31:15]    ✅ Created: 📋 Research hotel amenities - The Westin Palo Alto
[2026-05-09 13:31:15] ✈️  Processing: Delta Air Lines flight 960 to New York (GAO7LP)
[2026-05-09 13:31:15]    📆 2026-05-16
[2026-05-09 13:31:16]    ✅ Created: ✈️ Check in for None (GAO7LP)
[2026-05-09 13:31:18]    ✅ Created: 🎒 Pack for trip - None
[2026-05-09 13:31:18] ✈️  Processing: Geoffrey Clapp - Delta Air Lines 742 - departs 7:00 AM local time - Confirmation code: HKZ4LV
[2026-05-09 13:31:18]    📆 2026-05-21
[2026-05-09 13:31:20]    ✅ Created: ✈️ Check in for None (HKZ4LV)
[2026-05-09 13:31:20]    ⏭️  Skipped (exists): 🎒 Pack for trip - None...
[2026-05-09 13:31:20] ✈️  Processing: Kids in Tahoe with Geoff (Ritz-Carlton Tahoe) 
[2026-05-09 13:31:20]    📆 2026-05-22
[2026-05-09 13:31:22]    ✅ Created: 🧳 Prepare for: Kids in Tahoe with Geoff (Ritz-Carlton Tahoe)
[2026-05-09 13:31:22] ✈️  Processing: Stay at The Ritz-Carlton, Lake Tahoe
[2026-05-09 13:31:22]    📆 2026-05-22
[2026-05-09 13:31:24]    ✅ Created: 🏨 Confirm reservation - The Ritz-Carlton, Lake Tahoe
[2026-05-09 13:31:25]    ✅ Created: 📋 Research hotel amenities - The Ritz-Carlton, Lake Tahoe
[2026-05-09 13:31:25] ✈️  Processing: Flight to RNO (DL 4099)
[2026-05-09 13:31:25]    📆 2026-05-22
[2026-05-09 13:31:28]    ✅ Created: ✈️ Check in for DL 4099
[2026-05-09 13:31:29] ======================================================================
[2026-05-09 13:31:29] 🧳 Calendar Travel Checker - Starting Run
[2026-05-09 13:31:29] 📅 2026-05-09 13:31:29
[2026-05-09 13:31:29] 
[2026-05-09 13:31:29] 📅 Calendar loaded: 78 total events
[2026-05-09 13:31:29] 📅 Last updated: 2026-05-07T14:55:03.960852
[2026-05-09 13:31:29] 
[2026-05-09 13:31:29] ✈️  Found 7 travel events in next 30 days
[2026-05-09 13:31:29] 🍽️  Found 4 restaurant reservations in next 30 days
[2026-05-09 13:31:29] 
[2026-05-09 13:31:29]    ✅ Created: 🎒 Pack for trip - DL 4099
[2026-05-09 13:31:29] ✈️  Processing: Flight to LAX (DL 3902)
[2026-05-09 13:31:29]    📆 2026-05-25
[2026-05-09 13:31:29] 📋 Found 0 existing Todoist tasks
[2026-05-09 13:31:29] 
[2026-05-09 13:31:29] ✈️  Processing: Stay at The Westin Palo Alto
[2026-05-09 13:31:29]    📆 2026-05-12
[2026-05-09 13:31:31]    ✅ Created: ✈️ Check in for DL 3902
[2026-05-09 13:31:31]    ✅ Created: 🏨 Confirm reservation - The Westin Palo Alto
[2026-05-09 13:31:33]    ✅ Created: 🎒 Pack for trip - DL 3902
[2026-05-09 13:31:33] 
[2026-05-09 13:31:33]    ✅ Created: 📋 Research hotel amenities - The Westin Palo Alto
[2026-05-09 13:31:33] ✈️  Processing: Delta Air Lines flight 960 to New York (GAO7LP)
[2026-05-09 13:31:33]    📆 2026-05-16
[2026-05-09 13:31:34]    ✅ Created: 🍽️ Confirm reservation - Republique
[2026-05-09 13:31:35]    ✅ Created: ✈️ Check in for None (GAO7LP)
[2026-05-09 13:31:35]    ✅ Created: 🍽️ Confirm reservation - Sadelle's
[2026-05-09 13:31:36]    ✅ Created: 🎒 Pack for trip - None
[2026-05-09 13:31:36] ✈️  Processing: Geoffrey Clapp - Delta Air Lines 742 - departs 7:00 AM local time - Confirmation code: HKZ4LV
[2026-05-09 13:31:36]    📆 2026-05-21
[2026-05-09 13:31:37]    ✅ Created: 🍽️ Confirm reservation - Crown Shy
[2026-05-09 13:31:38]    ✅ Created: ✈️ Check in for None (HKZ4LV)
[2026-05-09 13:31:38]    ⏭️  Skipped (exists): 🎒 Pack for trip - None...
[2026-05-09 13:31:38] ✈️  Processing: Kids in Tahoe with Geoff (Ritz-Carlton Tahoe) 
[2026-05-09 13:31:38]    📆 2026-05-22
[2026-05-09 13:31:38]    ✅ Created: 🍽️ Confirm reservation - Dinner Reservation
[2026-05-09 13:31:38] 
[2026-05-09 13:31:38] ======================================================================
[2026-05-09 13:31:38] 📊 SUMMARY
[2026-05-09 13:31:38]    ✅ Created: 16 new tasks
[2026-05-09 13:31:38]    ⏭️  Skipped: 1 existing tasks
[2026-05-09 13:31:38]    ❌ Failed: 0 tasks
[2026-05-09 13:31:38]    📈 Total runs: 1
[2026-05-09 13:31:38] ======================================================================
[2026-05-09 13:31:38] 
[2026-05-09 13:31:39]    ✅ Created: 🧳 Prepare for: Kids in Tahoe with Geoff (Ritz-Carlton Tahoe)
[2026-05-09 13:31:39] ✈️  Processing: Stay at The Ritz-Carlton, Lake Tahoe
[2026-05-09 13:31:39]    📆 2026-05-22
[2026-05-09 13:31:40]    ✅ Created: 🏨 Confirm reservation - The Ritz-Carlton, Lake Tahoe
[2026-05-09 13:31:42]    ✅ Created: 📋 Research hotel amenities - The Ritz-Carlton, Lake Tahoe
[2026-05-09 13:31:42] ✈️  Processing: Flight to RNO (DL 4099)
[2026-05-09 13:31:42]    📆 2026-05-22
[2026-05-09 13:31:43]    ✅ Created: ✈️ Check in for DL 4099
[2026-05-09 13:31:45]    ✅ Created: 🎒 Pack for trip - DL 4099
[2026-05-09 13:31:45] ✈️  Processing: Flight to LAX (DL 3902)
[2026-05-09 13:31:45]    📆 2026-05-25
[2026-05-10 14:16:40] ======================================================================
[2026-05-10 14:16:40] 🧳 Calendar Travel Checker - Starting Run
[2026-05-10 14:16:40] 📅 2026-05-10 14:16:40
[2026-05-10 14:16:40] 
[2026-05-10 14:16:40] 📅 Calendar loaded: 77 total events
[2026-05-10 14:16:40] 📅 Last updated: 2026-05-09T14:55:02.835395
[2026-05-10 14:16:40] 
[2026-05-10 14:16:40] ✈️  Found 8 travel events in next 30 days
[2026-05-10 14:16:40] 🍽️  Found 4 restaurant reservations in next 30 days
[2026-05-10 14:16:40] 
[2026-05-10 14:16:40] 📋 Found 0 existing Todoist tasks
[2026-05-10 14:16:40] 
[2026-05-10 14:16:40] ✈️  Processing: Stay at The Westin Palo Alto
[2026-05-10 14:16:40]    📆 2026-05-12
[2026-05-10 14:16:42]    ✅ Created: 🏨 Confirm reservation - The Westin Palo Alto
[2026-05-10 14:16:43]    ✅ Created: 📋 Research hotel amenities - The Westin Palo Alto
[2026-05-10 14:16:43] ✈️  Processing: Delta Air Lines flight 960 to New York (GAO7LP)
[2026-05-10 14:16:43]    📆 2026-05-16
[2026-05-10 14:16:44]    ✅ Created: ✈️ Check in for None (GAO7LP)
[2026-05-10 14:16:46]    ✅ Created: 🎒 Pack for trip - None
[2026-05-10 14:16:46] ✈️  Processing: Geoffrey Clapp - Delta Air Lines 742 - departs 7:00 AM local time - Confirmation code: HKZ4LV
[2026-05-10 14:16:46]    📆 2026-05-21
[2026-05-10 14:16:47]    ✅ Created: ✈️ Check in for None (HKZ4LV)
[2026-05-10 14:16:47]    ⏭️  Skipped (exists): 🎒 Pack for trip - None...
[2026-05-10 14:16:47] ✈️  Processing: Kids in Tahoe with Geoff (Ritz-Carlton Tahoe) 
[2026-05-10 14:16:47]    📆 2026-05-22
[2026-05-10 14:16:48]    ✅ Created: 🧳 Prepare for: Kids in Tahoe with Geoff (Ritz-Carlton Tahoe)
[2026-05-10 14:16:48] ✈️  Processing: Stay at The Ritz-Carlton, Lake Tahoe
[2026-05-10 14:16:48]    📆 2026-05-22
[2026-05-10 14:16:49]    ✅ Created: 🏨 Confirm reservation - The Ritz-Carlton, Lake Tahoe
[2026-05-10 14:16:51]    ✅ Created: 📋 Research hotel amenities - The Ritz-Carlton, Lake Tahoe
[2026-05-10 14:16:51] ✈️  Processing: Flight to RNO (DL 4099)
[2026-05-10 14:16:51]    📆 2026-05-22
[2026-05-10 14:16:52]    ✅ Created: ✈️ Check in for DL 4099
[2026-05-10 14:16:53]    ✅ Created: 🎒 Pack for trip - DL 4099
[2026-05-10 14:16:53] ✈️  Processing: Flight to LAX (DL 3902)
[2026-05-10 14:16:53]    📆 2026-05-25
[2026-05-10 14:16:54]    ✅ Created: ✈️ Check in for DL 3902
[2026-05-10 14:16:55]    ✅ Created: 🎒 Pack for trip - DL 3902
[2026-05-10 14:16:55] ✈️  Processing: Ramtin/Driver Picking Up [In-person]
[2026-05-10 14:16:55]    📆 2026-05-25
[2026-05-10 14:16:57]    ✅ Created: 🧳 Prepare for: Ramtin/Driver Picking Up [In-person]
[2026-05-10 14:16:57] 
[2026-05-10 14:16:58]    ✅ Created: 🍽️ Confirm reservation - Republique
[2026-05-10 14:16:59]    ✅ Created: 🍽️ Confirm reservation - Sadelle's
[2026-05-10 14:17:01]    ✅ Created: 🍽️ Confirm reservation - Crown Shy
[2026-05-10 14:17:02]    ✅ Created: 🍽️ Confirm reservation - Dinner Reservation
[2026-05-10 14:17:02] 
[2026-05-10 14:17:02] ======================================================================
[2026-05-10 14:17:02] 📊 SUMMARY
[2026-05-10 14:17:02]    ✅ Created: 17 new tasks
[2026-05-10 14:17:02]    ⏭️  Skipped: 1 existing tasks
[2026-05-10 14:17:02]    ❌ Failed: 0 tasks
[2026-05-10 14:17:02]    📈 Total runs: 2
[2026-05-10 14:17:02] ======================================================================
[2026-05-10 14:17:02] 
[2026-05-10 18:00:02] ❌ Todoist CLI not found: [Errno 2] No such file or directory: 'todoist'
[2026-05-10 18:00:02]    Install: npm install -g todoist-ts-cli
❌ Todoist CLI not found: [Errno 2] No such file or directory: 'todoist'
   Install: npm install -g todoist-ts-cli
[2026-05-11 00:00:02] ❌ Todoist CLI not found: [Errno 2] No such file or directory: 'todoist'
[2026-05-11 00:00:02]    Install: npm install -g todoist-ts-cli
❌ Todoist CLI not found: [Errno 2] No such file or directory: 'todoist'
   Install: npm install -g todoist-ts-cli
[2026-05-11 06:00:02] ❌ Todoist CLI not found: [Errno 2] No such file or directory: 'todoist'
[2026-05-11 06:00:02]    Install: npm install -g todoist-ts-cli
❌ Todoist CLI not found: [Errno 2] No such file or directory: 'todoist'
   Install: npm install -g todoist-ts-cli
[2026-05-11 12:00:02] ❌ Todoist CLI not found: [Errno 2] No such file or directory: 'todoist'
[2026-05-11 12:00:02]    Install: npm install -g todoist-ts-cli
❌ Todoist CLI not found: [Errno 2] No such file or directory: 'todoist'
   Install: npm install -g todoist-ts-cli
[2026-05-11 18:00:02] ❌ Todoist CLI not found: [Errno 2] No such file or directory: 'todoist'
[2026-05-11 18:00:02]    Install: npm install -g todoist-ts-cli
❌ Todoist CLI not found: [Errno 2] No such file or directory: 'todoist'
   Install: npm install -g todoist-ts-cli
[2026-05-12 00:00:02] ❌ Todoist CLI not found: [Errno 2] No such file or directory: 'todoist'
[2026-05-12 00:00:02]    Install: npm install -g todoist-ts-cli
❌ Todoist CLI not found: [Errno 2] No such file or directory: 'todoist'
   Install: npm install -g todoist-ts-cli
[2026-05-12 01:41:05] ======================================================================
[2026-05-12 01:41:05] 🧳 Calendar Travel Checker - Starting Run
[2026-05-12 01:41:05] 📅 2026-05-12 01:41:05
[2026-05-12 01:41:05] 
[2026-05-12 01:41:05] 📅 Calendar loaded: 82 total events
[2026-05-12 01:41:05] 📅 Last updated: 2026-05-11T14:55:04.133815
[2026-05-12 01:41:05] 
[2026-05-12 01:41:05] ✈️  Found 10 travel events in next 30 days
[2026-05-12 01:41:05] 🍽️  Found 5 restaurant reservations in next 30 days
[2026-05-12 01:41:05] 
[2026-05-12 01:41:05] 📋 Found 0 existing Todoist tasks
[2026-05-12 01:41:05] 
[2026-05-12 01:41:05] ✈️  Processing: Geoffrey Clapp - Delta Air Lines 1430 - departs 8:59 PM local time - Confirmation code: HKNM2B
[2026-05-12 01:41:05]    📆 2026-05-12
[2026-05-12 01:41:07]    ✅ Created: 🐕 Book Rover sitter for Greta - None (HKNM2B)
[2026-05-12 01:41:08]    ✅ Created: ✈️ Check in for None (HKNM2B)
[2026-05-12 01:41:10]    ✅ Created: 🎒 Pack for trip - None
[2026-05-12 01:41:11]    ✅ Created: 🚗 Schedule Uber to airport - None
[2026-05-12 01:41:11] ✈️  Processing: Geoffrey Clapp - Delta Air Lines 1154 - departs 7:00 AM local time - Confirmation code: HKJS55
[2026-05-12 01:41:11]    📆 2026-05-14
[2026-05-12 01:41:12]    ✅ Created: 🐕 Book Rover sitter for Greta - None (HKJS55)
[2026-05-12 01:41:14]    ✅ Created: ✈️ Check in for None (HKJS55)
[2026-05-12 01:41:14]    ⏭️  Skipped (exists): 🎒 Pack for trip - None...
[2026-05-12 01:41:14]    ⏭️  Skipped (exists): 🚗 Schedule Uber to airport - None...
[2026-05-12 01:41:14] ✈️  Processing: Delta Air Lines flight 960 to New York (GAO7LP)
[2026-05-12 01:41:14]    📆 2026-05-16
[2026-05-12 01:41:15]    ✅ Created: ✈️ Check in for None (GAO7LP)
[2026-05-12 01:41:15]    ⏭️  Skipped (exists): 🎒 Pack for trip - None...
[2026-05-12 01:41:15] ✈️  Processing: Stay at The Westin New York at Times Square
[2026-05-12 01:41:15]    📆 2026-05-17
[2026-05-12 01:41:17]    ✅ Created: 🏨 Confirm reservation - The Westin New York at Times Square
[2026-05-12 01:41:18]    ✅ Created: 📋 Research hotel amenities - The Westin New York at Times Sq
[2026-05-12 01:41:18] ✈️  Processing: Geoffrey Clapp - Delta Air Lines 742 - departs 7:00 AM local time - Confirmation code: HKZ4LV
[2026-05-12 01:41:18]    📆 2026-05-21
[2026-05-12 01:41:20]    ✅ Created: ✈️ Check in for None (HKZ4LV)
[2026-05-12 01:41:20]    ⏭️  Skipped (exists): 🎒 Pack for trip - None...
[2026-05-12 01:41:20] ✈️  Processing: Kids in Tahoe with Geoff (Ritz-Carlton Tahoe) 
[2026-05-12 01:41:20]    📆 2026-05-22
[2026-05-12 01:41:21]    ✅ Created: 🧳 Prepare for: Kids in Tahoe with Geoff (Ritz-Carlton Tahoe)
[2026-05-12 01:41:21] ✈️  Processing: Stay at The Ritz-Carlton, Lake Tahoe
[2026-05-12 01:41:21]    📆 2026-05-22
[2026-05-12 01:41:22]    ✅ Created: 🏨 Confirm reservation - The Ritz-Carlton, Lake Tahoe
[2026-05-12 01:41:24]    ✅ Created: 📋 Research hotel amenities - The Ritz-Carlton, Lake Tahoe
[2026-05-12 01:41:24] ✈️  Processing: Flight to RNO (DL 4099)
[2026-05-12 01:41:24]    📆 2026-05-22
[2026-05-12 01:41:25]    ✅ Created: ✈️ Check in for DL 4099
[2026-05-12 01:41:27]    ✅ Created: 🎒 Pack for trip - DL 4099
[2026-05-12 01:41:27] ✈️  Processing: Flight to LAX (DL 3902)
[2026-05-12 01:41:27]    📆 2026-05-25
[2026-05-12 01:41:28]    ✅ Created: ✈️ Check in for DL 3902
[2026-05-12 01:41:29]    ✅ Created: 🎒 Pack for trip - DL 3902
[2026-05-12 01:41:29] ✈️  Processing: Ramtin/Driver Picking Up [In-person]
[2026-05-12 01:41:29]    📆 2026-05-25
[2026-05-12 01:41:31]    ✅ Created: 🧳 Prepare for: Ramtin/Driver Picking Up [In-person]
[2026-05-12 01:41:31] 
[2026-05-12 01:41:32]    ✅ Created: 🍽️ Confirm reservation - Sadelle's
[2026-05-12 01:41:33]    ✅ Created: 🍽️ Confirm reservation - Crown Shy
[2026-05-12 01:41:35]    ✅ Created: 🍽️ Confirm reservation - Dinner Reservation
[2026-05-12 01:41:36]    ✅ Created: 🍽️ Confirm reservation - Eleven Madison Park
[2026-05-12 01:41:36] 
[2026-05-12 01:41:36] ======================================================================
[2026-05-12 01:41:36] 📊 SUMMARY
[2026-05-12 01:41:36]    ✅ Created: 22 new tasks
[2026-05-12 01:41:36]    ⏭️  Skipped: 4 existing tasks
[2026-05-12 01:41:36]    ❌ Failed: 0 tasks
[2026-05-12 01:41:36]    📈 Total runs: 3
[2026-05-12 01:41:36] ======================================================================
[2026-05-12 01:41:36] 
[2026-05-12 01:41:51] ======================================================================
[2026-05-12 01:41:51] 🧳 Calendar Travel Checker - Starting Run
[2026-05-12 01:41:51] 📅 2026-05-12 01:41:51
[2026-05-12 01:41:51] 
[2026-05-12 01:41:51] 📅 Calendar loaded: 82 total events
[2026-05-12 01:41:51] 📅 Last updated: 2026-05-11T14:55:04.133815
[2026-05-12 01:41:51] 
[2026-05-12 01:41:51] ✈️  Found 10 travel events in next 30 days
[2026-05-12 01:41:51] 🍽️  Found 5 restaurant reservations in next 30 days
[2026-05-12 01:41:51] 
[2026-05-12 01:41:51] 📋 Found 0 existing Todoist tasks
[2026-05-12 01:41:51] 
[2026-05-12 01:41:51] ✈️  Processing: Geoffrey Clapp - Delta Air Lines 1430 - departs 8:59 PM local time - Confirmation code: HKNM2B
[2026-05-12 01:41:51]    📆 2026-05-12
[2026-05-12 01:41:53]    ✅ Created: 🐕 Book Rover sitter for Greta - None (HKNM2B)
[2026-05-12 01:41:54]    ✅ Created: ✈️ Check in for None (HKNM2B)
[2026-05-12 01:41:55]    ✅ Created: 🎒 Pack for trip - None
[2026-05-12 01:41:56]    ✅ Created: 🚗 Schedule Uber to airport - None
[2026-05-12 01:41:56] ✈️  Processing: Geoffrey Clapp - Delta Air Lines 1154 - departs 7:00 AM local time - Confirmation code: HKJS55
[2026-05-12 01:41:56]    📆 2026-05-14
[2026-05-12 01:41:58]    ✅ Created: 🐕 Book Rover sitter for Greta - None (HKJS55)
[2026-05-12 01:41:59]    ✅ Created: ✈️ Check in for None (HKJS55)
[2026-05-12 01:41:59]    ⏭️  Skipped (exists): 🎒 Pack for trip - None...
[2026-05-12 01:41:59]    ⏭️  Skipped (exists): 🚗 Schedule Uber to airport - None...
[2026-05-12 01:41:59] ✈️  Processing: Delta Air Lines flight 960 to New York (GAO7LP)
[2026-05-12 01:41:59]    📆 2026-05-16
[2026-05-12 01:42:00]    ✅ Created: ✈️ Check in for None (GAO7LP)
[2026-05-12 01:42:00]    ⏭️  Skipped (exists): 🎒 Pack for trip - None...
[2026-05-12 01:42:00] ✈️  Processing: Stay at The Westin New York at Times Square
[2026-05-12 01:42:00]    📆 2026-05-17
[2026-05-12 01:42:04]    ✅ Created: 🏨 Confirm reservation - The Westin New York at Times Square
[2026-05-12 01:42:06]    ✅ Created: 📋 Research hotel amenities - The Westin New York at Times Sq
[2026-05-12 01:42:06] ✈️  Processing: Geoffrey Clapp - Delta Air Lines 742 - departs 7:00 AM local time - Confirmation code: HKZ4LV
[2026-05-12 01:42:06]    📆 2026-05-21
[2026-05-12 01:42:07]    ✅ Created: ✈️ Check in for None (HKZ4LV)
[2026-05-12 01:42:07]    ⏭️  Skipped (exists): 🎒 Pack for trip - None...
[2026-05-12 01:42:07] ✈️  Processing: Kids in Tahoe with Geoff (Ritz-Carlton Tahoe) 
[2026-05-12 01:42:07]    📆 2026-05-22
[2026-05-12 01:42:08]    ✅ Created: 🧳 Prepare for: Kids in Tahoe with Geoff (Ritz-Carlton Tahoe)
[2026-05-12 01:42:08] ✈️  Processing: Stay at The Ritz-Carlton, Lake Tahoe
[2026-05-12 01:42:08]    📆 2026-05-22
[2026-05-12 01:42:10]    ✅ Created: 🏨 Confirm reservation - The Ritz-Carlton, Lake Tahoe
[2026-05-12 01:42:11]    ✅ Created: 📋 Research hotel amenities - The Ritz-Carlton, Lake Tahoe
[2026-05-12 01:42:11] ✈️  Processing: Flight to RNO (DL 4099)
[2026-05-12 01:42:11]    📆 2026-05-22
[2026-05-12 01:42:12]    ✅ Created: ✈️ Check in for DL 4099
[2026-05-12 01:42:14]    ✅ Created: 🎒 Pack for trip - DL 4099
[2026-05-12 01:42:14] ✈️  Processing: Flight to LAX (DL 3902)
[2026-05-12 01:42:14]    📆 2026-05-25
[2026-05-12 01:42:15]    ✅ Created: ✈️ Check in for DL 3902
[2026-05-12 01:42:17]    ✅ Created: 🎒 Pack for trip - DL 3902
[2026-05-12 01:42:17] ✈️  Processing: Ramtin/Driver Picking Up [In-person]
[2026-05-12 01:42:17]    📆 2026-05-25
[2026-05-12 01:42:19]    ✅ Created: 🧳 Prepare for: Ramtin/Driver Picking Up [In-person]
[2026-05-12 01:42:19] 
[2026-05-12 01:42:20]    ✅ Created: 🍽️ Confirm reservation - Sadelle's
[2026-05-12 01:42:51] ======================================================================
[2026-05-12 01:42:51] 🧳 Calendar Travel Checker - Starting Run
[2026-05-12 01:42:51] 📅 2026-05-12 01:42:51
[2026-05-12 01:42:51] 
[2026-05-12 01:42:51] 📅 Calendar loaded: 82 total events
[2026-05-12 01:42:51] 📅 Last updated: 2026-05-11T14:55:04.133815
[2026-05-12 01:42:51] 
[2026-05-12 01:42:51] ✈️  Found 10 travel events in next 30 days
[2026-05-12 01:42:51] 🍽️  Found 5 restaurant reservations in next 30 days
[2026-05-12 01:42:51] 
[2026-05-12 01:42:52] 📋 Found 49 existing Todoist tasks
[2026-05-12 01:42:52] 
[2026-05-12 01:42:52] ✈️  Processing: Geoffrey Clapp - Delta Air Lines 1430 - departs 8:59 PM local time - Confirmation code: HKNM2B
[2026-05-12 01:42:52]    📆 2026-05-12
[2026-05-12 01:42:53]    ✅ Created: 🐕 Book Rover sitter for Greta - None (HKNM2B)
[2026-05-12 01:42:55]    ✅ Created: ✈️ Check in for None (HKNM2B)
[2026-05-12 01:42:56]    ✅ Created: 🎒 Pack for trip - None
[2026-05-12 01:42:58]    ✅ Created: 🚗 Schedule Uber to airport - None
[2026-05-12 01:42:58] ✈️  Processing: Geoffrey Clapp - Delta Air Lines 1154 - departs 7:00 AM local time - Confirmation code: HKJS55
[2026-05-12 01:42:58]    📆 2026-05-14
[2026-05-12 01:42:59]    ✅ Created: 🐕 Book Rover sitter for Greta - None (HKJS55)
[2026-05-12 01:43:00]    ✅ Created: ✈️ Check in for None (HKJS55)
[2026-05-12 01:43:00]    ⏭️  Skipped (exists): 🎒 Pack for trip - None...
[2026-05-12 01:43:00]    ⏭️  Skipped (exists): 🚗 Schedule Uber to airport - None...
[2026-05-12 01:43:00] ✈️  Processing: Delta Air Lines flight 960 to New York (GAO7LP)
[2026-05-12 01:43:00]    📆 2026-05-16
[2026-05-12 01:43:04]    ✅ Created: ✈️ Check in for None (GAO7LP)
[2026-05-12 01:43:04]    ⏭️  Skipped (exists): 🎒 Pack for trip - None...
[2026-05-12 01:43:04] ✈️  Processing: Stay at The Westin New York at Times Square
[2026-05-12 01:43:04]    📆 2026-05-17
[2026-05-12 01:43:05]    ✅ Created: 🏨 Confirm reservation - The Westin New York at Times Square
[2026-05-12 01:43:06]    ✅ Created: 📋 Research hotel amenities - The Westin New York at Times Sq
[2026-05-12 01:43:06] ✈️  Processing: Geoffrey Clapp - Delta Air Lines 742 - departs 7:00 AM local time - Confirmation code: HKZ4LV
[2026-05-12 01:43:06]    📆 2026-05-21
[2026-05-12 01:43:08]    ✅ Created: ✈️ Check in for None (HKZ4LV)
[2026-05-12 01:43:08]    ⏭️  Skipped (exists): 🎒 Pack for trip - None...
[2026-05-12 01:43:08] ✈️  Processing: Kids in Tahoe with Geoff (Ritz-Carlton Tahoe) 
[2026-05-12 01:43:08]    📆 2026-05-22
[2026-05-12 01:43:09]    ✅ Created: 🧳 Prepare for: Kids in Tahoe with Geoff (Ritz-Carlton Tahoe)
[2026-05-12 01:43:09] ✈️  Processing: Stay at The Ritz-Carlton, Lake Tahoe
[2026-05-12 01:43:09]    📆 2026-05-22
[2026-05-12 01:43:10]    ✅ Created: 🏨 Confirm reservation - The Ritz-Carlton, Lake Tahoe
[2026-05-12 01:43:12]    ✅ Created: 📋 Research hotel amenities - The Ritz-Carlton, Lake Tahoe
[2026-05-12 01:43:12] ✈️  Processing: Flight to RNO (DL 4099)
[2026-05-12 01:43:12]    📆 2026-05-22
[2026-05-12 01:43:13]    ✅ Created: ✈️ Check in for DL 4099
[2026-05-12 01:43:15]    ✅ Created: 🎒 Pack for trip - DL 4099
[2026-05-12 01:43:15] ✈️  Processing: Flight to LAX (DL 3902)
[2026-05-12 01:43:15]    📆 2026-05-25
[2026-05-12 01:43:16]    ✅ Created: ✈️ Check in for DL 3902
[2026-05-12 01:43:17]    ✅ Created: 🎒 Pack for trip - DL 3902
[2026-05-12 01:43:17] ✈️  Processing: Ramtin/Driver Picking Up [In-person]
[2026-05-12 01:43:17]    📆 2026-05-25
[2026-05-12 01:43:19]    ✅ Created: 🧳 Prepare for: Ramtin/Driver Picking Up [In-person]
[2026-05-12 01:43:19] 
[2026-05-12 01:43:20]    ✅ Created: 🍽️ Confirm reservation - Sadelle's
[2026-05-12 01:43:22]    ✅ Created: 🍽️ Confirm reservation - Crown Shy
[2026-05-12 01:43:23]    ✅ Created: 🍽️ Confirm reservation - Dinner Reservation
[2026-05-12 01:43:25]    ✅ Created: 🍽️ Confirm reservation - Eleven Madison Park
[2026-05-12 01:43:25] 
[2026-05-12 01:43:25] ======================================================================
[2026-05-12 01:43:25] 📊 SUMMARY
[2026-05-12 01:43:25]    ✅ Created: 22 new tasks
[2026-05-12 01:43:25]    ⏭️  Skipped: 4 existing tasks
[2026-05-12 01:43:25]    ❌ Failed: 0 tasks
[2026-05-12 01:43:25]    📈 Total runs: 4
[2026-05-12 01:43:25] ======================================================================
[2026-05-12 01:43:25] 
[2026-05-12 01:43:27] ======================================================================
[2026-05-12 01:43:27] 🧳 Calendar Travel Checker - Starting Run
[2026-05-12 01:43:27] 📅 2026-05-12 01:43:27
[2026-05-12 01:43:27] 
[2026-05-12 01:43:27] 📅 Calendar loaded: 82 total events
[2026-05-12 01:43:27] 📅 Last updated: 2026-05-11T14:55:04.133815
[2026-05-12 01:43:27] 
[2026-05-12 01:43:27] ✈️  Found 10 travel events in next 30 days
[2026-05-12 01:43:27] 🍽️  Found 5 restaurant reservations in next 30 days
[2026-05-12 01:43:27] 
[2026-05-12 01:43:29] 📋 Found 49 existing Todoist tasks
[2026-05-12 01:43:29] 
[2026-05-12 01:43:29] ✈️  Processing: Geoffrey Clapp - Delta Air Lines 1430 - departs 8:59 PM local time - Confirmation code: HKNM2B
[2026-05-12 01:43:29]    📆 2026-05-12
[2026-05-12 01:43:30]    ✅ Created: 🐕 Book Rover sitter for Greta - None (HKNM2B)
[2026-05-12 01:43:31]    ✅ Created: ✈️ Check in for None (HKNM2B)
[2026-05-12 01:43:33]    ✅ Created: 🎒 Pack for trip - None
[2026-05-12 01:43:34]    ✅ Created: 🚗 Schedule Uber to airport - None
[2026-05-12 01:43:34] ✈️  Processing: Geoffrey Clapp - Delta Air Lines 1154 - departs 7:00 AM local time - Confirmation code: HKJS55
[2026-05-12 01:43:34]    📆 2026-05-14
[2026-05-12 01:43:35]    ✅ Created: 🐕 Book Rover sitter for Greta - None (HKJS55)
[2026-05-12 01:43:37]    ✅ Created: ✈️ Check in for None (HKJS55)
[2026-05-12 01:43:37]    ⏭️  Skipped (exists): 🎒 Pack for trip - None...
[2026-05-12 01:43:37]    ⏭️  Skipped (exists): 🚗 Schedule Uber to airport - None...
[2026-05-12 01:43:37] ✈️  Processing: Delta Air Lines flight 960 to New York (GAO7LP)
[2026-05-12 01:43:37]    📆 2026-05-16
[2026-05-12 01:43:38]    ✅ Created: ✈️ Check in for None (GAO7LP)
[2026-05-12 01:43:38]    ⏭️  Skipped (exists): 🎒 Pack for trip - None...
[2026-05-12 01:43:38] ✈️  Processing: Stay at The Westin New York at Times Square
[2026-05-12 01:43:38]    📆 2026-05-17
[2026-05-12 01:43:40]    ✅ Created: 🏨 Confirm reservation - The Westin New York at Times Square
[2026-05-12 01:43:41]    ✅ Created: 📋 Research hotel amenities - The Westin New York at Times Sq
[2026-05-12 01:43:41] ✈️  Processing: Geoffrey Clapp - Delta Air Lines 742 - departs 7:00 AM local time - Confirmation code: HKZ4LV
[2026-05-12 01:43:41]    📆 2026-05-21
[2026-05-12 01:43:42]    ✅ Created: ✈️ Check in for None (HKZ4LV)
[2026-05-12 01:43:42]    ⏭️  Skipped (exists): 🎒 Pack for trip - None...
[2026-05-12 01:43:42] ✈️  Processing: Kids in Tahoe with Geoff (Ritz-Carlton Tahoe) 
[2026-05-12 01:43:42]    📆 2026-05-22
[2026-05-12 01:43:43]    ✅ Created: 🧳 Prepare for: Kids in Tahoe with Geoff (Ritz-Carlton Tahoe)
[2026-05-12 01:43:43] ✈️  Processing: Stay at The Ritz-Carlton, Lake Tahoe
[2026-05-12 01:43:43]    📆 2026-05-22
[2026-05-12 01:43:45]    ✅ Created: 🏨 Confirm reservation - The Ritz-Carlton, Lake Tahoe
[2026-05-12 01:43:46]    ✅ Created: 📋 Research hotel amenities - The Ritz-Carlton, Lake Tahoe
[2026-05-12 01:43:46] ✈️  Processing: Flight to RNO (DL 4099)
[2026-05-12 01:43:46]    📆 2026-05-22
[2026-05-12 01:43:47]    ✅ Created: ✈️ Check in for DL 4099
[2026-05-12 01:43:48]    ✅ Created: 🎒 Pack for trip - DL 4099
[2026-05-12 01:43:48] ✈️  Processing: Flight to LAX (DL 3902)
[2026-05-12 01:43:48]    📆 2026-05-25
[2026-05-12 01:43:50]    ✅ Created: ✈️ Check in for DL 3902
[2026-05-12 01:43:51]    ✅ Created: 🎒 Pack for trip - DL 3902
[2026-05-12 01:43:51] ✈️  Processing: Ramtin/Driver Picking Up [In-person]
[2026-05-12 01:43:51]    📆 2026-05-25
[2026-05-12 01:43:51] ======================================================================
[2026-05-12 01:43:51] 🧳 Calendar Travel Checker - Starting Run
[2026-05-12 01:43:51] 📅 2026-05-12 01:43:51
[2026-05-12 01:43:51] 
[2026-05-12 01:43:51] 📅 Calendar loaded: 82 total events
[2026-05-12 01:43:51] 📅 Last updated: 2026-05-11T14:55:04.133815
[2026-05-12 01:43:51] 
[2026-05-12 01:43:51] ✈️  Found 10 travel events in next 30 days
[2026-05-12 01:43:51] 🍽️  Found 5 restaurant reservations in next 30 days
[2026-05-12 01:43:51] 
[2026-05-12 01:43:52]    ✅ Created: 🧳 Prepare for: Ramtin/Driver Picking Up [In-person]
[2026-05-12 01:43:52] 
[2026-05-12 01:43:53] 📋 Found 49 existing Todoist tasks
[2026-05-12 01:43:53] 
[2026-05-12 01:43:53] ✈️  Processing: Geoffrey Clapp - Delta Air Lines 1430 - departs 8:59 PM local time - Confirmation code: HKNM2B
[2026-05-12 01:43:53]    📆 2026-05-12
[2026-05-12 01:43:54]    ✅ Created: 🍽️ Confirm reservation - Sadelle's
[2026-05-12 01:43:54]    ✅ Created: 🐕 Book Rover sitter for Greta - None (HKNM2B)
[2026-05-12 01:43:55]    ✅ Created: ✈️ Check in for None (HKNM2B)
[2026-05-12 01:43:56]    ✅ Created: 🍽️ Confirm reservation - Crown Shy
[2026-05-12 01:43:57]    ✅ Created: 🎒 Pack for trip - None
[2026-05-12 01:43:57]    ✅ Created: 🍽️ Confirm reservation - Dinner Reservation
[2026-05-12 01:43:58]    ✅ Created: 🍽️ Confirm reservation - Eleven Madison Park
[2026-05-12 01:43:58] 
[2026-05-12 01:43:58] ======================================================================
[2026-05-12 01:43:58] 📊 SUMMARY
[2026-05-12 01:43:58]    ✅ Created: 22 new tasks
[2026-05-12 01:43:58]    ⏭️  Skipped: 4 existing tasks
[2026-05-12 01:43:59]    ✅ Created: 🚗 Schedule Uber to airport - None
[2026-05-12 01:43:59] ✈️  Processing: Geoffrey Clapp - Delta Air Lines 1154 - departs 7:00 AM local time - Confirmation code: HKJS55
[2026-05-12 01:43:59]    📆 2026-05-14
[2026-05-12 01:44:00]    ✅ Created: 🐕 Book Rover sitter for Greta - None (HKJS55)
[2026-05-12 01:44:02]    ✅ Created: ✈️ Check in for None (HKJS55)
[2026-05-12 01:44:02]    ⏭️  Skipped (exists): 🎒 Pack for trip - None...
[2026-05-12 01:44:02]    ⏭️  Skipped (exists): 🚗 Schedule Uber to airport - None...
[2026-05-12 01:44:02] ✈️  Processing: Delta Air Lines flight 960 to New York (GAO7LP)
[2026-05-12 01:44:02]    📆 2026-05-16
[2026-05-12 01:44:05]    ✅ Created: ✈️ Check in for None (GAO7LP)
[2026-05-12 01:44:05]    ⏭️  Skipped (exists): 🎒 Pack for trip - None...
[2026-05-12 01:44:05] ✈️  Processing: Stay at The Westin New York at Times Square
[2026-05-12 01:44:05]    📆 2026-05-17
[2026-05-12 01:44:06]    ✅ Created: 🏨 Confirm reservation - The Westin New York at Times Square
[2026-05-12 01:44:08]    ✅ Created: 📋 Research hotel amenities - The Westin New York at Times Sq
[2026-05-12 01:44:08] ✈️  Processing: Geoffrey Clapp - Delta Air Lines 742 - departs 7:00 AM local time - Confirmation code: HKZ4LV
[2026-05-12 01:44:08]    📆 2026-05-21
[2026-05-12 01:44:09]    ✅ Created: ✈️ Check in for None (HKZ4LV)
[2026-05-12 01:44:09]    ⏭️  Skipped (exists): 🎒 Pack for trip - None...
[2026-05-12 01:44:09] ✈️  Processing: Kids in Tahoe with Geoff (Ritz-Carlton Tahoe) 
[2026-05-12 01:44:09]    📆 2026-05-22
[2026-05-12 01:44:11]    ✅ Created: 🧳 Prepare for: Kids in Tahoe with Geoff (Ritz-Carlton Tahoe)
[2026-05-12 01:44:11] ✈️  Processing: Stay at The Ritz-Carlton, Lake Tahoe
[2026-05-12 01:44:11]    📆 2026-05-22
[2026-05-12 01:44:12]    ✅ Created: 🏨 Confirm reservation - The Ritz-Carlton, Lake Tahoe
[2026-05-12 01:44:14]    ✅ Created: 📋 Research hotel amenities - The Ritz-Carlton, Lake Tahoe
[2026-05-12 01:44:14] ✈️  Processing: Flight to RNO (DL 4099)
[2026-05-12 01:44:14]    📆 2026-05-22
[2026-05-12 01:44:14] ======================================================================
[2026-05-12 01:44:14] 🧳 Calendar Travel Checker - Starting Run
[2026-05-12 01:44:14] 📅 2026-05-12 01:44:14
[2026-05-12 01:44:14] 
[2026-05-12 01:44:14] 📅 Calendar loaded: 82 total events
[2026-05-12 01:44:14] 📅 Last updated: 2026-05-11T14:55:04.133815
[2026-05-12 01:44:14] 
[2026-05-12 01:44:14] ✈️  Found 10 travel events in next 30 days
[2026-05-12 01:44:14] 🍽️  Found 5 restaurant reservations in next 30 days
[2026-05-12 01:44:14] 
[2026-05-12 01:44:15] 📋 Found 49 existing Todoist tasks
[2026-05-12 01:44:15] 
[2026-05-12 01:44:15] ✈️  Processing: Geoffrey Clapp - Delta Air Lines 1430 - departs 8:59 PM local time - Confirmation code: HKNM2B
[2026-05-12 01:44:15]    📆 2026-05-12
[2026-05-12 01:44:15]    ✅ Created: ✈️ Check in for DL 4099
[2026-05-12 01:44:17]    ✅ Created: 🎒 Pack for trip - DL 4099
[2026-05-12 01:44:17] ✈️  Processing: Flight to LAX (DL 3902)
[2026-05-12 01:44:17]    📆 2026-05-25
[2026-05-12 01:44:17]    ✅ Created: 🐕 Book Rover sitter for Greta - None (HKNM2B)
[2026-05-12 01:44:19]    ✅ Created: ✈️ Check in for DL 3902
[2026-05-12 01:44:19]    ✅ Created: ✈️ Check in for None (HKNM2B)
[2026-05-12 01:44:20]    ✅ Created: 🎒 Pack for trip - DL 3902
[2026-05-12 01:44:20] ✈️  Processing: Ramtin/Driver Picking Up [In-person]
[2026-05-12 01:44:20]    📆 2026-05-25
[2026-05-12 01:44:21]    ✅ Created: 🎒 Pack for trip - None
[2026-05-12 01:44:22]    ✅ Created: 🚗 Schedule Uber to airport - None
[2026-05-12 01:44:22] ✈️  Processing: Geoffrey Clapp - Delta Air Lines 1154 - departs 7:00 AM local time - Confirmation code: HKJS55
[2026-05-12 01:44:22]    📆 2026-05-14
[2026-05-12 01:44:24]    ✅ Created: 🐕 Book Rover sitter for Greta - None (HKJS55)
[2026-05-12 01:44:25]    ✅ Created: ✈️ Check in for None (HKJS55)
[2026-05-12 01:44:25]    ⏭️  Skipped (exists): 🎒 Pack for trip - None...
[2026-05-12 01:44:25]    ⏭️  Skipped (exists): 🚗 Schedule Uber to airport - None...
[2026-05-12 01:44:25] ✈️  Processing: Delta Air Lines flight 960 to New York (GAO7LP)
[2026-05-12 01:44:25]    📆 2026-05-16
[2026-05-12 01:44:27]    ✅ Created: ✈️ Check in for None (GAO7LP)
[2026-05-12 01:44:27]    ⏭️  Skipped (exists): 🎒 Pack for trip - None...
[2026-05-12 01:44:27] ✈️  Processing: Stay at The Westin New York at Times Square
[2026-05-12 01:44:27]    📆 2026-05-17
[2026-05-12 01:44:29]    ✅ Created: 🏨 Confirm reservation - The Westin New York at Times Square
[2026-05-12 01:44:30]    ✅ Created: 📋 Research hotel amenities - The Westin New York at Times Sq
[2026-05-12 01:44:30] ✈️  Processing: Geoffrey Clapp - Delta Air Lines 742 - departs 7:00 AM local time - Confirmation code: HKZ4LV
[2026-05-12 01:44:30]    📆 2026-05-21
[2026-05-12 01:44:31]    ✅ Created: ✈️ Check in for None (HKZ4LV)
[2026-05-12 01:44:31]    ⏭️  Skipped (exists): 🎒 Pack for trip - None...
[2026-05-12 01:44:31] ✈️  Processing: Kids in Tahoe with Geoff (Ritz-Carlton Tahoe) 
[2026-05-12 01:44:31]    📆 2026-05-22
[2026-05-12 01:44:33]    ✅ Created: 🧳 Prepare for: Kids in Tahoe with Geoff (Ritz-Carlton Tahoe)
[2026-05-12 01:44:33] ✈️  Processing: Stay at The Ritz-Carlton, Lake Tahoe
[2026-05-12 01:44:33]    📆 2026-05-22
[2026-05-12 01:44:34]    ✅ Created: 🏨 Confirm reservation - The Ritz-Carlton, Lake Tahoe
[2026-05-12 01:44:36]    ✅ Created: 📋 Research hotel amenities - The Ritz-Carlton, Lake Tahoe
[2026-05-12 01:44:36] ✈️  Processing: Flight to RNO (DL 4099)
[2026-05-12 01:44:36]    📆 2026-05-22
[2026-05-12 01:44:38]    ✅ Created: ✈️ Check in for DL 4099
[2026-05-12 01:44:39]    ✅ Created: 🎒 Pack for trip - DL 4099
[2026-05-12 01:44:39] ✈️  Processing: Flight to LAX (DL 3902)
[2026-05-12 01:44:39]    📆 2026-05-25
[2026-05-12 01:44:41]    ✅ Created: ✈️ Check in for DL 3902
[2026-05-12 01:44:42]    ✅ Created: 🎒 Pack for trip - DL 3902
[2026-05-12 01:44:42] ✈️  Processing: Ramtin/Driver Picking Up [In-person]
[2026-05-12 01:44:42]    📆 2026-05-25
[2026-05-12 01:44:43]    ✅ Created: 🧳 Prepare for: Ramtin/Driver Picking Up [In-person]
[2026-05-12 01:44:43] 
[2026-05-12 01:46:12] ======================================================================
[2026-05-12 01:46:12] 🧳 Calendar Travel Checker - Starting Run
[2026-05-12 01:46:12] 📅 2026-05-12 01:46:12
[2026-05-12 01:46:12] 
[2026-05-12 01:46:12] 📅 Calendar loaded: 82 total events
[2026-05-12 01:46:12] 
[2026-05-12 01:46:12] ✈️ Found 10 travel events in next 30 days
[2026-05-12 01:46:12] 🍽️ Found 5 restaurant reservations in next 30 days
[2026-05-12 01:46:12] 
[2026-05-12 01:46:13] 📋 Found 49 existing Todoist tasks
[2026-05-12 01:46:13] 
[2026-05-12 01:46:13] ✈️ Processing: Geoffrey Clapp - Delta Air Lines 1430 - departs 8:59 PM local time - Confirmation code: HKNM2B
[2026-05-12 01:46:15]    ✅ Created: 🐕 Book Rover sitter for Greta - None (HKNM2B)
[2026-05-12 01:46:16]    ✅ Created: ✈️ Check in for None (HKNM2B)
[2026-05-12 01:46:18]    ✅ Created: 🎒 Pack for trip - None
[2026-05-12 01:46:19]    ✅ Created: 🚗 Schedule Uber to airport - None
[2026-05-12 01:46:19] ✈️ Processing: Geoffrey Clapp - Delta Air Lines 1154 - departs 7:00 AM local time - Confirmation code: HKJS55
[2026-05-12 01:46:21]    ✅ Created: 🐕 Book Rover sitter for Greta - None (HKJS55)
[2026-05-12 01:46:22]    ✅ Created: ✈️ Check in for None (HKJS55)
[2026-05-12 01:46:22] ✈️ Processing: Delta Air Lines flight 960 to New York (GAO7LP)
[2026-05-12 01:46:24]    ✅ Created: ✈️ Check in for None (GAO7LP)
[2026-05-12 01:46:24] ✈️ Processing: Stay at The Westin New York at Times Square
[2026-05-12 01:46:25]    ✅ Created: 🏨 Confirm reservation - The Westin New York at Times Square
[2026-05-12 01:46:27]    ✅ Created: 📋 Research hotel amenities - The Westin New York at Times Sq
[2026-05-12 01:46:27] ✈️ Processing: Geoffrey Clapp - Delta Air Lines 742 - departs 7:00 AM local time - Confirmation code: HKZ4LV
[2026-05-12 01:46:28]    ✅ Created: ✈️ Check in for None (HKZ4LV)
[2026-05-12 01:46:28] ✈️ Processing: Kids in Tahoe with Geoff (Ritz-Carlton Tahoe) 
[2026-05-12 01:46:29]    ✅ Created: 🧳 Prepare for: Kids in Tahoe with Geoff (Ritz-Carlton Tahoe)
[2026-05-12 01:46:29] ✈️ Processing: Stay at The Ritz-Carlton, Lake Tahoe
[2026-05-12 01:46:31]    ✅ Created: 🏨 Confirm reservation - The Ritz-Carlton, Lake Tahoe
[2026-05-12 01:46:32]    ✅ Created: 📋 Research hotel amenities - The Ritz-Carlton, Lake Tahoe
[2026-05-12 01:46:32] ✈️ Processing: Flight to RNO (DL 4099)
[2026-05-12 01:46:33]    ✅ Created: ✈️ Check in for DL 4099
[2026-05-12 01:46:34] ======================================================================
[2026-05-12 01:46:34] 🧳 Calendar Travel Checker - Starting Run
[2026-05-12 01:46:34] 📅 2026-05-12 01:46:34
[2026-05-12 01:46:34] 
[2026-05-12 01:46:34] 📅 Calendar loaded: 82 total events
[2026-05-12 01:46:34] 
[2026-05-12 01:46:34] ✈️ Found 10 travel events in next 30 days
[2026-05-12 01:46:34] 🍽️ Found 5 restaurant reservations in next 30 days
[2026-05-12 01:46:34] 
[2026-05-12 01:46:35]    ✅ Created: 🎒 Pack for trip - DL 4099
[2026-05-12 01:46:35] ✈️ Processing: Flight to LAX (DL 3902)
[2026-05-12 01:46:35] 📋 Found 49 existing Todoist tasks
[2026-05-12 01:46:35] 
[2026-05-12 01:46:35] ✈️ Processing: Geoffrey Clapp - Delta Air Lines 1430 - departs 8:59 PM local time - Confirmation code: HKNM2B
[2026-05-12 01:46:36]    ✅ Created: ✈️ Check in for DL 3902
[2026-05-12 01:46:37]    ✅ Created: 🐕 Book Rover sitter for Greta - None (HKNM2B)
[2026-05-12 01:46:37]    ✅ Created: 🎒 Pack for trip - DL 3902
[2026-05-12 01:46:37] ✈️ Processing: Ramtin/Driver Picking Up [In-person]
[2026-05-12 01:46:38]    ✅ Created: ✈️ Check in for None (HKNM2B)
[2026-05-12 01:46:39]    ✅ Created: 🧳 Prepare for: Ramtin/Driver Picking Up [In-person]
[2026-05-12 01:46:40]    ✅ Created: 🍽️ Confirm reservation - Sadelle's
[2026-05-12 01:46:40]    ✅ Created: 🎒 Pack for trip - None
[2026-05-12 01:46:42]    ✅ Created: 🚗 Schedule Uber to airport - None
[2026-05-12 01:46:42] ✈️ Processing: Geoffrey Clapp - Delta Air Lines 1154 - departs 7:00 AM local time - Confirmation code: HKJS55
[2026-05-12 01:46:42]    ✅ Created: 🍽️ Confirm reservation - Crown Shy
[2026-05-12 01:46:43]    ✅ Created: 🐕 Book Rover sitter for Greta - None (HKJS55)
[2026-05-12 01:46:43]    ✅ Created: 🍽️ Confirm reservation - Dinner Reservation
[2026-05-12 01:46:44]    ✅ Created: ✈️ Check in for None (HKJS55)
[2026-05-12 01:46:44] ✈️ Processing: Delta Air Lines flight 960 to New York (GAO7LP)
[2026-05-12 01:46:45]    ✅ Created: 🍽️ Confirm reservation - Eleven Madison Park
[2026-05-12 01:46:45] 
[2026-05-12 01:46:45] ======================================================================
[2026-05-12 01:46:45] 📊 SUMMARY
[2026-05-12 01:46:45]    ✅ Created: 22 new tasks
[2026-05-12 01:46:45]    ⏭️ Skipped: 4 existing tasks
[2026-05-12 01:46:45]    ❌ Failed: 0 tasks
[2026-05-12 01:46:45]    📈 Total runs: 6
[2026-05-12 01:46:45] ======================================================================
[2026-05-12 01:46:45] 
[2026-05-12 01:46:46]    ✅ Created: ✈️ Check in for None (GAO7LP)
[2026-05-12 01:46:46] ✈️ Processing: Stay at The Westin New York at Times Square
[2026-05-12 01:46:47]    ✅ Created: 🏨 Confirm reservation - The Westin New York at Times Square
[2026-05-12 01:46:49]    ✅ Created: 📋 Research hotel amenities - The Westin New York at Times Sq
[2026-05-12 01:46:49] ✈️ Processing: Geoffrey Clapp - Delta Air Lines 742 - departs 7:00 AM local time - Confirmation code: HKZ4LV
[2026-05-12 01:46:49] ======================================================================
[2026-05-12 01:46:49] 🧳 Calendar Travel Checker - Starting Run
[2026-05-12 01:46:49] 📅 2026-05-12 01:46:49
[2026-05-12 01:46:49] 
[2026-05-12 01:46:49] 📅 Calendar loaded: 82 total events
[2026-05-12 01:46:49] 
[2026-05-12 01:46:49] ✈️ Found 10 travel events in next 30 days
[2026-05-12 01:46:49] 🍽️ Found 5 restaurant reservations in next 30 days
[2026-05-12 01:46:49] 
[2026-05-12 01:46:50]    ✅ Created: ✈️ Check in for None (HKZ4LV)
[2026-05-12 01:46:50] ✈️ Processing: Kids in Tahoe with Geoff (Ritz-Carlton Tahoe) 
[2026-05-12 01:46:51] 📋 Found 49 existing Todoist tasks
[2026-05-12 01:46:51] 
[2026-05-12 01:46:51] ✈️ Processing: Geoffrey Clapp - Delta Air Lines 1430 - departs 8:59 PM local time - Confirmation code: HKNM2B
[2026-05-12 01:46:52]    ✅ Created: 🧳 Prepare for: Kids in Tahoe with Geoff (Ritz-Carlton Tahoe)
[2026-05-12 01:46:52] ✈️ Processing: Stay at The Ritz-Carlton, Lake Tahoe
[2026-05-12 01:46:52]    ✅ Created: 🐕 Book Rover sitter for Greta - None (HKNM2B)
[2026-05-12 01:46:53]    ✅ Created: 🏨 Confirm reservation - The Ritz-Carlton, Lake Tahoe
[2026-05-12 01:46:53]    ✅ Created: ✈️ Check in for None (HKNM2B)
[2026-05-12 01:46:55]    ✅ Created: 🎒 Pack for trip - None
[2026-05-12 01:46:55]    ✅ Created: 📋 Research hotel amenities - The Ritz-Carlton, Lake Tahoe
[2026-05-12 01:46:55] ✈️ Processing: Flight to RNO (DL 4099)
[2026-05-12 01:46:57]    ✅ Created: 🚗 Schedule Uber to airport - None
[2026-05-12 01:46:57] ✈️ Processing: Geoffrey Clapp - Delta Air Lines 1154 - departs 7:00 AM local time - Confirmation code: HKJS55
[2026-05-12 01:46:57]    ✅ Created: ✈️ Check in for DL 4099
[2026-05-12 01:46:58]    ✅ Created: 🐕 Book Rover sitter for Greta - None (HKJS55)
[2026-05-12 01:46:58]    ✅ Created: 🎒 Pack for trip - DL 4099
[2026-05-12 01:46:58] ✈️ Processing: Flight to LAX (DL 3902)
[2026-05-12 01:47:00]    ✅ Created: ✈️ Check in for DL 3902
[2026-05-12 01:47:00]    ✅ Created: ✈️ Check in for None (HKJS55)
[2026-05-12 01:47:00] ✈️ Processing: Delta Air Lines flight 960 to New York (GAO7LP)
[2026-05-12 01:47:01]    ✅ Created: 🎒 Pack for trip - DL 3902
[2026-05-12 01:47:01] ✈️ Processing: Ramtin/Driver Picking Up [In-person]
[2026-05-12 01:47:02]    ✅ Created: ✈️ Check in for None (GAO7LP)
[2026-05-12 01:47:02] ✈️ Processing: Stay at The Westin New York at Times Square
[2026-05-12 01:47:04]    ✅ Created: 🏨 Confirm reservation - The Westin New York at Times Square
[2026-05-12 01:47:05]    ✅ Created: 📋 Research hotel amenities - The Westin New York at Times Sq
[2026-05-12 01:47:05] ✈️ Processing: Geoffrey Clapp - Delta Air Lines 742 - departs 7:00 AM local time - Confirmation code: HKZ4LV
[2026-05-12 01:47:07]    ✅ Created: ✈️ Check in for None (HKZ4LV)
[2026-05-12 01:47:07] ✈️ Processing: Kids in Tahoe with Geoff (Ritz-Carlton Tahoe) 
[2026-05-12 01:47:08]    ✅ Created: 🧳 Prepare for: Kids in Tahoe with Geoff (Ritz-Carlton Tahoe)
[2026-05-12 01:47:08] ✈️ Processing: Stay at The Ritz-Carlton, Lake Tahoe
[2026-05-12 01:47:09]    ✅ Created: 🏨 Confirm reservation - The Ritz-Carlton, Lake Tahoe
[2026-05-12 01:47:10]    ✅ Created: 📋 Research hotel amenities - The Ritz-Carlton, Lake Tahoe
[2026-05-12 01:47:10] ✈️ Processing: Flight to RNO (DL 4099)
[2026-05-12 01:47:12]    ✅ Created: ✈️ Check in for DL 4099
[2026-05-12 01:47:13]    ✅ Created: 🎒 Pack for trip - DL 4099
[2026-05-12 01:47:13] ✈️ Processing: Flight to LAX (DL 3902)
[2026-05-12 01:47:15]    ✅ Created: ✈️ Check in for DL 3902
[2026-05-12 01:47:16]    ✅ Created: 🎒 Pack for trip - DL 3902
[2026-05-12 01:47:16] ✈️ Processing: Ramtin/Driver Picking Up [In-person]
[2026-05-12 01:47:18]    ✅ Created: 🧳 Prepare for: Ramtin/Driver Picking Up [In-person]
[2026-05-12 01:48:17] ======================================================================
[2026-05-12 01:48:17] 🧳 Calendar Travel Checker - Starting Run
[2026-05-12 01:48:17] 📅 2026-05-12 01:48:17
[2026-05-12 01:48:17] 
[2026-05-12 01:48:17] 📅 Calendar loaded: 82 total events
[2026-05-12 01:48:17] 
[2026-05-12 01:48:17] ✈️ Found 10 travel events in next 30 days
[2026-05-12 01:48:17] 🍽️ Found 5 restaurant reservations in next 30 days
[2026-05-12 01:48:17] 
[2026-05-12 01:48:18] 📋 Found 49 existing Todoist tasks
[2026-05-12 01:48:18] 
[2026-05-12 01:48:18] ✈️ Processing: Geoffrey Clapp - Delta Air Lines 1430 - departs 8:59 PM local time - Confirmation code: HKNM2B
[2026-05-12 01:48:20]    ✅ Created: 🐕 Book Rover sitter for Greta - None (HKNM2B)
[2026-05-12 01:48:21]    ✅ Created: ✈️ Check in for None (HKNM2B)
[2026-05-12 01:48:23]    ✅ Created: 🎒 Pack for trip - None
[2026-05-12 01:48:24]    ✅ Created: 🚗 Schedule Uber to airport - None
[2026-05-12 01:48:24] ✈️ Processing: Geoffrey Clapp - Delta Air Lines 1154 - departs 7:00 AM local time - Confirmation code: HKJS55
[2026-05-12 01:48:26]    ✅ Created: 🐕 Book Rover sitter for Greta - None (HKJS55)
[2026-05-12 01:48:35] ======================================================================
[2026-05-12 01:48:35] 🧳 Calendar Travel Checker - Starting Run
[2026-05-12 01:48:35] 📅 2026-05-12 01:48:35
[2026-05-12 01:48:35] 
[2026-05-12 01:48:35] 📅 Calendar loaded: 82 total events
[2026-05-12 01:48:35] 
[2026-05-12 01:48:35] ✈️ Found 10 travel events in next 30 days
[2026-05-12 01:48:35] 🍽️ Found 5 restaurant reservations in next 30 days
[2026-05-12 01:48:35] 
[2026-05-12 01:48:36] 📋 Found 49 existing Todoist tasks
[2026-05-12 01:48:36] 
[2026-05-12 01:48:36] ✈️ Processing: Geoffrey Clapp - Delta Air Lines 1430 - departs 8:59 PM local time - Confirmation code: HKNM2B
[2026-05-12 01:48:37]    ✅ Created: 🐕 Book Rover sitter for Greta - None (HKNM2B)
[2026-05-12 01:48:39]    ✅ Created: ✈️ Check in for None (HKNM2B)
[2026-05-12 01:48:40]    ✅ Created: 🎒 Pack for trip - None
[2026-05-12 01:48:42]    ✅ Created: 🚗 Schedule Uber to airport - None
[2026-05-12 01:48:42] ✈️ Processing: Geoffrey Clapp - Delta Air Lines 1154 - departs 7:00 AM local time - Confirmation code: HKJS55
[2026-05-12 01:48:43]    ✅ Created: 🐕 Book Rover sitter for Greta - None (HKJS55)
[2026-05-12 01:48:45]    ✅ Created: ✈️ Check in for None (HKJS55)
[2026-05-12 01:48:45] ✈️ Processing: Delta Air Lines flight 960 to New York (GAO7LP)
[2026-05-12 01:48:47]    ✅ Created: ✈️ Check in for None (GAO7LP)
[2026-05-12 01:48:47] ✈️ Processing: Stay at The Westin New York at Times Square
[2026-05-12 01:48:48]    ✅ Created: 🏨 Confirm reservation - The Westin New York at Times Square
[2026-05-12 01:48:50]    ✅ Created: 📋 Research hotel amenities - The Westin New York at Times Sq
[2026-05-12 01:48:50] ✈️ Processing: Geoffrey Clapp - Delta Air Lines 742 - departs 7:00 AM local time - Confirmation code: HKZ4LV
[2026-05-12 01:48:52]    ✅ Created: ✈️ Check in for None (HKZ4LV)
[2026-05-12 01:48:52] ✈️ Processing: Kids in Tahoe with Geoff (Ritz-Carlton Tahoe) 
[2026-05-12 01:48:54]    ✅ Created: 🧳 Prepare for: Kids in Tahoe with Geoff (Ritz-Carlton Tahoe)
[2026-05-12 01:48:54] ✈️ Processing: Stay at The Ritz-Carlton, Lake Tahoe
[2026-05-12 01:48:55]    ✅ Created: 🏨 Confirm reservation - The Ritz-Carlton, Lake Tahoe
[2026-05-12 01:48:57]    ✅ Created: 📋 Research hotel amenities - The Ritz-Carlton, Lake Tahoe
[2026-05-12 01:48:57] ✈️ Processing: Flight to RNO (DL 4099)
[2026-05-12 01:48:58]    ✅ Created: ✈️ Check in for DL 4099
[2026-05-12 01:49:00]    ✅ Created: 🎒 Pack for trip - DL 4099
[2026-05-12 01:49:00] ✈️ Processing: Flight to LAX (DL 3902)
[2026-05-12 01:49:02]    ✅ Created: ✈️ Check in for DL 3902
[2026-05-12 01:50:49] ======================================================================
[2026-05-12 01:50:49] Calendar Travel Checker - Starting Run
[2026-05-12 01:50:49] 2026-05-12 01:50:49
[2026-05-12 01:50:49] 
[2026-05-12 01:50:49] Calendar loaded: 82 total events
[2026-05-12 01:50:49] 
[2026-05-12 01:50:49] Found 10 travel events in next 30 days
[2026-05-12 01:50:49] Found 5 restaurant reservations in next 30 days
[2026-05-12 01:50:49] 
[2026-05-12 01:50:50] Found 49 existing Todoist tasks
[2026-05-12 01:50:50] 
[2026-05-12 01:50:50] Processing: Geoffrey Clapp - Delta Air Lines 1430 - departs 8:59 PM local time - Confirmation code: HKNM2B
[2026-05-12 01:50:51]   Created: Book Rover sitter for Greta - None (HKNM2B)
[2026-05-12 01:50:53]   Created: Check in for None (HKNM2B)
[2026-05-12 01:50:55]   Created: Pack for trip - None
[2026-05-12 01:50:56]   Created: Schedule Uber to airport - None
[2026-05-12 01:50:56] Processing: Geoffrey Clapp - Delta Air Lines 1154 - departs 7:00 AM local time - Confirmation code: HKJS55
[2026-05-12 01:50:58]   Created: Book Rover sitter for Greta - None (HKJS55)
[2026-05-12 01:50:59]   Created: Check in for None (HKJS55)
[2026-05-12 01:50:59] Processing: Delta Air Lines flight 960 to New York (GAO7LP)
[2026-05-12 01:51:01]   Created: Check in for None (GAO7LP)
[2026-05-12 01:51:01] Processing: Stay at The Westin New York at Times Square
[2026-05-12 01:51:04]   Created: Confirm hotel reservation - The Westin New York at Times Squ
[2026-05-12 01:51:06]   Created: Research hotel amenities - The Westin New York at Times Squa
[2026-05-12 01:51:06] Processing: Geoffrey Clapp - Delta Air Lines 742 - departs 7:00 AM local time - Confirmation code: HKZ4LV
[2026-05-12 01:51:07]   Created: Check in for None (HKZ4LV)
[2026-05-12 01:51:07] Processing: Kids in Tahoe with Geoff (Ritz-Carlton Tahoe) 
[2026-05-12 01:51:09]   Created: Prepare for: Kids in Tahoe with Geoff (Ritz-Carlton Tahoe) 
[2026-05-12 01:51:09] Processing: Stay at The Ritz-Carlton, Lake Tahoe
[2026-05-12 01:51:11]   Created: Confirm hotel reservation - The Ritz-Carlton, Lake Tahoe
[2026-05-12 01:51:13]   Created: Research hotel amenities - The Ritz-Carlton, Lake Tahoe
[2026-05-12 01:51:13] Processing: Flight to RNO (DL 4099)
[2026-05-12 01:51:15]   Created: Check in for DL 4099
[2026-05-12 01:51:17]   Created: Pack for trip - DL 4099
[2026-05-12 01:51:17] Processing: Flight to LAX (DL 3902)
[2026-05-12 01:51:19]   Failed: Check in for DL 3902... - error: Error: HTTP 403: Forbidden
[2026-05-12 01:51:20]   Failed: Pack for trip - DL 3902... - error: Error: HTTP 403: Forbidden
[2026-05-12 01:51:20] Processing: Ramtin/Driver Picking Up [In-person]
[2026-05-12 01:51:22]   Failed: Prepare for: Ramtin/Driver Picking Up [In-person]... - error: Error: HTTP 403: Forbidden
[2026-05-12 01:51:29] 
[2026-05-12 01:51:29] ======================================================================
[2026-05-12 01:51:29] SUMMARY
[2026-05-12 01:51:29]   Created: 15 new tasks
[2026-05-12 01:51:29]   Skipped: 4 existing tasks
[2026-05-12 01:51:29]   Failed: 3 tasks
[2026-05-12 01:51:29]   Total runs: 7
[2026-05-12 01:51:29] ======================================================================
[2026-05-12 01:51:29] 
[2026-05-12 01:52:01] ======================================================================
[2026-05-12 01:52:01] Calendar Travel Checker - Starting Run
[2026-05-12 01:52:01] 2026-05-12 01:52:01
[2026-05-12 01:52:01] 
[2026-05-12 01:52:01] Calendar loaded: 82 total events
[2026-05-12 01:52:01] 
[2026-05-12 01:52:01] Found 10 travel events in next 30 days
[2026-05-12 01:52:01] Found 5 restaurant reservations in next 30 days
[2026-05-12 01:52:01] 
[2026-05-12 01:52:03] Found 49 existing Todoist tasks
[2026-05-12 01:52:03] 
[2026-05-12 01:52:03] Processing: Geoffrey Clapp - Delta Air Lines 1430 - departs 8:59 PM local time - Confirmation code: HKNM2B
[2026-05-12 01:52:04]   Created: Book Rover sitter for Greta - None (HKNM2B)
[2026-05-12 01:52:06]   Created: Check in for None (HKNM2B)
[2026-05-12 01:52:07]   Created: Pack for trip - None
[2026-05-12 01:52:09]   Created: Schedule Uber to airport - None
[2026-05-12 01:52:09] Processing: Geoffrey Clapp - Delta Air Lines 1154 - departs 7:00 AM local time - Confirmation code: HKJS55
[2026-05-12 01:52:10]   Created: Book Rover sitter for Greta - None (HKJS55)
[2026-05-12 01:52:12]   Created: Check in for None (HKJS55)
[2026-05-12 01:52:12] Processing: Delta Air Lines flight 960 to New York (GAO7LP)
[2026-05-12 01:52:13]   Created: Check in for None (GAO7LP)
[2026-05-12 01:52:13] Processing: Stay at The Westin New York at Times Square
[2026-05-12 01:52:15]   Created: Confirm hotel reservation - The Westin New York at Times Squ
[2026-05-12 01:52:16]   Created: Research hotel amenities - The Westin New York at Times Squa
[2026-05-12 01:52:16] Processing: Geoffrey Clapp - Delta Air Lines 742 - departs 7:00 AM local time - Confirmation code: HKZ4LV
[2026-05-12 01:52:18]   Created: Check in for None (HKZ4LV)
[2026-05-12 01:52:18] Processing: Kids in Tahoe with Geoff (Ritz-Carlton Tahoe) 
[2026-05-12 01:52:20]   Created: Prepare for: Kids in Tahoe with Geoff (Ritz-Carlton Tahoe) 
[2026-05-12 01:52:20] Processing: Stay at The Ritz-Carlton, Lake Tahoe
[2026-05-12 01:52:21]   Created: Confirm hotel reservation - The Ritz-Carlton, Lake Tahoe
[2026-05-12 01:52:23]   Created: Research hotel amenities - The Ritz-Carlton, Lake Tahoe
[2026-05-12 01:52:23] Processing: Flight to RNO (DL 4099)
[2026-05-12 01:52:25]   Created: Check in for DL 4099
[2026-05-12 01:52:26]   Created: Pack for trip - DL 4099
[2026-05-12 01:52:26] Processing: Flight to LAX (DL 3902)
[2026-05-12 01:52:27] ======================================================================
[2026-05-12 01:52:27] Calendar Travel Checker - Starting Run
[2026-05-12 01:52:27] 2026-05-12 01:52:27
[2026-05-12 01:52:27] 
[2026-05-12 01:52:27] Calendar loaded: 82 total events
[2026-05-12 01:52:27] 
[2026-05-12 01:52:27] Found 10 travel events in next 30 days
[2026-05-12 01:52:27] Found 5 restaurant reservations in next 30 days
[2026-05-12 01:52:27] 
[2026-05-12 01:52:28]   Created: Check in for DL 3902
[2026-05-12 01:52:29] Found 49 existing Todoist tasks
[2026-05-12 01:52:29] 
[2026-05-12 01:52:29] Processing: Geoffrey Clapp - Delta Air Lines 1430 - departs 8:59 PM local time - Confirmation code: HKNM2B
[2026-05-12 01:52:30]   Created: Pack for trip - DL 3902
[2026-05-12 01:52:30] Processing: Ramtin/Driver Picking Up [In-person]
[2026-05-12 01:52:30]   Created: Book Rover sitter for Greta - None (HKNM2B)
[2026-05-12 01:52:32]   Created: Check in for None (HKNM2B)
[2026-05-12 01:52:33]   Created: Pack for trip - None
[2026-05-12 01:52:35]   Created: Schedule Uber to airport - None
[2026-05-12 01:52:35] Processing: Geoffrey Clapp - Delta Air Lines 1154 - departs 7:00 AM local time - Confirmation code: HKJS55
[2026-05-12 01:52:37]   Created: Book Rover sitter for Greta - None (HKJS55)
[2026-05-12 01:52:39]   Created: Check in for None (HKJS55)
[2026-05-12 01:52:39] Processing: Delta Air Lines flight 960 to New York (GAO7LP)
[2026-05-12 01:52:40]   Created: Check in for None (GAO7LP)
[2026-05-12 01:52:40] Processing: Stay at The Westin New York at Times Square
[2026-05-12 01:52:42]   Created: Confirm hotel reservation - The Westin New York at Times Squ
[2026-05-12 01:52:43]   Created: Research hotel amenities - The Westin New York at Times Squa
[2026-05-12 01:52:43] Processing: Geoffrey Clapp - Delta Air Lines 742 - departs 7:00 AM local time - Confirmation code: HKZ4LV
[2026-05-12 01:52:45]   Created: Check in for None (HKZ4LV)
[2026-05-12 01:52:45] Processing: Kids in Tahoe with Geoff (Ritz-Carlton Tahoe) 
[2026-05-12 01:52:47]   Created: Prepare for: Kids in Tahoe with Geoff (Ritz-Carlton Tahoe) 
[2026-05-12 01:52:47] Processing: Stay at The Ritz-Carlton, Lake Tahoe
[2026-05-12 01:52:48]   Created: Confirm hotel reservation - The Ritz-Carlton, Lake Tahoe
[2026-05-12 01:52:50]   Created: Research hotel amenities - The Ritz-Carlton, Lake Tahoe
[2026-05-12 01:52:50] Processing: Flight to RNO (DL 4099)
[2026-05-12 01:52:51]   Failed: Check in for DL 4099... - error: Error: HTTP 403: Forbidden
[2026-05-12 01:52:52]   Failed: Pack for trip - DL 4099... - error: Error: HTTP 403: Forbidden
[2026-05-12 01:52:52] Processing: Flight to LAX (DL 3902)
[2026-05-12 01:52:53]   Failed: Check in for DL 3902... - error: Error: HTTP 403: Forbidden
[2026-05-12 01:52:55]   Failed: Pack for trip - DL 3902... - error: Error: HTTP 403: Forbidden
[2026-05-12 01:52:55] Processing: Ramtin/Driver Picking Up [In-person]
[2026-05-12 01:52:56]   Failed: Prepare for: Ramtin/Driver Picking Up [In-person]... - error: Error: HTTP 403: Forbidden
[2026-05-12 01:53:41] ======================================================================
[2026-05-12 01:53:41] Calendar Travel Checker - Starting Run
[2026-05-12 01:53:41] 2026-05-12 01:53:41
[2026-05-12 01:53:41] 
[2026-05-12 01:53:41] Calendar loaded: 82 total events
[2026-05-12 01:53:41] 
[2026-05-12 01:53:41] Found 10 travel events in next 30 days
[2026-05-12 01:53:41] Found 5 restaurant reservations in next 30 days
[2026-05-12 01:53:41] 
[2026-05-12 01:53:43] Found 49 existing Todoist tasks
[2026-05-12 01:53:43] 
[2026-05-12 01:53:43] Processing: Geoffrey Clapp - Delta Air Lines 1430 - departs 8:59 PM local time - Confirmation code: HKNM2B
[2026-05-12 01:53:44]   Failed: Book Rover sitter for Greta - None (HKNM2B)... - error: Error: HTTP 403: Forbidden
[2026-05-12 01:53:45]   Failed: Check in for None (HKNM2B)... - error: Error: HTTP 403: Forbidden
[2026-05-12 01:53:47]   Failed: Pack for trip - None... - error: Error: HTTP 403: Forbidden
[2026-05-12 01:53:48]   Failed: Schedule Uber to airport - None... - error: Error: HTTP 403: Forbidden
[2026-05-12 01:53:48] Processing: Geoffrey Clapp - Delta Air Lines 1154 - departs 7:00 AM local time - Confirmation code: HKJS55
[2026-05-12 01:53:49]   Failed: Book Rover sitter for Greta - None (HKJS55)... - error: Error: HTTP 403: Forbidden
[2026-05-12 01:53:50]   Failed: Check in for None (HKJS55)... - error: Error: HTTP 403: Forbidden
[2026-05-12 01:54:08] ======================================================================
[2026-05-12 01:54:08] Calendar Travel Checker - Starting Run
[2026-05-12 01:54:08] 2026-05-12 01:54:08
[2026-05-12 01:54:08] 
[2026-05-12 01:54:08] Calendar loaded: 82 total events
[2026-05-12 01:54:08] 
[2026-05-12 01:54:08] Found 10 travel events in next 30 days
[2026-05-12 01:54:08] Found 5 restaurant reservations in next 30 days
[2026-05-12 01:54:08] 
[2026-05-12 01:54:09] Found 49 existing Todoist tasks
[2026-05-12 01:54:09] 
[2026-05-12 01:54:09] Processing: Geoffrey Clapp - Delta Air Lines 1430 - departs 8:59 PM local time - Confirmation code: HKNM2B
[2026-05-12 01:54:10]   Failed: Book Rover sitter for Greta - None (HKNM2B)... - error: Error: HTTP 403: Forbidden
[2026-05-12 01:54:11]   Failed: Check in for None (HKNM2B)... - error: Error: HTTP 403: Forbidden
[2026-05-12 01:54:13]   Failed: Pack for trip - None... - error: Error: HTTP 403: Forbidden
[2026-05-12 01:55:33] ======================================================================
[2026-05-12 01:55:33] Calendar Travel Checker - Starting Run
[2026-05-12 01:55:33] 2026-05-12 01:55:33
[2026-05-12 01:55:33] 
[2026-05-12 01:55:33] Calendar loaded: 82 total events
[2026-05-12 01:55:33] 
[2026-05-12 01:55:33] Found 10 travel events in next 30 days
[2026-05-12 01:55:33] Found 5 restaurant reservations in next 30 days
[2026-05-12 01:55:33] 
[2026-05-12 01:55:35] Found 49 existing Todoist tasks
[2026-05-12 01:55:35] 
[2026-05-12 01:55:35] Processing: Geoffrey Clapp - Delta Air Lines 1430 - departs 8:59 PM local time - Confirmation code: HKNM2B
[2026-05-12 01:55:36]   Created: Book Rover sitter for Greta - None (HKNM2B)
[2026-05-12 01:55:39]   Created: Check in for None (HKNM2B)
[2026-05-12 01:55:41]   Created: Pack for trip - None
[2026-05-12 01:55:43]   Created: Schedule Uber to airport - None
[2026-05-12 01:55:43] Processing: Geoffrey Clapp - Delta Air Lines 1154 - departs 7:00 AM local time - Confirmation code: HKJS55
[2026-05-12 01:55:44]   Created: Book Rover sitter for Greta - None (HKJS55)
[2026-05-12 01:55:46]   Created: Check in for None (HKJS55)
[2026-05-12 01:55:46] Processing: Delta Air Lines flight 960 to New York (GAO7LP)
[2026-05-12 01:55:48]   Created: Check in for None (GAO7LP)
[2026-05-12 01:55:48] Processing: Stay at The Westin New York at Times Square
[2026-05-12 01:55:50]   Created: Confirm hotel reservation - The Westin New York at Times Squ
[2026-05-12 01:55:52]   Created: Research hotel amenities - The Westin New York at Times Squa
[2026-05-12 01:55:52] Processing: Geoffrey Clapp - Delta Air Lines 742 - departs 7:00 AM local time - Confirmation code: HKZ4LV
[2026-05-12 01:55:53]   Created: Check in for None (HKZ4LV)
[2026-05-12 01:55:53] Processing: Kids in Tahoe with Geoff (Ritz-Carlton Tahoe) 
[2026-05-12 01:55:55]   Created: Prepare for: Kids in Tahoe with Geoff (Ritz-Carlton Tahoe) 
[2026-05-12 01:55:55] Processing: Stay at The Ritz-Carlton, Lake Tahoe
[2026-05-12 01:55:56]   Created: Confirm hotel reservation - The Ritz-Carlton, Lake Tahoe
[2026-05-12 01:55:59]   Created: Research hotel amenities - The Ritz-Carlton, Lake Tahoe
[2026-05-12 01:55:59] Processing: Flight to RNO (DL 4099)
[2026-05-12 01:56:00]   Created: Check in for DL 4099
[2026-05-12 01:56:04]   Created: Pack for trip - DL 4099
[2026-05-12 01:56:04] Processing: Flight to LAX (DL 3902)
[2026-05-12 01:56:06]   Created: Check in for DL 3902
[2026-05-12 01:56:07]   Created: Pack for trip - DL 3902
[2026-05-12 01:56:07] Processing: Ramtin/Driver Picking Up [In-person]
[2026-05-12 01:56:09]   Created: Prepare for: Ramtin/Driver Picking Up [In-person]
[2026-05-12 01:56:11]   Created: Confirm reservation - Sadelle's
[2026-05-12 01:56:13]   Created: Confirm reservation - Crown Shy
[2026-05-12 01:56:14]   Created: Confirm reservation - Dinner Reservation
[2026-05-12 01:56:16]   Created: Confirm reservation - Eleven Madison Park
[2026-05-12 01:56:16] 
[2026-05-12 01:56:16] ======================================================================
[2026-05-12 01:56:16] SUMMARY
[2026-05-12 01:56:16]   Created: 22 new tasks
[2026-05-12 01:56:16]   Skipped: 4 existing tasks
[2026-05-12 01:56:16]   Failed: 0 tasks
[2026-05-12 01:56:16]   Total runs: 8
[2026-05-12 01:56:16] ======================================================================
[2026-05-12 01:56:16] 
[2026-05-12 01:59:19] ======================================================================
[2026-05-12 01:59:19] Calendar Travel Checker - Starting
[2026-05-12 01:59:19] 2026-05-12 01:59:19
[2026-05-12 01:59:19] 
[2026-05-12 01:59:19] Calendar loaded: 82 events
[2026-05-12 01:59:19] Found 9 travel events in next 60 days
[2026-05-12 01:59:19] Grouped into 2 trips
[2026-05-12 01:59:19] 
[2026-05-12 01:59:20] Found 28 existing tasks
[2026-05-12 01:59:20] 
[2026-05-12 01:59:20] Creating: Tasks for NYC Trip on May 12
[2026-05-12 01:59:24]   Created: 🧳 Pack (due 2026-05-11)
[2026-05-12 01:59:25]   Created: 🐕 Schedule Rover (due today)
[2026-05-12 01:59:27]   Created: 🚗 Schedule Uber to airport (due 2026-05-09)
[2026-05-12 01:59:28]   Created: 🚗 Schedule Uber to airport (due 2026-05-09)
[2026-05-12 01:59:30]   Created: 🚗 Schedule Uber to airport (due 2026-05-11)
[2026-05-12 01:59:32]   Created: 🚗 Schedule Uber to airport (due 2026-05-13)
[2026-05-12 01:59:33]   Created: 🚗 Schedule Uber to airport (due 2026-05-14)
[2026-05-12 01:59:33] 
[2026-05-12 01:59:33] Creating: Tasks for Tahoe Trip on May 21 HKZ4LV
[2026-05-12 01:59:36]   Created: 🧳 Pack (due 2026-05-20)
[2026-05-12 01:59:38]   Created: 🐕 Schedule Rover (due today)
[2026-05-12 01:59:40]   Created: 🚗 Schedule Uber to airport (due 2026-05-18)
[2026-05-12 01:59:41]   Created: 🚗 Schedule Uber to airport (due 2026-05-19)
[2026-05-12 01:59:43]   Created: 🚗 Schedule Uber to airport for DL4099 (due 2026-05-19)
[2026-05-12 01:59:44]   Created: 🚗 Schedule Uber to airport for DL3902 (due 2026-05-22)
[2026-05-12 01:59:44] 
[2026-05-12 01:59:44] ======================================================================
[2026-05-12 01:59:44] SUMMARY: Created 15 tasks
[2026-05-12 01:59:44] ======================================================================
[2026-05-12 02:00:09] ======================================================================
[2026-05-12 02:00:09] Calendar Travel Checker - Starting
[2026-05-12 02:00:09] 2026-05-12 02:00:09
[2026-05-12 02:00:09] 
[2026-05-12 02:00:09] Calendar loaded: 82 events
[2026-05-12 02:00:09] Found 9 travel events in next 60 days
[2026-05-12 02:00:09] Grouped into 3 trips
[2026-05-12 02:00:09] 
[2026-05-12 02:00:12] Found 28 existing tasks
[2026-05-12 02:00:12] 
[2026-05-12 02:00:12] Creating: Tasks for NYC Trip on May 12
[2026-05-12 02:00:16]   Created: 🧳 Pack (due 2026-05-11)
[2026-05-12 02:00:18]   Created: 🐕 Schedule Rover (due today)
[2026-05-12 02:00:18] 
[2026-05-12 02:00:18] Creating: Tasks for Tahoe Trip on May 21 HKZ4LV
[2026-05-12 02:00:23]   Created: 🧳 Pack (due 2026-05-20)
[2026-05-12 02:00:26]   Created: 🐕 Schedule Rover (due today)
[2026-05-12 02:00:28]   Created: 🚗 Schedule Uber to airport for DL4099 (due 2026-05-19)
[2026-05-12 02:00:28] 
[2026-05-12 02:00:28] Creating: Tasks for Trip Trip on May 25 - DL3902
[2026-05-12 02:00:33]   Created: 🧳 Pack (due 2026-05-24)
[2026-05-12 02:00:35]   Created: 🐕 Schedule Rover (due today)
[2026-05-12 02:00:38]   Created: 🚗 Schedule Uber to airport for DL3902 (due 2026-05-22)
[2026-05-12 02:00:38] 
[2026-05-12 02:00:38] ======================================================================
[2026-05-12 02:00:38] SUMMARY: Created 11 tasks
[2026-05-12 02:00:38] ======================================================================
[2026-05-12 02:01:03] ======================================================================
[2026-05-12 02:01:03] Calendar Travel Checker - Starting
[2026-05-12 02:01:03] 2026-05-12 02:01:03
[2026-05-12 02:01:03] 
[2026-05-12 02:01:03] Calendar loaded: 82 events
[2026-05-12 02:01:03] Found 9 travel events in next 60 days
[2026-05-12 02:01:03] Grouped into 3 trips
[2026-05-12 02:01:03] 
[2026-05-12 02:01:05] Found 28 existing tasks
[2026-05-12 02:01:05] 
[2026-05-12 02:01:05] Creating: Tasks for NYC Trip on May 12
[2026-05-12 02:01:09]   Created: 🧳 Pack (due 2026-05-11)
[2026-05-12 02:01:11]   Created: 🐕 Schedule Rover (due today)
[2026-05-12 02:01:13]   Created: 🚗 Schedule Uber to airport for DL1430 (due 2026-05-09)
[2026-05-12 02:01:15]   Created: 🚗 Schedule Uber to airport for DL1154 (due 2026-05-11)
[2026-05-12 02:01:15] 
[2026-05-12 02:01:15] Creating: Tasks for Tahoe Trip on May 21 - DL742 HKZ4LV
[2026-05-12 02:01:19]   Created: 🧳 Pack (due 2026-05-20)
[2026-05-12 02:01:21]   Created: 🐕 Schedule Rover (due today)
[2026-05-12 02:01:23]   Created: 🚗 Schedule Uber to airport for DL742 (due 2026-05-18)
[2026-05-12 02:01:25]   Created: 🚗 Schedule Uber to airport for DL4099 (due 2026-05-19)
[2026-05-12 02:01:25] 
[2026-05-12 02:01:25] Creating: Tasks for Trip Trip on May 25 - DL3902
[2026-05-12 02:01:28]   Created: 🧳 Pack (due 2026-05-24)
[2026-05-12 02:01:30]   Created: 🐕 Schedule Rover (due today)
[2026-05-12 02:01:32]   Created: 🚗 Schedule Uber to airport for DL3902 (due 2026-05-22)
[2026-05-12 02:01:32] 
[2026-05-12 02:01:32] ======================================================================
[2026-05-12 02:01:32] SUMMARY: Created 14 tasks
[2026-05-12 02:01:32] ======================================================================
[2026-05-12 02:05:48] ======================================================================
[2026-05-12 02:05:48] Calendar Travel Checker - Starting
[2026-05-12 02:05:48] 2026-05-12 02:05:48
[2026-05-12 02:05:48] 
[2026-05-12 02:05:48] Calendar loaded: 82 events
[2026-05-12 02:05:48] Found 9 travel events in next 60 days
[2026-05-12 02:05:48] Grouped into 3 trips
[2026-05-12 02:05:48] 
[2026-05-12 02:05:50] Found 28 existing tasks
[2026-05-12 02:05:50] 
[2026-05-12 02:05:50] Creating: Tasks for see detailed information for automatically created events like this one Trip on May 12
[2026-05-12 02:05:53]   Created: └── 🧳 Pack (due 2026-05-11)
[2026-05-12 02:05:55]   Created: └── 🏢 Contact Marriott Ambassador (due 2026-05-05)
[2026-05-12 02:05:57]   Created: └── 🐕 Schedule Rover (due today)
[2026-05-12 02:05:58]   Created: └── 🚗 Schedule Uber to airport for DL1430 to San Jose (due 2026-05-09)
[2026-05-12 02:06:00]   Created: └── 🚗 Schedule Uber to airport for DL1154 to Los Angeles (due 2026-05-11)
[2026-05-12 02:06:00] 
[2026-05-12 02:06:00] Creating: Tasks for see detailed information for automatically created events like this one Trip on May 21 - DL742 HKZ4LV
[2026-05-12 02:06:08]   Created: └── 🧳 Pack (due 2026-05-20)
[2026-05-12 02:06:10]   Created: └── 🏢 Contact Marriott Ambassador (due 2026-05-14)
[2026-05-12 02:06:11]   Created: └── 🐕 Schedule Rover (due today)
[2026-05-12 02:06:13]   Created: └── 🚗 Schedule Uber to airport for DL742 to Los Angeles (due 2026-05-18)
[2026-05-12 02:06:16]   Created: └── 🚗 Schedule Uber to airport for DL4099 to see detailed in (due 2026-05-19)
[2026-05-12 02:06:16] 
[2026-05-12 02:06:16] Creating: Tasks for see detailed information for automatically created events like this one Trip on May 25 - DL3902
[2026-05-12 02:06:23]   Created: └── 🧳 Pack (due 2026-05-24)
[2026-05-12 02:06:25]   Created: └── 🏢 Contact Marriott Ambassador (due 2026-05-18)
[2026-05-12 02:06:27]   Created: └── 🐕 Schedule Rover (due today)
[2026-05-12 02:06:29]   Created: └── 🚗 Schedule Uber to airport for DL3902 to see detailed in (due 2026-05-22)
[2026-05-12 02:06:29] 
[2026-05-12 02:06:29] ======================================================================
[2026-05-12 02:06:29] SUMMARY: Created 17 tasks
[2026-05-12 02:06:29] ======================================================================
[2026-05-12 02:07:05] ======================================================================
[2026-05-12 02:07:05] Calendar Travel Checker - Starting
[2026-05-12 02:07:05] 2026-05-12 02:07:05
[2026-05-12 02:07:05] 
[2026-05-12 02:07:05] Calendar loaded: 82 events
[2026-05-12 02:07:05] Found 9 travel events in next 60 days
[2026-05-12 02:07:05] Grouped into 3 trips
[2026-05-12 02:07:05] 
[2026-05-12 02:07:08] Found 28 existing tasks
[2026-05-12 02:07:08] 
[2026-05-12 02:07:08] Creating: Tasks for NYC Trip on May 12
[2026-05-12 02:07:12]   Created: └── 🧳 Pack (due 2026-05-11)
[2026-05-12 02:07:13]   Created: └── 🏢 Contact Marriott Ambassador (due 2026-05-05)
[2026-05-12 02:07:15]   Created: └── 🐕 Schedule Rover (due today)
[2026-05-12 02:07:17]   Created: └── 🚗 Schedule Uber to airport for DL1430 to San Jose (due 2026-05-09)
[2026-05-12 02:07:19]   Created: └── 🚗 Schedule Uber to airport for DL1154 to Los Angeles (due 2026-05-11)
[2026-05-12 02:07:19] 
[2026-05-12 02:07:19] Creating: Tasks for Reno Trip on May 21 - DL742 HKZ4LV
[2026-05-12 02:07:23]   Created: └── 🧳 Pack (due 2026-05-20)
[2026-05-12 02:07:25]   Created: └── 🏢 Contact Marriott Ambassador (due 2026-05-14)
[2026-05-12 02:07:27]   Created: └── 🐕 Schedule Rover (due today)
[2026-05-12 02:07:29]   Created: └── 🚗 Schedule Uber to airport for DL742 to Los Angeles (due 2026-05-18)
[2026-05-12 02:07:31]   Created: └── 🚗 Schedule Uber to airport for DL4099 to Reno (due 2026-05-19)
[2026-05-12 02:07:31] 
[2026-05-12 02:07:31] Creating: Tasks for Los Angeles Trip on May 25 - DL3902
[2026-05-12 02:07:34]   Created: └── 🧳 Pack (due 2026-05-24)
[2026-05-12 02:07:36]   Created: └── 🏢 Contact Marriott Ambassador (due 2026-05-18)
[2026-05-12 02:07:38]   Created: └── 🐕 Schedule Rover (due today)
[2026-05-12 02:07:41]   Created: └── 🚗 Schedule Uber to airport for DL3902 to Los Angeles (due 2026-05-22)
[2026-05-12 02:07:41] 
[2026-05-12 02:07:41] ======================================================================
[2026-05-12 02:07:41] SUMMARY: Created 17 tasks
[2026-05-12 02:07:41] ======================================================================
[2026-05-12 02:12:59] ======================================================================
[2026-05-12 02:12:59] Calendar Travel Checker - Starting
[2026-05-12 02:12:59] 2026-05-12 02:12:59
[2026-05-12 02:12:59] 
[2026-05-12 02:12:59] Calendar loaded: 82 events
[2026-05-12 02:12:59] Found 9 travel events in next 60 days
[2026-05-12 02:12:59] Grouped into 2 trips
[2026-05-12 02:12:59] 
[2026-05-12 02:13:01] Found 28 existing tasks (including completed)
[2026-05-12 02:13:01] 
[2026-05-12 02:13:01] Creating: Tasks for NYC Trip on May 12
[2026-05-12 02:13:07]   Created: └── 🧳 Pack (due 2026-05-11)
[2026-05-12 02:13:08]   Created: └── 🏢 Contact Marriott Ambassador (due 2026-05-05)
[2026-05-12 02:13:10]   Created: └── 🐕 Schedule Rover (due today)
[2026-05-12 02:13:12]   Created: └── 🚗 Schedule Uber to airport for DL1430 to San Jose (due 2026-05-09)
[2026-05-12 02:13:13]   Created: └── 🚗 Schedule Uber to airport for DL1154 to Los Angeles (due 2026-05-11)
[2026-05-12 02:13:13] 
[2026-05-12 02:13:13] Creating: Tasks for Los Angeles Trip on May 21 - DL742 HKZ4LV
[2026-05-12 02:13:16]   Created: └── 🧳 Pack (due 2026-05-20)
[2026-05-12 02:13:18]   Created: └── 🏢 Contact Marriott Ambassador (due 2026-05-14)
[2026-05-12 02:13:21]   Created: └── 🐕 Schedule Rover (due today)
[2026-05-12 02:13:23]   Created: └── 🚗 Schedule Uber to airport for DL742 to Los Angeles (due 2026-05-18)
[2026-05-12 02:13:24]   Created: └── 🚗 Schedule Uber to airport for DL4099 to Reno (due 2026-05-19)
[2026-05-12 02:13:26]   Created: └── 🚗 Schedule Uber to airport for DL3902 to Los Angeles (due 2026-05-22)
[2026-05-12 02:13:26] 
[2026-05-12 02:13:26] ======================================================================
[2026-05-12 02:13:26] SUMMARY: Created 13 tasks
[2026-05-12 02:13:26] ======================================================================
[2026-05-12 02:14:15] ======================================================================
[2026-05-12 02:14:15] Calendar Travel Checker - Starting
[2026-05-12 02:14:15] 2026-05-12 02:14:15
[2026-05-12 02:14:15] 
[2026-05-12 02:14:15] Calendar loaded: 82 events
[2026-05-12 02:14:15] Found 9 travel events in next 60 days
[2026-05-12 02:14:15] Grouped into 4 trips
[2026-05-12 02:14:15] 
[2026-05-12 02:14:16] Found 28 existing tasks (including completed)
[2026-05-12 02:14:16] 
[2026-05-12 02:14:16] Creating: Tasks for Palo Alto Trip on May 12
[2026-05-12 02:14:20]   Created: └── 🧳 Pack (due 2026-05-11)
[2026-05-12 02:14:22]   Created: └── 🏢 Contact Marriott Ambassador (due 2026-05-05)
[2026-05-12 02:14:25]   Created: └── 🐕 Schedule Rover (due today)
[2026-05-12 02:14:27]   Created: └── 🚗 Schedule Uber to airport for DL1430 to San Jose (due 2026-05-09)
[2026-05-12 02:14:27] 
[2026-05-12 02:14:27] Creating: Tasks for Los Angeles Trip on May 14 - DL1154 HKJS55
[2026-05-12 02:14:30]   Created: └── 🧳 Pack (due 2026-05-13)
[2026-05-12 02:14:32]   Created: └── 🏢 Contact Marriott Ambassador (due 2026-05-07)
[2026-05-12 02:14:34]   Created: └── 🐕 Schedule Rover (due today)
[2026-05-12 02:14:35]   Created: └── 🚗 Schedule Uber to airport for DL1154 to Los Angeles (due 2026-05-11)
[2026-05-12 02:14:35] 
[2026-05-12 02:14:35] Creating: Tasks for Los Angeles Trip on May 21 - DL742 HKZ4LV
[2026-05-12 02:14:38]   Created: └── 🧳 Pack (due 2026-05-20)
[2026-05-12 02:14:40]   Created: └── 🏢 Contact Marriott Ambassador (due 2026-05-14)
[2026-05-12 02:14:41]   Created: └── 🐕 Schedule Rover (due today)
[2026-05-12 02:14:43]   Created: └── 🚗 Schedule Uber to airport for DL742 to Los Angeles (due 2026-05-18)
[2026-05-12 02:14:45]   Created: └── 🚗 Schedule Uber to airport for DL4099 to Reno (due 2026-05-19)
[2026-05-12 02:14:45] 
[2026-05-12 02:14:45] Creating: Tasks for Los Angeles Trip on May 25 - DL3902
[2026-05-12 02:14:49]   Created: └── 🧳 Pack (due 2026-05-24)
[2026-05-12 02:14:51]   Created: └── 🏢 Contact Marriott Ambassador (due 2026-05-18)
[2026-05-12 02:14:52]   Created: └── 🐕 Schedule Rover (due today)
[2026-05-12 02:14:54]   Created: └── 🚗 Schedule Uber to airport for DL3902 to Los Angeles (due 2026-05-22)
[2026-05-12 02:14:54] 
[2026-05-12 02:14:54] ======================================================================
[2026-05-12 02:14:54] SUMMARY: Created 21 tasks
[2026-05-12 02:14:54] ======================================================================
[2026-05-12 02:15:58] ======================================================================
[2026-05-12 02:15:58] Calendar Travel Checker - Starting
[2026-05-12 02:15:58] 2026-05-12 02:15:58
[2026-05-12 02:15:58] 
[2026-05-12 02:15:58] Calendar loaded: 82 events
[2026-05-12 02:15:58] Found 9 travel events in next 60 days
[2026-05-12 02:15:58] Grouped into 2 trips
[2026-05-12 02:15:58] 
[2026-05-12 02:16:00] Found 28 existing tasks (including completed)
[2026-05-12 02:16:00] 
[2026-05-12 02:16:00] Creating: Tasks for San Jose Trip on May 12 - DL1430 HKNM2B
[2026-05-12 02:16:06]   Created: └── 🧳 Pack (due 2026-05-11)
[2026-05-12 02:16:08]   Created: └── 🏢 Contact Marriott Ambassador (due 2026-05-05)
[2026-05-12 02:16:10]   Created: └── 🐕 Schedule Rover (due today)
[2026-05-12 02:16:12]   Created: └── 🚗 Schedule Uber to airport for DL1430 to San Jose (due 2026-05-09)
[2026-05-12 02:16:13]   Created: └── 🚗 Schedule Uber to airport for DL1154 to Los Angeles (due 2026-05-11)
[2026-05-12 02:16:13] 
[2026-05-12 02:16:13] Creating: Tasks for Los Angeles Trip on May 21 - DL742 HKZ4LV
[2026-05-12 02:16:17]   Created: └── 🧳 Pack (due 2026-05-20)
[2026-05-12 02:16:19]   Created: └── 🏢 Contact Marriott Ambassador (due 2026-05-14)
[2026-05-12 02:16:21]   Created: └── 🐕 Schedule Rover (due today)
[2026-05-12 02:16:22]   Created: └── 🚗 Schedule Uber to airport for DL742 to Los Angeles (due 2026-05-18)
[2026-05-12 02:16:24]   Created: └── 🚗 Schedule Uber to airport for DL4099 to Reno (due 2026-05-19)
[2026-05-12 02:16:25]   Created: └── 🚗 Schedule Uber to airport for DL3902 to Los Angeles (due 2026-05-22)
[2026-05-12 02:16:25] 
[2026-05-12 02:16:25] ======================================================================
[2026-05-12 02:16:25] SUMMARY: Created 13 tasks
[2026-05-12 02:16:25] ======================================================================
[2026-05-12 02:16:48] ======================================================================
[2026-05-12 02:16:48] Calendar Travel Checker - Starting
[2026-05-12 02:16:48] 2026-05-12 02:16:48
[2026-05-12 02:16:48] 
[2026-05-12 02:16:48] Calendar loaded: 82 events
[2026-05-12 02:16:48] Found 9 travel events in next 60 days
[2026-05-12 02:16:48] Grouped into 2 trips
[2026-05-12 02:16:48] 
[2026-05-12 02:16:50] Found 28 existing tasks (including completed)
[2026-05-12 02:16:50] 
[2026-05-12 02:16:50] Creating: Tasks for San Jose Trip on May 12 - DL1430 HKNM2B
[2026-05-12 02:16:53]   Created: └── 🧳 Pack (due 2026-05-11)
[2026-05-12 02:16:54]   Created: └── 🏢 Contact Marriott Ambassador (due 2026-05-05)
[2026-05-12 02:16:56]   Created: └── 🐕 Schedule Rover (due today)
[2026-05-12 02:16:58]   Created: └── 🚗 Schedule Uber to airport for DL1430 to San Jose (due 2026-05-09)
[2026-05-12 02:16:59]   Created: └── 🚗 Schedule Uber to airport for DL1154 to Los Angeles (due 2026-05-11)
[2026-05-12 02:16:59] 
[2026-05-12 02:16:59] Creating: Tasks for Los Angeles Trip on May 21 - DL742 HKZ4LV
[2026-05-12 02:17:04]   Created: └── 🧳 Pack (due 2026-05-20)
[2026-05-12 02:17:05]   Created: └── 🏢 Contact Marriott Ambassador (due 2026-05-14)
[2026-05-12 02:17:08]   Created: └── 🐕 Schedule Rover (due today)
[2026-05-12 02:17:10]   Created: └── 🚗 Schedule Uber to airport for DL742 to Los Angeles (due 2026-05-18)
[2026-05-12 02:17:12]   Created: └── 🚗 Schedule Uber to airport for DL4099 to Reno (due 2026-05-19)
[2026-05-12 02:17:13]   Created: └── 🚗 Schedule Uber to airport for DL3902 to Los Angeles (due 2026-05-22)
[2026-05-12 02:17:13] 
[2026-05-12 02:17:13] ======================================================================
[2026-05-12 02:17:13] SUMMARY: Created 13 tasks
[2026-05-12 02:17:13] ======================================================================
[2026-05-12 02:18:04] ======================================================================
[2026-05-12 02:18:04] Calendar Travel Checker - Starting
[2026-05-12 02:18:04] 2026-05-12 02:18:04
[2026-05-12 02:18:04] 
[2026-05-12 02:18:04] Calendar loaded: 82 events
[2026-05-12 02:18:04] Found 9 travel events in next 60 days
[2026-05-12 02:18:04] Grouped into 3 trips
[2026-05-12 02:18:04] 
[2026-05-12 02:18:05] Found 28 existing tasks (including completed)
[2026-05-12 02:18:05] 
[2026-05-12 02:18:05] Creating: Tasks for San Jose Trip on May 12 - DL1430 HKNM2B
[2026-05-12 02:18:09]   Created: └── 🧳 Pack (due 2026-05-11)
[2026-05-12 02:18:13]   Created: └── 🏢 Contact Marriott Ambassador (due 2026-05-05)
[2026-05-12 02:18:15]   Created: └── 🐕 Schedule Rover (due today)
[2026-05-12 02:18:17]   Created: └── 🚗 Schedule Uber to airport for DL1430 to San Jose (due 2026-05-09)
[2026-05-12 02:18:18]   Created: └── 🚗 Schedule Uber to airport for DL1154 to Los Angeles (due 2026-05-11)
[2026-05-12 02:18:18] 
[2026-05-12 02:18:18] Creating: Tasks for NYC Trip on May 16 - DL960 GAO7LP
[2026-05-12 02:18:22]   Created: └── 🧳 Pack (due 2026-05-15)
[2026-05-12 02:18:24]   Created: └── 🏢 Contact Marriott Ambassador (due 2026-05-09)
[2026-05-12 02:18:25]   Created: └── 🐕 Schedule Rover (due today)
[2026-05-12 02:18:27]   Created: └── 🚗 Schedule Uber to airport for DL960 to NYC (due 2026-05-13)
[2026-05-12 02:18:27] 
[2026-05-12 02:18:27] Creating: Tasks for Los Angeles Trip on May 21 - DL742 HKZ4LV
[2026-05-12 02:18:30]   Created: └── 🧳 Pack (due 2026-05-20)
[2026-05-12 02:18:32]   Created: └── 🏢 Contact Marriott Ambassador (due 2026-05-14)
[2026-05-12 02:18:33]   Created: └── 🐕 Schedule Rover (due today)
[2026-05-12 02:18:35]   Created: └── 🚗 Schedule Uber to airport for DL742 to Los Angeles (due 2026-05-18)
[2026-05-12 02:18:37]   Created: └── 🚗 Schedule Uber to airport for DL4099 to Reno (due 2026-05-19)
[2026-05-12 02:18:39]   Created: └── 🚗 Schedule Uber to airport for DL3902 to Los Angeles (due 2026-05-22)
[2026-05-12 02:18:39] 
[2026-05-12 02:18:39] ======================================================================
[2026-05-12 02:18:39] SUMMARY: Created 18 tasks
[2026-05-12 02:18:39] ======================================================================
[2026-05-12 02:19:02] ======================================================================
[2026-05-12 02:19:02] Calendar Travel Checker - Starting
[2026-05-12 02:19:02] 2026-05-12 02:19:02
[2026-05-12 02:19:02] 
[2026-05-12 02:19:02] Calendar loaded: 82 events
[2026-05-12 02:19:02] Found 9 travel events in next 60 days
[2026-05-12 02:19:02] Grouped into 3 trips
[2026-05-12 02:19:02] 
[2026-05-12 02:19:04] Found 28 existing tasks (including completed)
[2026-05-12 02:19:04] 
[2026-05-12 02:19:04] Creating: Tasks for San Jose Trip on May 12 - DL1430 HKNM2B
[2026-05-12 02:19:08]   Created: └── 🧳 Pack (due 2026-05-11)
[2026-05-12 02:19:09]   Created: └── 🏢 Contact Marriott Ambassador (due 2026-05-05)
[2026-05-12 02:19:11]   Created: └── 🐕 Schedule Rover (due today)
[2026-05-12 02:19:12]   Created: └── 🚗 Schedule Uber to airport for DL1430 to San Jose (due 2026-05-09)
[2026-05-12 02:19:14]   Created: └── 🚗 Schedule Uber to airport for DL1154 to Los Angeles (due 2026-05-11)
[2026-05-12 02:19:14] 
[2026-05-12 02:19:14] Creating: Tasks for NYC Trip on May 16 - DL960 GAO7LP
[2026-05-12 02:19:18]   Created: └── 🧳 Pack (due 2026-05-15)
[2026-05-12 02:19:20]   Created: └── 🏢 Contact Marriott Ambassador (due 2026-05-09)
[2026-05-12 02:19:21]   Created: └── 🐕 Schedule Rover (due today)
[2026-05-12 02:19:23]   Created: └── 🚗 Schedule Uber to airport for DL960 to NYC (due 2026-05-13)
[2026-05-12 02:19:23] 
[2026-05-12 02:19:23] Creating: Tasks for Los Angeles Trip on May 21 - DL742 HKZ4LV
[2026-05-12 02:19:26]   Created: └── 🧳 Pack (due 2026-05-20)
[2026-05-12 02:19:27]   Created: └── 🏢 Contact Marriott Ambassador (due 2026-05-14)
[2026-05-12 02:19:29]   Created: └── 🐕 Schedule Rover (due today)
[2026-05-12 02:19:31]   Created: └── 🚗 Schedule Uber to airport for DL742 to Los Angeles (due 2026-05-18)
[2026-05-12 02:19:33]   Created: └── 🚗 Schedule Uber to airport for DL4099 to Reno (due 2026-05-19)
[2026-05-12 02:19:34]   Created: └── 🚗 Schedule Uber to airport for DL3902 to Los Angeles (due 2026-05-22)
[2026-05-12 02:19:34] 
[2026-05-12 02:19:34] ======================================================================
[2026-05-12 02:19:34] SUMMARY: Created 18 tasks
[2026-05-12 02:19:34] ======================================================================
[2026-05-12 02:19:45] ======================================================================
[2026-05-12 02:19:45] Calendar Travel Checker - Starting
[2026-05-12 02:19:45] 2026-05-12 02:19:45
[2026-05-12 02:19:45] 
[2026-05-12 02:19:45] Calendar loaded: 82 events
[2026-05-12 02:19:45] Found 9 travel events in next 60 days
[2026-05-12 02:19:45] Grouped into 3 trips
[2026-05-12 02:19:45] 
[2026-05-12 02:19:46] Found 16 existing tasks (including completed)
[2026-05-12 02:19:46] 
[2026-05-12 02:19:46] Creating: Tasks for Palo Alto Trip on May 12 - DL1430 HKNM2B
[2026-05-12 02:19:49]   Created: └── 🧳 Pack (due 2026-05-11)
[2026-05-12 02:19:51]   Created: └── 🏢 Contact Marriott Ambassador (due 2026-05-05)
[2026-05-12 02:19:53]   Created: └── 🐕 Schedule Rover (due today)
[2026-05-12 02:19:54]   Created: └── 🚗 Schedule Uber to airport for DL1430 to San Jose (due 2026-05-09)
[2026-05-12 02:19:56]   Created: └── 🚗 Schedule Uber to airport for DL1154 to Los Angeles (due 2026-05-11)
[2026-05-12 02:19:56] 
[2026-05-12 02:19:56] Creating: Tasks for NYC Trip on May 16 - DL960 GAO7LP
[2026-05-12 02:19:59]   Created: └── 🧳 Pack (due 2026-05-15)
[2026-05-12 02:20:01]   Created: └── 🏢 Contact Marriott Ambassador (due 2026-05-09)
[2026-05-12 02:20:04]   Created: └── 🐕 Schedule Rover (due today)
[2026-05-12 02:20:07]   Created: └── 🚗 Schedule Uber to airport for DL960 to NYC (due 2026-05-13)
[2026-05-12 02:20:07] 
[2026-05-12 02:20:07] Creating: Tasks for Tahoe Trip on May 21 - DL742 HKZ4LV
[2026-05-12 02:20:10]   Created: └── 🧳 Pack (due 2026-05-20)
[2026-05-12 02:20:12]   Created: └── 🏢 Contact Marriott Ambassador (due 2026-05-14)
[2026-05-12 02:20:14]   Created: └── 🐕 Schedule Rover (due today)
[2026-05-12 02:20:16]   Created: └── 🚗 Schedule Uber to airport for DL742 to Los Angeles (due 2026-05-18)
[2026-05-12 02:20:17]   Created: └── 🚗 Schedule Uber to airport for DL4099 to Reno (due 2026-05-19)
[2026-05-12 02:20:19]   Created: └── 🚗 Schedule Uber to airport for DL3902 to Los Angeles (due 2026-05-22)
[2026-05-12 02:20:19] 
[2026-05-12 02:20:19] ======================================================================
[2026-05-12 02:20:19] SUMMARY: Created 18 tasks
[2026-05-12 02:20:19] ======================================================================
[2026-05-12 02:22:46] ======================================================================
[2026-05-12 02:22:46] Calendar Travel Checker - Starting
[2026-05-12 02:22:46] 2026-05-12 02:22:46
[2026-05-12 02:22:46] 
[2026-05-12 02:22:46] Calendar loaded: 82 events
[2026-05-12 02:22:46] Found 9 travel events in next 60 days
[2026-05-12 02:22:46] Grouped into 3 trips
[2026-05-12 02:22:46] 
[2026-05-12 02:22:47] Found 14 existing tasks (including completed)
[2026-05-12 02:22:47] 
[2026-05-12 02:22:47] Creating: Tasks for Palo Alto Trip on May 12 - DL1430 HKNM2B
[2026-05-12 02:22:50]   Created: └── 🧳 Pack (due 2026-05-11)
[2026-05-12 02:22:51]   Created: └── 🏢 Contact Marriott Ambassador (due 2026-05-05)
[2026-05-12 02:22:53]   Created: └── 🐕 Schedule Rover (due today)
[2026-05-12 02:22:54]   Created: └── 🚗 Schedule Uber to airport for DL1430 to San Jose (due 2026-05-09)
[2026-05-12 02:22:55]   Created: └── 🚗 Schedule Uber to airport for DL1154 to Los Angeles (due 2026-05-11)
[2026-05-12 02:22:55] 
[2026-05-12 02:22:55] Creating: Tasks for Palo Alto Trip on May 16 - DL960 GAO7LP
[2026-05-12 02:22:58]   Created: └── 🧳 Pack (due 2026-05-15)
[2026-05-12 02:22:59]   Created: └── 🏢 Contact Marriott Ambassador (due 2026-05-09)
[2026-05-12 02:23:01]   Created: └── 🐕 Schedule Rover (due today)
[2026-05-12 02:23:03]   Created: └── 🚗 Schedule Uber to airport for DL960 to NYC (due 2026-05-13)
[2026-05-12 02:23:05]   Created: └── 🚗 Schedule Uber to airport for DL742 to Los Angeles (due 2026-05-18)
[2026-05-12 02:23:05] 
[2026-05-12 02:23:05] Creating: Tasks for Tahoe Trip on May 22 - DL4099
[2026-05-12 02:23:07]   Created: └── 🧳 Pack (due 2026-05-21)
[2026-05-12 02:23:09]   Created: └── 🏢 Contact Marriott Ambassador (due 2026-05-15)
[2026-05-12 02:23:10]   Created: └── 🐕 Schedule Rover (due today)
[2026-05-12 02:23:11]   Created: └── 🚗 Schedule Uber to airport for DL4099 to Reno (due 2026-05-19)
[2026-05-12 02:23:13]   Created: └── 🚗 Schedule Uber to airport for DL3902 to Los Angeles (due 2026-05-22)
[2026-05-12 02:23:13] 
[2026-05-12 02:23:13] ======================================================================
[2026-05-12 02:23:13] SUMMARY: Created 18 tasks
[2026-05-12 02:23:13] ======================================================================
[2026-05-12 03:02:59] ======================================================================
[2026-05-12 03:02:59] Calendar Travel Checker - Starting
[2026-05-12 03:02:59] 2026-05-12 03:02:59
[2026-05-12 03:02:59] 
[2026-05-12 03:02:59] Calendar loaded: 82 events
[2026-05-12 03:02:59] Found 9 travel events in next 60 days
[2026-05-12 03:02:59] Grouped into 3 trips
[2026-05-12 03:02:59] 
[2026-05-12 03:03:01] Found 14 existing tasks (including completed)
[2026-05-12 03:03:01] 
[2026-05-12 03:03:01]   Task already exists: Tasks for Palo Alto Trip on May 12 - DL1430 HKNM2B
[2026-05-12 03:03:01]   Task already exists: Tasks for Palo Alto Trip on May 16 - DL960 GAO7LP
[2026-05-12 03:03:01]   Task already exists: Tasks for Tahoe Trip on May 22 - DL4099
[2026-05-12 03:03:01] ======================================================================
[2026-05-12 03:03:01] SUMMARY: Created 0 tasks
[2026-05-12 03:03:01] ======================================================================
[2026-05-12 03:03:57] ======================================================================
[2026-05-12 03:03:57] Calendar Travel Checker - Starting
[2026-05-12 03:03:57] 2026-05-12 03:03:57
[2026-05-12 03:03:57] 
[2026-05-12 03:03:57] Calendar loaded: 82 events
[2026-05-12 03:03:57] Found 9 travel events in next 60 days
[2026-05-12 03:03:57] Grouped into 3 trips
[2026-05-12 03:03:57] 
[2026-05-12 03:03:58] Found 0 existing tasks (including completed)
[2026-05-12 03:03:58] 
[2026-05-12 03:03:58] Creating: Tasks for Palo Alto Trip on May 12 - DL1430 HKNM2B
[2026-05-12 03:04:02]   Created: └── 🧳 Pack (due 2026-05-11)
[2026-05-12 03:04:04]   Created: └── 🏢 Contact Marriott Ambassador (due 2026-05-05)
[2026-05-12 03:04:05]   Created: └── 🐕 Schedule Rover (due today)
[2026-05-12 03:04:06]   Created: └── 🚗 Schedule Uber to airport for DL1430 to San Jose (due 2026-05-09)
[2026-05-12 03:04:07]   Created: └── 🚗 Schedule Uber to airport for DL1154 to Los Angeles (due 2026-05-11)
[2026-05-12 03:04:07] 
[2026-05-12 03:04:07] Creating: Tasks for Palo Alto Trip on May 16 - DL960 GAO7LP
[2026-05-12 03:04:10]   Created: └── 🧳 Pack (due 2026-05-15)
[2026-05-12 03:04:11]   Created: └── 🏢 Contact Marriott Ambassador (due 2026-05-09)
[2026-05-12 03:04:13]   Created: └── 🐕 Schedule Rover (due today)
[2026-05-12 03:04:14]   Created: └── 🚗 Schedule Uber to airport for DL960 to NYC (due 2026-05-13)
[2026-05-12 03:04:15]   Created: └── 🚗 Schedule Uber to airport for DL742 to Los Angeles (due 2026-05-18)
[2026-05-12 03:04:15] 
[2026-05-12 03:04:15] Creating: Tasks for Tahoe Trip on May 22 - DL4099
[2026-05-12 03:04:18]   Created: └── 🧳 Pack (due 2026-05-21)
[2026-05-12 03:04:20]   Created: └── 🏢 Contact Marriott Ambassador (due 2026-05-15)
[2026-05-12 03:04:21]   Created: └── 🐕 Schedule Rover (due today)
[2026-05-12 03:04:22]   Created: └── 🚗 Schedule Uber to airport for DL4099 to Reno (due 2026-05-19)
[2026-05-12 03:04:24]   Created: └── 🚗 Schedule Uber to airport for DL3902 to Los Angeles (due 2026-05-22)
[2026-05-12 03:04:24] 
[2026-05-12 03:04:24] ======================================================================
[2026-05-12 03:04:24] SUMMARY: Created 18 tasks
[2026-05-12 03:04:24] ======================================================================
[2026-05-12 03:05:16] ======================================================================
[2026-05-12 03:05:16] Calendar Travel Checker - Starting
[2026-05-12 03:05:16] 2026-05-12 03:05:16
[2026-05-12 03:05:16] 
[2026-05-12 03:05:16] Calendar loaded: 82 events
[2026-05-12 03:05:16] Found 9 travel events in next 60 days
[2026-05-12 03:05:16] Grouped into 3 trips
[2026-05-12 03:05:16] 
[2026-05-12 03:05:17] Found 12 existing tasks (including completed)
[2026-05-12 03:05:17] 
[2026-05-12 03:05:17]   Task already exists: Tasks for Palo Alto Trip on May 12 - DL1430 HKNM2B
[2026-05-12 03:05:17] Creating: Tasks for NYC Trip on May 16 - DL960 GAO7LP
[2026-05-12 03:05:20]   Created: └── 🧳 Pack (due 2026-05-15)
[2026-05-12 03:05:21]   Created: └── 🏢 Contact Marriott Ambassador (due 2026-05-09)
[2026-05-12 03:05:23]   Created: └── 🐕 Schedule Rover (due today)
[2026-05-12 03:05:24]   Created: └── 🚗 Schedule Uber to airport for DL960 to NYC (due 2026-05-13)
[2026-05-12 03:05:25]   Created: └── 🚗 Schedule Uber to airport for DL742 to Los Angeles (due 2026-05-18)
[2026-05-12 03:05:25] 
[2026-05-12 03:05:25]   Task already exists: Tasks for Tahoe Trip on May 22 - DL4099
[2026-05-12 03:05:25] ======================================================================
[2026-05-12 03:05:25] SUMMARY: Created 6 tasks
[2026-05-12 03:05:25] ======================================================================
[2026-05-12 03:06:08] ======================================================================
[2026-05-12 03:06:08] Calendar Travel Checker - Starting
[2026-05-12 03:06:08] 2026-05-12 03:06:08
[2026-05-12 03:06:08] 
[2026-05-12 03:06:08] Calendar loaded: 82 events
[2026-05-12 03:06:08] Found 9 travel events in next 60 days
[2026-05-12 03:06:08] Grouped into 3 trips
[2026-05-12 03:06:08] 
[2026-05-12 03:06:09] Found 0 existing tasks (including completed)
[2026-05-12 03:06:09] 
[2026-05-12 03:06:09] Creating: Tasks for Palo Alto Trip on May 12 - DL1430 HKNM2B
[2026-05-12 03:06:12]   Created: └── 🧳 Pack (due 2026-05-11)
[2026-05-12 03:06:13]   Created: └── 🏢 Contact Marriott Ambassador (due 2026-05-05)
[2026-05-12 03:06:14]   Created: └── 🐕 Schedule Rover (due today)
[2026-05-12 03:06:15]   Created: └── 🚗 Schedule Uber to airport for DL1430 to San Jose (due 2026-05-09)
[2026-05-12 03:06:17]   Created: └── 🚗 Schedule Uber to airport for DL1154 to Los Angeles (due 2026-05-11)
[2026-05-12 03:06:17] 
[2026-05-12 03:06:17] Creating: Tasks for NYC Trip on May 16 - DL960 GAO7LP
[2026-05-12 03:06:20]   Created: └── 🧳 Pack (due 2026-05-15)
[2026-05-12 03:06:21]   Created: └── 🏢 Contact Marriott Ambassador (due 2026-05-09)
[2026-05-12 03:06:22]   Created: └── 🐕 Schedule Rover (due today)
[2026-05-12 03:06:24]   Created: └── 🚗 Schedule Uber to airport for DL960 to NYC (due 2026-05-13)
[2026-05-12 03:06:25]   Created: └── 🚗 Schedule Uber to airport for DL742 to Los Angeles (due 2026-05-18)
[2026-05-12 03:06:25] 
[2026-05-12 03:06:25] Creating: Tasks for Tahoe Trip on May 22 - DL4099
[2026-05-12 03:06:28]   Created: └── 🧳 Pack (due 2026-05-21)
[2026-05-12 03:06:29]   Created: └── 🏢 Contact Marriott Ambassador (due 2026-05-15)
[2026-05-12 03:06:30]   Created: └── 🐕 Schedule Rover (due today)
[2026-05-12 03:06:33]   Created: └── 🚗 Schedule Uber to airport for DL4099 to Reno (due 2026-05-19)
[2026-05-12 03:06:35]   Created: └── 🚗 Schedule Uber to airport for DL3902 to Los Angeles (due 2026-05-22)
[2026-05-12 03:06:35] 
[2026-05-12 03:06:35] ======================================================================
[2026-05-12 03:06:35] SUMMARY: Created 18 tasks
[2026-05-12 03:06:35] ======================================================================
[2026-05-12 03:14:56] ======================================================================
[2026-05-12 03:14:56] Calendar Travel Checker - Starting
[2026-05-12 03:14:56] 2026-05-12 03:14:56
[2026-05-12 03:14:56] 
[2026-05-12 03:14:56] Calendar loaded: 82 events
[2026-05-12 03:14:56] Found 9 travel events in next 60 days
[2026-05-12 03:14:56] Grouped into 3 trips
[2026-05-12 03:14:56] 
[2026-05-12 03:14:57] Found 0 existing tasks (including completed)
[2026-05-12 03:14:57] 
[2026-05-12 03:14:57] Creating: Tasks for Palo Alto Trip on May 12 - DL1430 HKNM2B
[2026-05-12 03:15:00]   Created: └── 🧳 Pack (due 2026-05-11)
[2026-05-12 03:15:04]   Created: └── 🏢 Contact Marriott Ambassador (due 2026-05-05)
[2026-05-12 03:15:06]   Created: └── 🐕 Schedule Rover (due today)
[2026-05-12 03:15:07]   Created: └── 🚗 Schedule Uber to airport for DL1430 to San Jose (due 2026-05-09)
[2026-05-12 03:15:08]   Created: └── 🚗 Schedule Uber to airport for DL1154 to Los Angeles (due 2026-05-11)
[2026-05-12 03:15:08] 
[2026-05-12 03:15:08] Creating: Tasks for NYC Trip on May 16 - DL960 GAO7LP
[2026-05-12 03:15:11]   Created: └── 🧳 Pack (due 2026-05-15)
[2026-05-12 03:15:12]   Created: └── 🏢 Contact Marriott Ambassador (due 2026-05-09)
[2026-05-12 03:15:13]   Created: └── 🐕 Schedule Rover (due today)
[2026-05-12 03:15:15]   Created: └── 🚗 Schedule Uber to airport for DL960 to NYC (due 2026-05-13)
[2026-05-12 03:15:16]   Created: └── 🚗 Schedule Uber to airport for DL742 to Los Angeles (due 2026-05-18)
[2026-05-12 03:15:16] 
[2026-05-12 03:15:16] Creating: Tasks for Tahoe Trip on May 22 - DL4099
[2026-05-12 03:15:19]   Created: └── 🧳 Pack (due 2026-05-21)
[2026-05-12 03:15:20]   Created: └── 🏢 Contact Marriott Ambassador (due 2026-05-15)
[2026-05-12 03:15:22]   Created: └── 🐕 Schedule Rover (due today)
[2026-05-12 03:15:23]   Created: └── 🚗 Schedule Uber to airport for DL4099 to Reno (due 2026-05-19)
[2026-05-12 03:15:24]   Created: └── 🚗 Schedule Uber to airport for DL3902 to Los Angeles (due 2026-05-22)
[2026-05-12 03:15:24] 
[2026-05-12 03:15:24] ======================================================================
[2026-05-12 03:15:24] SUMMARY: Created 18 tasks
[2026-05-12 03:15:24] ======================================================================
======================================================================
[2026-05-12 06:00:02] ======================================================================
Calendar Travel Checker - Starting
[2026-05-12 06:00:02] Calendar Travel Checker - Starting
2026-05-12 06:00:02
[2026-05-12 06:00:02] 2026-05-12 06:00:02

[2026-05-12 06:00:02] 
Calendar loaded: 84 events
[2026-05-12 06:00:02] Calendar loaded: 84 events
Found 11 travel events in next 60 days
[2026-05-12 06:00:02] Found 11 travel events in next 60 days
Grouped into 3 trips
[2026-05-12 06:00:02] Grouped into 3 trips

[2026-05-12 06:00:02] 
Found 0 existing tasks (including completed)
[2026-05-12 06:00:04] Found 0 existing tasks (including completed)

[2026-05-12 06:00:04] 
Creating: Tasks for Palo Alto Trip on May 12 - DL1430
[2026-05-12 06:00:04] Creating: Tasks for Palo Alto Trip on May 12 - DL1430
  Failed to create: Tasks for Palo Alto Trip on May 12 - DL1430 - Error: HTTP 503: Service Unavailable

[2026-05-12 06:00:06]   Failed to create: Tasks for Palo Alto Trip on May 12 - DL1430 - Error: HTTP 503: Service Unavailable

  Could not create main task
[2026-05-12 06:00:06]   Could not create main task
Creating: Tasks for NYC Trip on May 16 - DL960 GAO7LP
[2026-05-12 06:00:06] Creating: Tasks for NYC Trip on May 16 - DL960 GAO7LP
  Created: └── 🧳 Pack (due 2026-05-15)
[2026-05-12 06:00:16]   Created: └── 🧳 Pack (due 2026-05-15)
  Created: └── 🏢 Contact Marriott Ambassador (due 2026-05-09)
[2026-05-12 06:00:21]   Created: └── 🏢 Contact Marriott Ambassador (due 2026-05-09)
  Created: └── 🐕 Schedule Rover (due today)
[2026-05-12 06:00:25]   Created: └── 🐕 Schedule Rover (due today)
  Created: └── 🚗 Schedule Uber to airport for DL960 to NYC (due 2026-05-13)
[2026-05-12 06:00:26]   Created: └── 🚗 Schedule Uber to airport for DL960 to NYC (due 2026-05-13)
  Created: └── 🚗 Schedule Uber to airport for DL742 to Los Angeles (due 2026-05-18)
[2026-05-12 06:00:28]   Created: └── 🚗 Schedule Uber to airport for DL742 to Los Angeles (due 2026-05-18)

[2026-05-12 06:00:28] 
Creating: Tasks for Tahoe Trip on May 22 - DL4099
[2026-05-12 06:00:28] Creating: Tasks for Tahoe Trip on May 22 - DL4099
  Created: └── 🧳 Pack (due 2026-05-21)
[2026-05-12 06:00:32]   Created: └── 🧳 Pack (due 2026-05-21)
  Created: └── 🏢 Contact Marriott Ambassador (due 2026-05-15)
[2026-05-12 06:00:34]   Created: └── 🏢 Contact Marriott Ambassador (due 2026-05-15)
  Created: └── 🐕 Schedule Rover (due today)
[2026-05-12 06:00:36]   Created: └── 🐕 Schedule Rover (due today)
  Created: └── 🚗 Schedule Uber to airport for DL4099 to Reno (due 2026-05-19)
[2026-05-12 06:00:37]   Created: └── 🚗 Schedule Uber to airport for DL4099 to Reno (due 2026-05-19)
  Created: └── 🚗 Schedule Uber to airport for DL3902 to Los Angeles (due 2026-05-22)
[2026-05-12 06:00:39]   Created: └── 🚗 Schedule Uber to airport for DL3902 to Los Angeles (due 2026-05-22)

[2026-05-12 06:00:39] 
======================================================================
[2026-05-12 06:00:39] ======================================================================
SUMMARY: Created 12 tasks
[2026-05-12 06:00:39] SUMMARY: Created 12 tasks
======================================================================
[2026-05-12 06:00:39] ======================================================================
