[2026-07-05 00:05:01] ============================================================
[2026-07-05 00:05:01] Model Fallback Monitor Check
[2026-07-05 00:05:01] ============================================================
[2026-07-05 00:05:01] Detected model: moonshot/kimi-k2.7-code
[2026-07-05 00:05:01] Expected primary: moonshot/kimi-k2.7-code
[2026-07-05 00:05:01] ✅ Running on primary model (moonshot/kimi-k2.7-code)
[2026-07-05 00:10:02] ============================================================
[2026-07-05 00:10:02] Model Fallback Monitor Check
[2026-07-05 00:10:02] ============================================================
[2026-07-05 00:10:02] Detected model: moonshot/kimi-k2.7-code
[2026-07-05 00:10:02] Expected primary: moonshot/kimi-k2.7-code
[2026-07-05 00:10:02] ✅ Running on primary model (moonshot/kimi-k2.7-code)
[2026-07-05 00:15:02] ============================================================
[2026-07-05 00:15:02] Model Fallback Monitor Check
[2026-07-05 00:15:02] ============================================================
[2026-07-05 00:15:02] Detected model: moonshot/kimi-k2.7-code
[2026-07-05 00:15:02] Expected primary: moonshot/kimi-k2.7-code
[2026-07-05 00:15:02] ✅ Running on primary model (moonshot/kimi-k2.7-code)
[2026-07-05 00:20:02] ============================================================
[2026-07-05 00:20:02] Model Fallback Monitor Check
[2026-07-05 00:20:02] ============================================================
[2026-07-05 00:20:02] Detected model: moonshot/kimi-k2.7-code
[2026-07-05 00:20:02] Expected primary: moonshot/kimi-k2.7-code
[2026-07-05 00:20:02] ✅ Running on primary model (moonshot/kimi-k2.7-code)
[2026-07-05 00:25:03] ============================================================
[2026-07-05 00:25:03] Model Fallback Monitor Check
[2026-07-05 00:25:03] ============================================================
[2026-07-05 00:25:03] Detected model: moonshot/kimi-k2.7-code
[2026-07-05 00:25:03] Expected primary: moonshot/kimi-k2.7-code
[2026-07-05 00:25:03] ✅ Running on primary model (moonshot/kimi-k2.7-code)
[2026-07-05 00:30:02] ============================================================
[2026-07-05 00:30:02] Model Fallback Monitor Check
[2026-07-05 00:30:02] ============================================================
[2026-07-05 00:30:02] Detected model: moonshot/kimi-k2.7-code
[2026-07-05 00:30:02] Expected primary: moonshot/kimi-k2.7-code
[2026-07-05 00:30:02] ✅ Running on primary model (moonshot/kimi-k2.7-code)
[2026-07-05 00:35:02] ============================================================
[2026-07-05 00:35:02] Model Fallback Monitor Check
[2026-07-05 00:35:02] ============================================================
[2026-07-05 00:35:02] Detected model: moonshot/kimi-k2.7-code
[2026-07-05 00:35:02] Expected primary: moonshot/kimi-k2.7-code
[2026-07-05 00:35:02] ✅ Running on primary model (moonshot/kimi-k2.7-code)
[2026-07-05 00:40:02] ============================================================
[2026-07-05 00:40:02] Model Fallback Monitor Check
[2026-07-05 00:40:02] ============================================================
[2026-07-05 00:40:02] Detected model: moonshot/kimi-k2.7-code
[2026-07-05 00:40:02] Expected primary: moonshot/kimi-k2.7-code
[2026-07-05 00:40:02] ✅ Running on primary model (moonshot/kimi-k2.7-code)
[2026-07-05 00:45:02] ============================================================
[2026-07-05 00:45:02] Model Fallback Monitor Check
[2026-07-05 00:45:02] ============================================================
[2026-07-05 00:45:02] Detected model: moonshot/kimi-k2.7-code
[2026-07-05 00:45:02] Expected primary: moonshot/kimi-k2.7-code
[2026-07-05 00:45:02] ✅ Running on primary model (moonshot/kimi-k2.7-code)
[2026-07-05 00:50:02] ============================================================
[2026-07-05 00:50:02] Model Fallback Monitor Check
[2026-07-05 00:50:02] ============================================================
[2026-07-05 00:50:02] Detected model: moonshot/kimi-k2.7-code
[2026-07-05 00:50:02] Expected primary: moonshot/kimi-k2.7-code
[2026-07-05 00:50:02] ✅ Running on primary model (moonshot/kimi-k2.7-code)
[2026-07-05 00:55:02] ============================================================
[2026-07-05 00:55:02] Model Fallback Monitor Check
[2026-07-05 00:55:02] ============================================================
[2026-07-05 00:55:02] Detected model: moonshot/kimi-k2.7-code
[2026-07-05 00:55:02] Expected primary: moonshot/kimi-k2.7-code
[2026-07-05 00:55:02] ✅ Running on primary model (moonshot/kimi-k2.7-code)
[2026-07-05 01:00:02] ============================================================
[2026-07-05 01:00:02] Model Fallback Monitor Check
[2026-07-05 01:00:02] ============================================================
[2026-07-05 01:00:02] Detected model: moonshot/kimi-k2.7-code
[2026-07-05 01:00:02] Expected primary: moonshot/kimi-k2.7-code
[2026-07-05 01:00:02] ✅ Running on primary model (moonshot/kimi-k2.7-code)
[2026-07-05 01:05:02] ============================================================
[2026-07-05 01:05:02] Model Fallback Monitor Check
[2026-07-05 01:05:02] ============================================================
[2026-07-05 01:05:02] Detected model: moonshot/kimi-k2.7-code
[2026-07-05 01:05:02] Expected primary: moonshot/kimi-k2.7-code
[2026-07-05 01:05:02] ✅ Running on primary model (moonshot/kimi-k2.7-code)
[2026-07-05 01:10:02] ============================================================
[2026-07-05 01:10:02] Model Fallback Monitor Check
[2026-07-05 01:10:02] ============================================================
[2026-07-05 01:10:02] Detected model: moonshot/kimi-k2.7-code
[2026-07-05 01:10:02] Expected primary: moonshot/kimi-k2.7-code
[2026-07-05 01:10:02] ✅ Running on primary model (moonshot/kimi-k2.7-code)
[2026-07-05 01:15:02] ============================================================
[2026-07-05 01:15:02] Model Fallback Monitor Check
[2026-07-05 01:15:02] ============================================================
[2026-07-05 01:15:02] Detected model: moonshot/kimi-k2.7-code
[2026-07-05 01:15:02] Expected primary: moonshot/kimi-k2.7-code
[2026-07-05 01:15:02] ✅ Running on primary model (moonshot/kimi-k2.7-code)
[2026-07-05 01:20:02] ============================================================
[2026-07-05 01:20:02] Model Fallback Monitor Check
[2026-07-05 01:20:02] ============================================================
[2026-07-05 01:20:02] Detected model: moonshot/kimi-k2.7-code
[2026-07-05 01:20:02] Expected primary: moonshot/kimi-k2.7-code
[2026-07-05 01:20:02] ✅ Running on primary model (moonshot/kimi-k2.7-code)
[2026-07-05 01:25:02] ============================================================
[2026-07-05 01:25:02] Model Fallback Monitor Check
[2026-07-05 01:25:02] ============================================================
[2026-07-05 01:25:02] Detected model: moonshot/kimi-k2.7-code
[2026-07-05 01:25:02] Expected primary: moonshot/kimi-k2.7-code
[2026-07-05 01:25:02] ✅ Running on primary model (moonshot/kimi-k2.7-code)
[2026-07-05 01:30:02] ============================================================
[2026-07-05 01:30:02] Model Fallback Monitor Check
[2026-07-05 01:30:02] ============================================================
[2026-07-05 01:30:02] Detected model: moonshot/kimi-k2.7-code
[2026-07-05 01:30:02] Expected primary: moonshot/kimi-k2.7-code
[2026-07-05 01:30:02] ✅ Running on primary model (moonshot/kimi-k2.7-code)
[2026-07-05 01:35:01] ============================================================
[2026-07-05 01:35:01] Model Fallback Monitor Check
[2026-07-05 01:35:01] ============================================================
[2026-07-05 01:35:01] Detected model: moonshot/kimi-k2.7-code
[2026-07-05 01:35:01] Expected primary: moonshot/kimi-k2.7-code
[2026-07-05 01:35:01] ✅ Running on primary model (moonshot/kimi-k2.7-code)
[2026-07-05 01:40:02] ============================================================
[2026-07-05 01:40:02] Model Fallback Monitor Check
[2026-07-05 01:40:02] ============================================================
[2026-07-05 01:40:02] Detected model: moonshot/kimi-k2.7-code
[2026-07-05 01:40:02] Expected primary: moonshot/kimi-k2.7-code
[2026-07-05 01:40:02] ✅ Running on primary model (moonshot/kimi-k2.7-code)
[2026-07-05 01:45:02] ============================================================
[2026-07-05 01:45:02] Model Fallback Monitor Check
[2026-07-05 01:45:02] ============================================================
[2026-07-05 01:45:02] Detected model: moonshot/kimi-k2.7-code
[2026-07-05 01:45:02] Expected primary: moonshot/kimi-k2.7-code
[2026-07-05 01:45:02] ✅ Running on primary model (moonshot/kimi-k2.7-code)
[2026-07-05 01:50:02] ============================================================
[2026-07-05 01:50:02] Model Fallback Monitor Check
[2026-07-05 01:50:02] ============================================================
[2026-07-05 01:50:02] Detected model: moonshot/kimi-k2.7-code
[2026-07-05 01:50:02] Expected primary: moonshot/kimi-k2.7-code
[2026-07-05 01:50:02] ✅ Running on primary model (moonshot/kimi-k2.7-code)
[2026-07-05 01:55:02] ============================================================
[2026-07-05 01:55:02] Model Fallback Monitor Check
[2026-07-05 01:55:02] ============================================================
[2026-07-05 01:55:02] Detected model: moonshot/kimi-k2.7-code
[2026-07-05 01:55:02] Expected primary: moonshot/kimi-k2.7-code
[2026-07-05 01:55:02] ✅ Running on primary model (moonshot/kimi-k2.7-code)
[2026-07-05 02:00:03] ============================================================
[2026-07-05 02:00:03] Model Fallback Monitor Check
[2026-07-05 02:00:03] ============================================================
[2026-07-05 02:00:03] Detected model: moonshot/kimi-k2.7-code
[2026-07-05 02:00:03] Expected primary: moonshot/kimi-k2.7-code
[2026-07-05 02:00:03] ✅ Running on primary model (moonshot/kimi-k2.7-code)
[2026-07-05 02:05:02] ============================================================
[2026-07-05 02:05:02] Model Fallback Monitor Check
[2026-07-05 02:05:02] ============================================================
[2026-07-05 02:05:02] Detected model: moonshot/kimi-k2.7-code
[2026-07-05 02:05:02] Expected primary: moonshot/kimi-k2.7-code
[2026-07-05 02:05:02] ✅ Running on primary model (moonshot/kimi-k2.7-code)
[2026-07-05 02:10:02] ============================================================
[2026-07-05 02:10:02] Model Fallback Monitor Check
[2026-07-05 02:10:02] ============================================================
[2026-07-05 02:10:02] Detected model: moonshot/kimi-k2.7-code
[2026-07-05 02:10:02] Expected primary: moonshot/kimi-k2.7-code
[2026-07-05 02:10:02] ✅ Running on primary model (moonshot/kimi-k2.7-code)
[2026-07-05 02:15:03] ============================================================
[2026-07-05 02:15:03] Model Fallback Monitor Check
[2026-07-05 02:15:03] ============================================================
[2026-07-05 02:15:03] Detected model: moonshot/kimi-k2.7-code
[2026-07-05 02:15:03] Expected primary: moonshot/kimi-k2.7-code
[2026-07-05 02:15:03] ✅ Running on primary model (moonshot/kimi-k2.7-code)
[2026-07-05 02:20:02] ============================================================
[2026-07-05 02:20:02] Model Fallback Monitor Check
[2026-07-05 02:20:02] ============================================================
[2026-07-05 02:20:02] Detected model: moonshot/kimi-k2.7-code
[2026-07-05 02:20:02] Expected primary: moonshot/kimi-k2.7-code
[2026-07-05 02:20:02] ✅ Running on primary model (moonshot/kimi-k2.7-code)
[2026-07-05 02:25:02] ============================================================
[2026-07-05 02:25:02] Model Fallback Monitor Check
[2026-07-05 02:25:02] ============================================================
[2026-07-05 02:25:02] Detected model: moonshot/kimi-k2.7-code
[2026-07-05 02:25:02] Expected primary: moonshot/kimi-k2.7-code
[2026-07-05 02:25:02] ✅ Running on primary model (moonshot/kimi-k2.7-code)
[2026-07-05 02:30:02] ============================================================
[2026-07-05 02:30:02] Model Fallback Monitor Check
[2026-07-05 02:30:02] ============================================================
[2026-07-05 02:30:02] Detected model: moonshot/kimi-k2.7-code
[2026-07-05 02:30:02] Expected primary: moonshot/kimi-k2.7-code
[2026-07-05 02:30:02] ✅ Running on primary model (moonshot/kimi-k2.7-code)
[2026-07-05 02:35:01] ============================================================
[2026-07-05 02:35:01] Model Fallback Monitor Check
[2026-07-05 02:35:01] ============================================================
[2026-07-05 02:35:01] Detected model: moonshot/kimi-k2.7-code
[2026-07-05 02:35:01] Expected primary: moonshot/kimi-k2.7-code
[2026-07-05 02:35:01] ✅ Running on primary model (moonshot/kimi-k2.7-code)
[2026-07-05 02:40:02] ============================================================
[2026-07-05 02:40:02] Model Fallback Monitor Check
[2026-07-05 02:40:02] ============================================================
[2026-07-05 02:40:02] Detected model: moonshot/kimi-k2.7-code
[2026-07-05 02:40:02] Expected primary: moonshot/kimi-k2.7-code
[2026-07-05 02:40:02] ✅ Running on primary model (moonshot/kimi-k2.7-code)
[2026-07-05 02:45:02] ============================================================
[2026-07-05 02:45:02] Model Fallback Monitor Check
[2026-07-05 02:45:02] ============================================================
[2026-07-05 02:45:02] Detected model: moonshot/kimi-k2.7-code
[2026-07-05 02:45:02] Expected primary: moonshot/kimi-k2.7-code
[2026-07-05 02:45:02] ✅ Running on primary model (moonshot/kimi-k2.7-code)
[2026-07-05 02:50:02] ============================================================
[2026-07-05 02:50:02] Model Fallback Monitor Check
[2026-07-05 02:50:02] ============================================================
[2026-07-05 02:50:02] Detected model: moonshot/kimi-k2.7-code
[2026-07-05 02:50:02] Expected primary: moonshot/kimi-k2.7-code
[2026-07-05 02:50:02] ✅ Running on primary model (moonshot/kimi-k2.7-code)
[2026-07-05 02:55:02] ============================================================
[2026-07-05 02:55:02] Model Fallback Monitor Check
[2026-07-05 02:55:02] ============================================================
[2026-07-05 02:55:02] Detected model: moonshot/kimi-k2.7-code
[2026-07-05 02:55:02] Expected primary: moonshot/kimi-k2.7-code
[2026-07-05 02:55:02] ✅ Running on primary model (moonshot/kimi-k2.7-code)
[2026-07-05 03:00:02] ============================================================
[2026-07-05 03:00:02] Model Fallback Monitor Check
[2026-07-05 03:00:02] ============================================================
[2026-07-05 03:00:03] Detected model: moonshot/kimi-k2.7-code
[2026-07-05 03:00:03] Expected primary: moonshot/kimi-k2.7-code
[2026-07-05 03:00:03] ✅ Running on primary model (moonshot/kimi-k2.7-code)
[2026-07-05 03:05:02] ============================================================
[2026-07-05 03:05:02] Model Fallback Monitor Check
[2026-07-05 03:05:02] ============================================================
[2026-07-05 03:05:02] Detected model: moonshot/kimi-k2.7-code
[2026-07-05 03:05:02] Expected primary: moonshot/kimi-k2.7-code
[2026-07-05 03:05:02] ✅ Running on primary model (moonshot/kimi-k2.7-code)
[2026-07-05 03:10:03] ============================================================
[2026-07-05 03:10:03] Model Fallback Monitor Check
[2026-07-05 03:10:03] ============================================================
[2026-07-05 03:10:03] Detected model: moonshot/kimi-k2.7-code
[2026-07-05 03:10:03] Expected primary: moonshot/kimi-k2.7-code
[2026-07-05 03:10:03] ✅ Running on primary model (moonshot/kimi-k2.7-code)
[2026-07-05 03:15:02] ============================================================
[2026-07-05 03:15:02] Model Fallback Monitor Check
[2026-07-05 03:15:02] ============================================================
[2026-07-05 03:15:02] Detected model: moonshot/kimi-k2.7-code
[2026-07-05 03:15:02] Expected primary: moonshot/kimi-k2.7-code
[2026-07-05 03:15:02] ✅ Running on primary model (moonshot/kimi-k2.7-code)
[2026-07-05 03:20:02] ============================================================
[2026-07-05 03:20:02] Model Fallback Monitor Check
[2026-07-05 03:20:02] ============================================================
[2026-07-05 03:20:02] Detected model: moonshot/kimi-k2.7-code
[2026-07-05 03:20:02] Expected primary: moonshot/kimi-k2.7-code
[2026-07-05 03:20:02] ✅ Running on primary model (moonshot/kimi-k2.7-code)
[2026-07-05 03:25:02] ============================================================
[2026-07-05 03:25:02] Model Fallback Monitor Check
[2026-07-05 03:25:02] ============================================================
[2026-07-05 03:25:02] Detected model: moonshot/kimi-k2.7-code
[2026-07-05 03:25:02] Expected primary: moonshot/kimi-k2.7-code
[2026-07-05 03:25:02] ✅ Running on primary model (moonshot/kimi-k2.7-code)
[2026-07-05 03:30:02] ============================================================
[2026-07-05 03:30:02] Model Fallback Monitor Check
[2026-07-05 03:30:02] ============================================================
[2026-07-05 03:30:02] Detected model: moonshot/kimi-k2.7-code
[2026-07-05 03:30:02] Expected primary: moonshot/kimi-k2.7-code
[2026-07-05 03:30:02] ✅ Running on primary model (moonshot/kimi-k2.7-code)
[2026-07-05 03:35:02] ============================================================
[2026-07-05 03:35:02] Model Fallback Monitor Check
[2026-07-05 03:35:02] ============================================================
[2026-07-05 03:35:02] Detected model: moonshot/kimi-k2.7-code
[2026-07-05 03:35:02] Expected primary: moonshot/kimi-k2.7-code
[2026-07-05 03:35:02] ✅ Running on primary model (moonshot/kimi-k2.7-code)
[2026-07-05 03:40:02] ============================================================
[2026-07-05 03:40:02] Model Fallback Monitor Check
[2026-07-05 03:40:02] ============================================================
[2026-07-05 03:40:02] Detected model: moonshot/kimi-k2.7-code
[2026-07-05 03:40:02] Expected primary: moonshot/kimi-k2.7-code
[2026-07-05 03:40:02] ✅ Running on primary model (moonshot/kimi-k2.7-code)
[2026-07-05 03:45:02] ============================================================
[2026-07-05 03:45:02] Model Fallback Monitor Check
[2026-07-05 03:45:02] ============================================================
[2026-07-05 03:45:02] Detected model: moonshot/kimi-k2.7-code
[2026-07-05 03:45:02] Expected primary: moonshot/kimi-k2.7-code
[2026-07-05 03:45:02] ✅ Running on primary model (moonshot/kimi-k2.7-code)
[2026-07-05 03:50:02] ============================================================
[2026-07-05 03:50:02] Model Fallback Monitor Check
[2026-07-05 03:50:02] ============================================================
[2026-07-05 03:50:02] Detected model: moonshot/kimi-k2.7-code
[2026-07-05 03:50:02] Expected primary: moonshot/kimi-k2.7-code
[2026-07-05 03:50:02] ✅ Running on primary model (moonshot/kimi-k2.7-code)
[2026-07-05 03:55:02] ============================================================
[2026-07-05 03:55:02] Model Fallback Monitor Check
[2026-07-05 03:55:02] ============================================================
[2026-07-05 03:55:02] Detected model: moonshot/kimi-k2.7-code
[2026-07-05 03:55:02] Expected primary: moonshot/kimi-k2.7-code
[2026-07-05 03:55:02] ✅ Running on primary model (moonshot/kimi-k2.7-code)
[2026-07-05 04:00:03] ============================================================
[2026-07-05 04:00:03] Model Fallback Monitor Check
[2026-07-05 04:00:03] ============================================================
[2026-07-05 04:00:03] Detected model: moonshot/kimi-k2.7-code
[2026-07-05 04:00:03] Expected primary: moonshot/kimi-k2.7-code
[2026-07-05 04:00:03] ✅ Running on primary model (moonshot/kimi-k2.7-code)
[2026-07-05 04:05:02] ============================================================
[2026-07-05 04:05:02] Model Fallback Monitor Check
[2026-07-05 04:05:02] ============================================================
[2026-07-05 04:05:02] Detected model: moonshot/kimi-k2.7-code
[2026-07-05 04:05:02] Expected primary: moonshot/kimi-k2.7-code
[2026-07-05 04:05:02] ✅ Running on primary model (moonshot/kimi-k2.7-code)
[2026-07-05 04:10:02] ============================================================
[2026-07-05 04:10:02] Model Fallback Monitor Check
[2026-07-05 04:10:02] ============================================================
[2026-07-05 04:10:02] Detected model: moonshot/kimi-k2.7-code
[2026-07-05 04:10:02] Expected primary: moonshot/kimi-k2.7-code
[2026-07-05 04:10:02] ✅ Running on primary model (moonshot/kimi-k2.7-code)
[2026-07-05 04:15:02] ============================================================
[2026-07-05 04:15:02] Model Fallback Monitor Check
[2026-07-05 04:15:02] ============================================================
[2026-07-05 04:15:02] Detected model: moonshot/kimi-k2.7-code
[2026-07-05 04:15:02] Expected primary: moonshot/kimi-k2.7-code
[2026-07-05 04:15:02] ✅ Running on primary model (moonshot/kimi-k2.7-code)
[2026-07-05 04:20:02] ============================================================
[2026-07-05 04:20:02] Model Fallback Monitor Check
[2026-07-05 04:20:02] ============================================================
[2026-07-05 04:20:02] Detected model: moonshot/kimi-k2.7-code
[2026-07-05 04:20:02] Expected primary: moonshot/kimi-k2.7-code
[2026-07-05 04:20:02] ✅ Running on primary model (moonshot/kimi-k2.7-code)
[2026-07-05 04:25:02] ============================================================
[2026-07-05 04:25:02] Model Fallback Monitor Check
[2026-07-05 04:25:02] ============================================================
[2026-07-05 04:25:02] Detected model: moonshot/kimi-k2.7-code
[2026-07-05 04:25:02] Expected primary: moonshot/kimi-k2.7-code
[2026-07-05 04:25:02] ✅ Running on primary model (moonshot/kimi-k2.7-code)
[2026-07-05 04:30:02] ============================================================
[2026-07-05 04:30:02] Model Fallback Monitor Check
[2026-07-05 04:30:02] ============================================================
[2026-07-05 04:30:02] Detected model: moonshot/kimi-k2.7-code
[2026-07-05 04:30:02] Expected primary: moonshot/kimi-k2.7-code
[2026-07-05 04:30:02] ✅ Running on primary model (moonshot/kimi-k2.7-code)
[2026-07-05 04:35:02] ============================================================
[2026-07-05 04:35:02] Model Fallback Monitor Check
[2026-07-05 04:35:02] ============================================================
[2026-07-05 04:35:02] Detected model: moonshot/kimi-k2.7-code
[2026-07-05 04:35:02] Expected primary: moonshot/kimi-k2.7-code
[2026-07-05 04:35:02] ✅ Running on primary model (moonshot/kimi-k2.7-code)
[2026-07-05 04:40:02] ============================================================
[2026-07-05 04:40:02] Model Fallback Monitor Check
[2026-07-05 04:40:02] ============================================================
[2026-07-05 04:40:02] Detected model: moonshot/kimi-k2.7-code
[2026-07-05 04:40:02] Expected primary: moonshot/kimi-k2.7-code
[2026-07-05 04:40:02] ✅ Running on primary model (moonshot/kimi-k2.7-code)
[2026-07-05 04:45:02] ============================================================
[2026-07-05 04:45:02] Model Fallback Monitor Check
[2026-07-05 04:45:02] ============================================================
[2026-07-05 04:45:02] Detected model: moonshot/kimi-k2.7-code
[2026-07-05 04:45:02] Expected primary: moonshot/kimi-k2.7-code
[2026-07-05 04:45:02] ✅ Running on primary model (moonshot/kimi-k2.7-code)
[2026-07-05 04:50:02] ============================================================
[2026-07-05 04:50:02] Model Fallback Monitor Check
[2026-07-05 04:50:02] ============================================================
[2026-07-05 04:50:02] Detected model: moonshot/kimi-k2.7-code
[2026-07-05 04:50:02] Expected primary: moonshot/kimi-k2.7-code
[2026-07-05 04:50:02] ✅ Running on primary model (moonshot/kimi-k2.7-code)
[2026-07-05 04:55:02] ============================================================
[2026-07-05 04:55:02] Model Fallback Monitor Check
[2026-07-05 04:55:02] ============================================================
[2026-07-05 04:55:02] Detected model: moonshot/kimi-k2.7-code
[2026-07-05 04:55:02] Expected primary: moonshot/kimi-k2.7-code
[2026-07-05 04:55:02] ✅ Running on primary model (moonshot/kimi-k2.7-code)
[2026-07-05 05:00:03] ============================================================
[2026-07-05 05:00:03] Model Fallback Monitor Check
[2026-07-05 05:00:03] ============================================================
[2026-07-05 05:00:03] Detected model: moonshot/kimi-k2.7-code
[2026-07-05 05:00:03] Expected primary: moonshot/kimi-k2.7-code
[2026-07-05 05:00:03] ✅ Running on primary model (moonshot/kimi-k2.7-code)
[2026-07-05 05:05:02] ============================================================
[2026-07-05 05:05:02] Model Fallback Monitor Check
[2026-07-05 05:05:02] ============================================================
[2026-07-05 05:05:02] Detected model: moonshot/kimi-k2.7-code
[2026-07-05 05:05:02] Expected primary: moonshot/kimi-k2.7-code
[2026-07-05 05:05:02] ✅ Running on primary model (moonshot/kimi-k2.7-code)
[2026-07-05 05:10:02] ============================================================
[2026-07-05 05:10:02] Model Fallback Monitor Check
[2026-07-05 05:10:02] ============================================================
[2026-07-05 05:10:02] Detected model: moonshot/kimi-k2.7-code
[2026-07-05 05:10:02] Expected primary: moonshot/kimi-k2.7-code
[2026-07-05 05:10:02] ✅ Running on primary model (moonshot/kimi-k2.7-code)
[2026-07-05 05:15:02] ============================================================
[2026-07-05 05:15:02] Model Fallback Monitor Check
[2026-07-05 05:15:02] ============================================================
[2026-07-05 05:15:02] Detected model: moonshot/kimi-k2.7-code
[2026-07-05 05:15:02] Expected primary: moonshot/kimi-k2.7-code
[2026-07-05 05:15:02] ✅ Running on primary model (moonshot/kimi-k2.7-code)
[2026-07-05 05:20:02] ============================================================
[2026-07-05 05:20:02] Model Fallback Monitor Check
[2026-07-05 05:20:02] ============================================================
[2026-07-05 05:20:02] Detected model: moonshot/kimi-k2.7-code
[2026-07-05 05:20:02] Expected primary: moonshot/kimi-k2.7-code
[2026-07-05 05:20:02] ✅ Running on primary model (moonshot/kimi-k2.7-code)
[2026-07-05 05:25:02] ============================================================
[2026-07-05 05:25:02] Model Fallback Monitor Check
[2026-07-05 05:25:02] ============================================================
[2026-07-05 05:25:02] Detected model: moonshot/kimi-k2.7-code
[2026-07-05 05:25:02] Expected primary: moonshot/kimi-k2.7-code
[2026-07-05 05:25:02] ✅ Running on primary model (moonshot/kimi-k2.7-code)
[2026-07-05 05:30:02] ============================================================
[2026-07-05 05:30:02] Model Fallback Monitor Check
[2026-07-05 05:30:02] ============================================================
[2026-07-05 05:30:02] Detected model: moonshot/kimi-k2.7-code
[2026-07-05 05:30:02] Expected primary: moonshot/kimi-k2.7-code
[2026-07-05 05:30:02] ✅ Running on primary model (moonshot/kimi-k2.7-code)
[2026-07-05 05:35:02] ============================================================
[2026-07-05 05:35:02] Model Fallback Monitor Check
[2026-07-05 05:35:02] ============================================================
[2026-07-05 05:35:02] Detected model: moonshot/kimi-k2.7-code
[2026-07-05 05:35:02] Expected primary: moonshot/kimi-k2.7-code
[2026-07-05 05:35:02] ✅ Running on primary model (moonshot/kimi-k2.7-code)
[2026-07-05 05:40:02] ============================================================
[2026-07-05 05:40:02] Model Fallback Monitor Check
[2026-07-05 05:40:02] ============================================================
[2026-07-05 05:40:02] Detected model: moonshot/kimi-k2.7-code
[2026-07-05 05:40:02] Expected primary: moonshot/kimi-k2.7-code
[2026-07-05 05:40:02] ✅ Running on primary model (moonshot/kimi-k2.7-code)
[2026-07-05 05:45:02] ============================================================
[2026-07-05 05:45:02] Model Fallback Monitor Check
[2026-07-05 05:45:02] ============================================================
[2026-07-05 05:45:02] Detected model: moonshot/kimi-k2.7-code
[2026-07-05 05:45:02] Expected primary: moonshot/kimi-k2.7-code
[2026-07-05 05:45:02] ✅ Running on primary model (moonshot/kimi-k2.7-code)
[2026-07-05 05:50:01] ============================================================
[2026-07-05 05:50:01] Model Fallback Monitor Check
[2026-07-05 05:50:01] ============================================================
[2026-07-05 05:50:01] Detected model: moonshot/kimi-k2.7-code
[2026-07-05 05:50:01] Expected primary: moonshot/kimi-k2.7-code
[2026-07-05 05:50:01] ✅ Running on primary model (moonshot/kimi-k2.7-code)
[2026-07-05 05:55:03] ============================================================
[2026-07-05 05:55:03] Model Fallback Monitor Check
[2026-07-05 05:55:03] ============================================================
[2026-07-05 05:55:03] Detected model: moonshot/kimi-k2.7-code
[2026-07-05 05:55:03] Expected primary: moonshot/kimi-k2.7-code
[2026-07-05 05:55:03] ✅ Running on primary model (moonshot/kimi-k2.7-code)
[2026-07-05 06:00:03] ============================================================
[2026-07-05 06:00:03] Model Fallback Monitor Check
[2026-07-05 06:00:03] ============================================================
[2026-07-05 06:00:03] Detected model: moonshot/kimi-k2.7-code
[2026-07-05 06:00:03] Expected primary: moonshot/kimi-k2.7-code
[2026-07-05 06:00:03] ✅ Running on primary model (moonshot/kimi-k2.7-code)
[2026-07-05 06:05:01] ============================================================
[2026-07-05 06:05:01] Model Fallback Monitor Check
[2026-07-05 06:05:01] ============================================================
[2026-07-05 06:05:01] Detected model: moonshot/kimi-k2.7-code
[2026-07-05 06:05:01] Expected primary: moonshot/kimi-k2.7-code
[2026-07-05 06:05:01] ✅ Running on primary model (moonshot/kimi-k2.7-code)
[2026-07-05 06:10:02] ============================================================
[2026-07-05 06:10:02] Model Fallback Monitor Check
[2026-07-05 06:10:02] ============================================================
[2026-07-05 06:10:02] Detected model: moonshot/kimi-k2.7-code
[2026-07-05 06:10:02] Expected primary: moonshot/kimi-k2.7-code
[2026-07-05 06:10:02] ✅ Running on primary model (moonshot/kimi-k2.7-code)
[2026-07-05 06:15:02] ============================================================
[2026-07-05 06:15:02] Model Fallback Monitor Check
[2026-07-05 06:15:02] ============================================================
[2026-07-05 06:15:02] Detected model: moonshot/kimi-k2.7-code
[2026-07-05 06:15:02] Expected primary: moonshot/kimi-k2.7-code
[2026-07-05 06:15:02] ✅ Running on primary model (moonshot/kimi-k2.7-code)
[2026-07-05 06:20:02] ============================================================
[2026-07-05 06:20:02] Model Fallback Monitor Check
[2026-07-05 06:20:02] ============================================================
[2026-07-05 06:20:02] Detected model: moonshot/kimi-k2.7-code
[2026-07-05 06:20:02] Expected primary: moonshot/kimi-k2.7-code
[2026-07-05 06:20:02] ✅ Running on primary model (moonshot/kimi-k2.7-code)
[2026-07-05 06:25:02] ============================================================
[2026-07-05 06:25:02] Model Fallback Monitor Check
[2026-07-05 06:25:02] ============================================================
[2026-07-05 06:25:02] Detected model: moonshot/kimi-k2.7-code
[2026-07-05 06:25:02] Expected primary: moonshot/kimi-k2.7-code
[2026-07-05 06:25:02] ✅ Running on primary model (moonshot/kimi-k2.7-code)
[2026-07-05 06:30:02] ============================================================
[2026-07-05 06:30:02] Model Fallback Monitor Check
[2026-07-05 06:30:02] ============================================================
[2026-07-05 06:30:02] Detected model: moonshot/kimi-k2.7-code
[2026-07-05 06:30:02] Expected primary: moonshot/kimi-k2.7-code
[2026-07-05 06:30:02] ✅ Running on primary model (moonshot/kimi-k2.7-code)
[2026-07-05 06:35:02] ============================================================
[2026-07-05 06:35:02] Model Fallback Monitor Check
[2026-07-05 06:35:02] ============================================================
[2026-07-05 06:35:02] Detected model: moonshot/kimi-k2.7-code
[2026-07-05 06:35:02] Expected primary: moonshot/kimi-k2.7-code
[2026-07-05 06:35:02] ✅ Running on primary model (moonshot/kimi-k2.7-code)
[2026-07-05 06:40:02] ============================================================
[2026-07-05 06:40:02] Model Fallback Monitor Check
[2026-07-05 06:40:02] ============================================================
[2026-07-05 06:40:02] Detected model: moonshot/kimi-k2.7-code
[2026-07-05 06:40:02] Expected primary: moonshot/kimi-k2.7-code
[2026-07-05 06:40:02] ✅ Running on primary model (moonshot/kimi-k2.7-code)
[2026-07-05 06:45:02] ============================================================
[2026-07-05 06:45:02] Model Fallback Monitor Check
[2026-07-05 06:45:02] ============================================================
[2026-07-05 06:45:02] Detected model: moonshot/kimi-k2.7-code
[2026-07-05 06:45:02] Expected primary: moonshot/kimi-k2.7-code
[2026-07-05 06:45:02] ✅ Running on primary model (moonshot/kimi-k2.7-code)
[2026-07-05 06:50:03] ============================================================
[2026-07-05 06:50:03] Model Fallback Monitor Check
[2026-07-05 06:50:03] ============================================================
[2026-07-05 06:50:03] Detected model: moonshot/kimi-k2.7-code
[2026-07-05 06:50:03] Expected primary: moonshot/kimi-k2.7-code
[2026-07-05 06:50:03] ✅ Running on primary model (moonshot/kimi-k2.7-code)
[2026-07-05 06:55:01] ============================================================
[2026-07-05 06:55:01] Model Fallback Monitor Check
[2026-07-05 06:55:01] ============================================================
[2026-07-05 06:55:01] Detected model: moonshot/kimi-k2.7-code
[2026-07-05 06:55:01] Expected primary: moonshot/kimi-k2.7-code
[2026-07-05 06:55:01] ✅ Running on primary model (moonshot/kimi-k2.7-code)
[2026-07-05 07:00:03] ============================================================
[2026-07-05 07:00:03] Model Fallback Monitor Check
[2026-07-05 07:00:03] ============================================================
[2026-07-05 07:00:03] Detected model: moonshot/kimi-k2.7-code
[2026-07-05 07:00:03] Expected primary: moonshot/kimi-k2.7-code
[2026-07-05 07:00:03] ✅ Running on primary model (moonshot/kimi-k2.7-code)
[2026-07-05 07:05:02] ============================================================
[2026-07-05 07:05:02] Model Fallback Monitor Check
[2026-07-05 07:05:02] ============================================================
[2026-07-05 07:05:02] Detected model: moonshot/kimi-k2.7-code
[2026-07-05 07:05:02] Expected primary: moonshot/kimi-k2.7-code
[2026-07-05 07:05:02] ✅ Running on primary model (moonshot/kimi-k2.7-code)
[2026-07-05 07:10:01] ============================================================
[2026-07-05 07:10:01] Model Fallback Monitor Check
[2026-07-05 07:10:01] ============================================================
[2026-07-05 07:10:01] Detected model: moonshot/kimi-k2.7-code
[2026-07-05 07:10:01] Expected primary: moonshot/kimi-k2.7-code
[2026-07-05 07:10:01] ✅ Running on primary model (moonshot/kimi-k2.7-code)
[2026-07-05 07:15:02] ============================================================
[2026-07-05 07:15:02] Model Fallback Monitor Check
[2026-07-05 07:15:02] ============================================================
[2026-07-05 07:15:02] Detected model: moonshot/kimi-k2.7-code
[2026-07-05 07:15:02] Expected primary: moonshot/kimi-k2.7-code
[2026-07-05 07:15:02] ✅ Running on primary model (moonshot/kimi-k2.7-code)
[2026-07-05 07:20:02] ============================================================
[2026-07-05 07:20:02] Model Fallback Monitor Check
[2026-07-05 07:20:02] ============================================================
[2026-07-05 07:20:02] Detected model: moonshot/kimi-k2.7-code
[2026-07-05 07:20:02] Expected primary: moonshot/kimi-k2.7-code
[2026-07-05 07:20:02] ✅ Running on primary model (moonshot/kimi-k2.7-code)
[2026-07-05 07:25:02] ============================================================
[2026-07-05 07:25:02] Model Fallback Monitor Check
[2026-07-05 07:25:02] ============================================================
[2026-07-05 07:25:02] Detected model: moonshot/kimi-k2.7-code
[2026-07-05 07:25:02] Expected primary: moonshot/kimi-k2.7-code
[2026-07-05 07:25:02] ✅ Running on primary model (moonshot/kimi-k2.7-code)
[2026-07-05 07:30:01] ============================================================
[2026-07-05 07:30:01] Model Fallback Monitor Check
[2026-07-05 07:30:01] ============================================================
[2026-07-05 07:30:01] Detected model: moonshot/kimi-k2.7-code
[2026-07-05 07:30:01] Expected primary: moonshot/kimi-k2.7-code
[2026-07-05 07:30:01] ✅ Running on primary model (moonshot/kimi-k2.7-code)
[2026-07-05 07:35:02] ============================================================
[2026-07-05 07:35:02] Model Fallback Monitor Check
[2026-07-05 07:35:02] ============================================================
[2026-07-05 07:35:02] Detected model: moonshot/kimi-k2.7-code
[2026-07-05 07:35:02] Expected primary: moonshot/kimi-k2.7-code
[2026-07-05 07:35:02] ✅ Running on primary model (moonshot/kimi-k2.7-code)
[2026-07-05 07:40:02] ============================================================
[2026-07-05 07:40:02] Model Fallback Monitor Check
[2026-07-05 07:40:02] ============================================================
[2026-07-05 07:40:02] Detected model: moonshot/kimi-k2.7-code
[2026-07-05 07:40:02] Expected primary: moonshot/kimi-k2.7-code
[2026-07-05 07:40:02] ✅ Running on primary model (moonshot/kimi-k2.7-code)
[2026-07-05 07:45:02] ============================================================
[2026-07-05 07:45:02] Model Fallback Monitor Check
[2026-07-05 07:45:02] ============================================================
[2026-07-05 07:45:02] Detected model: moonshot/kimi-k2.7-code
[2026-07-05 07:45:02] Expected primary: moonshot/kimi-k2.7-code
[2026-07-05 07:45:02] ✅ Running on primary model (moonshot/kimi-k2.7-code)
[2026-07-05 07:50:01] ============================================================
[2026-07-05 07:50:01] Model Fallback Monitor Check
[2026-07-05 07:50:01] ============================================================
[2026-07-05 07:50:01] Detected model: moonshot/kimi-k2.7-code
[2026-07-05 07:50:01] Expected primary: moonshot/kimi-k2.7-code
[2026-07-05 07:50:01] ✅ Running on primary model (moonshot/kimi-k2.7-code)
[2026-07-05 07:55:02] ============================================================
[2026-07-05 07:55:02] Model Fallback Monitor Check
[2026-07-05 07:55:02] ============================================================
[2026-07-05 07:55:02] Detected model: moonshot/kimi-k2.7-code
[2026-07-05 07:55:02] Expected primary: moonshot/kimi-k2.7-code
[2026-07-05 07:55:02] ✅ Running on primary model (moonshot/kimi-k2.7-code)
[2026-07-05 08:00:02] ============================================================
[2026-07-05 08:00:02] Model Fallback Monitor Check
[2026-07-05 08:00:02] ============================================================
[2026-07-05 08:00:02] Detected model: moonshot/kimi-k2.7-code
[2026-07-05 08:00:02] Expected primary: moonshot/kimi-k2.7-code
[2026-07-05 08:00:02] ✅ Running on primary model (moonshot/kimi-k2.7-code)
[2026-07-05 08:05:02] ============================================================
[2026-07-05 08:05:02] Model Fallback Monitor Check
[2026-07-05 08:05:02] ============================================================
[2026-07-05 08:05:02] Detected model: moonshot/kimi-k2.7-code
[2026-07-05 08:05:02] Expected primary: moonshot/kimi-k2.7-code
[2026-07-05 08:05:02] ✅ Running on primary model (moonshot/kimi-k2.7-code)
[2026-07-05 08:10:01] ============================================================
[2026-07-05 08:10:01] Model Fallback Monitor Check
[2026-07-05 08:10:01] ============================================================
[2026-07-05 08:10:01] Detected model: moonshot/kimi-k2.7-code
[2026-07-05 08:10:01] Expected primary: moonshot/kimi-k2.7-code
[2026-07-05 08:10:01] ✅ Running on primary model (moonshot/kimi-k2.7-code)
[2026-07-05 08:15:02] ============================================================
[2026-07-05 08:15:02] Model Fallback Monitor Check
[2026-07-05 08:15:02] ============================================================
[2026-07-05 08:15:02] Detected model: moonshot/kimi-k2.7-code
[2026-07-05 08:15:02] Expected primary: moonshot/kimi-k2.7-code
[2026-07-05 08:15:02] ✅ Running on primary model (moonshot/kimi-k2.7-code)
[2026-07-05 08:20:02] ============================================================
[2026-07-05 08:20:02] Model Fallback Monitor Check
[2026-07-05 08:20:02] ============================================================
[2026-07-05 08:20:02] Detected model: moonshot/kimi-k2.7-code
[2026-07-05 08:20:02] Expected primary: moonshot/kimi-k2.7-code
[2026-07-05 08:20:02] ✅ Running on primary model (moonshot/kimi-k2.7-code)
[2026-07-05 08:25:01] ============================================================
[2026-07-05 08:25:01] Model Fallback Monitor Check
[2026-07-05 08:25:01] ============================================================
[2026-07-05 08:25:01] Detected model: moonshot/kimi-k2.7-code
[2026-07-05 08:25:01] Expected primary: moonshot/kimi-k2.7-code
[2026-07-05 08:25:01] ✅ Running on primary model (moonshot/kimi-k2.7-code)
[2026-07-05 08:30:02] ============================================================
[2026-07-05 08:30:02] Model Fallback Monitor Check
[2026-07-05 08:30:02] ============================================================
[2026-07-05 08:30:02] Detected model: moonshot/kimi-k2.7-code
[2026-07-05 08:30:02] Expected primary: moonshot/kimi-k2.7-code
[2026-07-05 08:30:02] ✅ Running on primary model (moonshot/kimi-k2.7-code)
[2026-07-05 08:35:02] ============================================================
[2026-07-05 08:35:02] Model Fallback Monitor Check
[2026-07-05 08:35:02] ============================================================
[2026-07-05 08:35:02] Detected model: moonshot/kimi-k2.7-code
[2026-07-05 08:35:02] Expected primary: moonshot/kimi-k2.7-code
[2026-07-05 08:35:02] ✅ Running on primary model (moonshot/kimi-k2.7-code)
[2026-07-05 08:40:02] ============================================================
[2026-07-05 08:40:02] Model Fallback Monitor Check
[2026-07-05 08:40:02] ============================================================
[2026-07-05 08:40:02] Detected model: moonshot/kimi-k2.7-code
[2026-07-05 08:40:02] Expected primary: moonshot/kimi-k2.7-code
[2026-07-05 08:40:02] ✅ Running on primary model (moonshot/kimi-k2.7-code)
[2026-07-05 08:45:02] ============================================================
[2026-07-05 08:45:02] Model Fallback Monitor Check
[2026-07-05 08:45:02] ============================================================
[2026-07-05 08:45:02] Detected model: moonshot/kimi-k2.7-code
[2026-07-05 08:45:02] Expected primary: moonshot/kimi-k2.7-code
[2026-07-05 08:45:02] ✅ Running on primary model (moonshot/kimi-k2.7-code)
[2026-07-05 08:50:02] ============================================================
[2026-07-05 08:50:02] Model Fallback Monitor Check
[2026-07-05 08:50:02] ============================================================
[2026-07-05 08:50:02] Detected model: moonshot/kimi-k2.7-code
[2026-07-05 08:50:02] Expected primary: moonshot/kimi-k2.7-code
[2026-07-05 08:50:02] ✅ Running on primary model (moonshot/kimi-k2.7-code)
[2026-07-05 08:55:02] ============================================================
[2026-07-05 08:55:02] Model Fallback Monitor Check
[2026-07-05 08:55:02] ============================================================
[2026-07-05 08:55:02] Detected model: moonshot/kimi-k2.7-code
[2026-07-05 08:55:02] Expected primary: moonshot/kimi-k2.7-code
[2026-07-05 08:55:02] ✅ Running on primary model (moonshot/kimi-k2.7-code)
[2026-07-05 09:00:02] ============================================================
[2026-07-05 09:00:02] Model Fallback Monitor Check
[2026-07-05 09:00:02] ============================================================
[2026-07-05 09:00:02] Detected model: moonshot/kimi-k2.7-code
[2026-07-05 09:00:02] Expected primary: moonshot/kimi-k2.7-code
[2026-07-05 09:00:02] ✅ Running on primary model (moonshot/kimi-k2.7-code)
[2026-07-05 09:05:02] ============================================================
[2026-07-05 09:05:02] Model Fallback Monitor Check
[2026-07-05 09:05:02] ============================================================
[2026-07-05 09:05:02] Detected model: moonshot/kimi-k2.7-code
[2026-07-05 09:05:02] Expected primary: moonshot/kimi-k2.7-code
[2026-07-05 09:05:02] ✅ Running on primary model (moonshot/kimi-k2.7-code)
[2026-07-05 09:10:02] ============================================================
[2026-07-05 09:10:02] Model Fallback Monitor Check
[2026-07-05 09:10:02] ============================================================
[2026-07-05 09:10:02] Detected model: moonshot/kimi-k2.7-code
[2026-07-05 09:10:02] Expected primary: moonshot/kimi-k2.7-code
[2026-07-05 09:10:02] ✅ Running on primary model (moonshot/kimi-k2.7-code)
[2026-07-05 09:15:02] ============================================================
[2026-07-05 09:15:02] Model Fallback Monitor Check
[2026-07-05 09:15:02] ============================================================
[2026-07-05 09:15:02] Detected model: moonshot/kimi-k2.7-code
[2026-07-05 09:15:02] Expected primary: moonshot/kimi-k2.7-code
[2026-07-05 09:15:02] ✅ Running on primary model (moonshot/kimi-k2.7-code)
[2026-07-05 09:20:02] ============================================================
[2026-07-05 09:20:02] Model Fallback Monitor Check
[2026-07-05 09:20:02] ============================================================
[2026-07-05 09:20:02] Detected model: moonshot/kimi-k2.7-code
[2026-07-05 09:20:02] Expected primary: moonshot/kimi-k2.7-code
[2026-07-05 09:20:02] ✅ Running on primary model (moonshot/kimi-k2.7-code)
[2026-07-05 09:25:02] ============================================================
[2026-07-05 09:25:02] Model Fallback Monitor Check
[2026-07-05 09:25:02] ============================================================
[2026-07-05 09:25:02] Detected model: moonshot/kimi-k2.7-code
[2026-07-05 09:25:02] Expected primary: moonshot/kimi-k2.7-code
[2026-07-05 09:25:02] ✅ Running on primary model (moonshot/kimi-k2.7-code)
[2026-07-05 09:30:02] ============================================================
[2026-07-05 09:30:02] Model Fallback Monitor Check
[2026-07-05 09:30:02] ============================================================
[2026-07-05 09:30:02] Detected model: moonshot/kimi-k2.7-code
[2026-07-05 09:30:02] Expected primary: moonshot/kimi-k2.7-code
[2026-07-05 09:30:02] ✅ Running on primary model (moonshot/kimi-k2.7-code)
[2026-07-05 09:35:03] ============================================================
[2026-07-05 09:35:03] Model Fallback Monitor Check
[2026-07-05 09:35:03] ============================================================
[2026-07-05 09:35:03] Detected model: moonshot/kimi-k2.7-code
[2026-07-05 09:35:03] Expected primary: moonshot/kimi-k2.7-code
[2026-07-05 09:35:03] ✅ Running on primary model (moonshot/kimi-k2.7-code)
[2026-07-05 09:40:02] ============================================================
[2026-07-05 09:40:02] Model Fallback Monitor Check
[2026-07-05 09:40:02] ============================================================
[2026-07-05 09:40:02] Detected model: moonshot/kimi-k2.7-code
[2026-07-05 09:40:02] Expected primary: moonshot/kimi-k2.7-code
[2026-07-05 09:40:02] ✅ Running on primary model (moonshot/kimi-k2.7-code)
[2026-07-05 09:45:02] ============================================================
[2026-07-05 09:45:02] Model Fallback Monitor Check
[2026-07-05 09:45:02] ============================================================
[2026-07-05 09:45:02] Detected model: moonshot/kimi-k2.7-code
[2026-07-05 09:45:02] Expected primary: moonshot/kimi-k2.7-code
[2026-07-05 09:45:02] ✅ Running on primary model (moonshot/kimi-k2.7-code)
[2026-07-05 09:50:02] ============================================================
[2026-07-05 09:50:02] Model Fallback Monitor Check
[2026-07-05 09:50:02] ============================================================
[2026-07-05 09:50:02] Detected model: moonshot/kimi-k2.7-code
[2026-07-05 09:50:02] Expected primary: moonshot/kimi-k2.7-code
[2026-07-05 09:50:02] ✅ Running on primary model (moonshot/kimi-k2.7-code)
[2026-07-05 09:55:02] ============================================================
[2026-07-05 09:55:02] Model Fallback Monitor Check
[2026-07-05 09:55:02] ============================================================
[2026-07-05 09:55:02] Detected model: moonshot/kimi-k2.7-code
[2026-07-05 09:55:02] Expected primary: moonshot/kimi-k2.7-code
[2026-07-05 09:55:02] ✅ Running on primary model (moonshot/kimi-k2.7-code)
[2026-07-05 10:00:03] ============================================================
[2026-07-05 10:00:03] Model Fallback Monitor Check
[2026-07-05 10:00:03] ============================================================
[2026-07-05 10:00:03] Detected model: moonshot/kimi-k2.7-code
[2026-07-05 10:00:03] Expected primary: moonshot/kimi-k2.7-code
[2026-07-05 10:00:03] ✅ Running on primary model (moonshot/kimi-k2.7-code)
[2026-07-05 10:05:02] ============================================================
[2026-07-05 10:05:02] Model Fallback Monitor Check
[2026-07-05 10:05:02] ============================================================
[2026-07-05 10:05:02] Detected model: moonshot/kimi-k2.7-code
[2026-07-05 10:05:02] Expected primary: moonshot/kimi-k2.7-code
[2026-07-05 10:05:02] ✅ Running on primary model (moonshot/kimi-k2.7-code)
[2026-07-05 10:10:01] ============================================================
[2026-07-05 10:10:01] Model Fallback Monitor Check
[2026-07-05 10:10:01] ============================================================
[2026-07-05 10:10:01] Detected model: moonshot/kimi-k2.7-code
[2026-07-05 10:10:01] Expected primary: moonshot/kimi-k2.7-code
[2026-07-05 10:10:01] ✅ Running on primary model (moonshot/kimi-k2.7-code)
[2026-07-05 10:15:02] ============================================================
[2026-07-05 10:15:02] Model Fallback Monitor Check
[2026-07-05 10:15:02] ============================================================
[2026-07-05 10:15:02] Detected model: moonshot/kimi-k2.7-code
[2026-07-05 10:15:02] Expected primary: moonshot/kimi-k2.7-code
[2026-07-05 10:15:02] ✅ Running on primary model (moonshot/kimi-k2.7-code)
[2026-07-05 10:20:01] ============================================================
[2026-07-05 10:20:01] Model Fallback Monitor Check
[2026-07-05 10:20:01] ============================================================
[2026-07-05 10:20:01] Detected model: moonshot/kimi-k2.7-code
[2026-07-05 10:20:01] Expected primary: moonshot/kimi-k2.7-code
[2026-07-05 10:20:01] ✅ Running on primary model (moonshot/kimi-k2.7-code)
[2026-07-05 10:25:02] ============================================================
[2026-07-05 10:25:02] Model Fallback Monitor Check
[2026-07-05 10:25:02] ============================================================
[2026-07-05 10:25:02] Detected model: moonshot/kimi-k2.7-code
[2026-07-05 10:25:02] Expected primary: moonshot/kimi-k2.7-code
[2026-07-05 10:25:02] ✅ Running on primary model (moonshot/kimi-k2.7-code)
[2026-07-05 10:30:03] ============================================================
[2026-07-05 10:30:03] Model Fallback Monitor Check
[2026-07-05 10:30:03] ============================================================
[2026-07-05 10:30:03] Detected model: moonshot/kimi-k2.7-code
[2026-07-05 10:30:03] Expected primary: moonshot/kimi-k2.7-code
[2026-07-05 10:30:03] ✅ Running on primary model (moonshot/kimi-k2.7-code)
[2026-07-05 10:35:02] ============================================================
[2026-07-05 10:35:02] Model Fallback Monitor Check
[2026-07-05 10:35:02] ============================================================
[2026-07-05 10:35:02] Detected model: moonshot/kimi-k2.7-code
[2026-07-05 10:35:02] Expected primary: moonshot/kimi-k2.7-code
[2026-07-05 10:35:02] ✅ Running on primary model (moonshot/kimi-k2.7-code)
[2026-07-05 10:40:02] ============================================================
[2026-07-05 10:40:02] Model Fallback Monitor Check
[2026-07-05 10:40:02] ============================================================
[2026-07-05 10:40:02] Detected model: moonshot/kimi-k2.7-code
[2026-07-05 10:40:02] Expected primary: moonshot/kimi-k2.7-code
[2026-07-05 10:40:02] ✅ Running on primary model (moonshot/kimi-k2.7-code)
[2026-07-05 10:45:01] ============================================================
[2026-07-05 10:45:01] Model Fallback Monitor Check
[2026-07-05 10:45:01] ============================================================
[2026-07-05 10:45:01] Detected model: moonshot/kimi-k2.7-code
[2026-07-05 10:45:01] Expected primary: moonshot/kimi-k2.7-code
[2026-07-05 10:45:01] ✅ Running on primary model (moonshot/kimi-k2.7-code)
[2026-07-05 10:50:02] ============================================================
[2026-07-05 10:50:02] Model Fallback Monitor Check
[2026-07-05 10:50:02] ============================================================
[2026-07-05 10:50:02] Detected model: moonshot/kimi-k2.7-code
[2026-07-05 10:50:02] Expected primary: moonshot/kimi-k2.7-code
[2026-07-05 10:50:02] ✅ Running on primary model (moonshot/kimi-k2.7-code)
[2026-07-05 10:55:01] ============================================================
[2026-07-05 10:55:01] Model Fallback Monitor Check
[2026-07-05 10:55:01] ============================================================
[2026-07-05 10:55:01] Detected model: moonshot/kimi-k2.7-code
[2026-07-05 10:55:01] Expected primary: moonshot/kimi-k2.7-code
[2026-07-05 10:55:01] ✅ Running on primary model (moonshot/kimi-k2.7-code)
[2026-07-05 11:00:02] ============================================================
[2026-07-05 11:00:02] Model Fallback Monitor Check
[2026-07-05 11:00:02] ============================================================
[2026-07-05 11:00:02] Detected model: moonshot/kimi-k2.7-code
[2026-07-05 11:00:02] Expected primary: moonshot/kimi-k2.7-code
[2026-07-05 11:00:02] ✅ Running on primary model (moonshot/kimi-k2.7-code)
[2026-07-05 11:05:02] ============================================================
[2026-07-05 11:05:02] Model Fallback Monitor Check
[2026-07-05 11:05:02] ============================================================
[2026-07-05 11:05:02] Detected model: moonshot/kimi-k2.7-code
[2026-07-05 11:05:02] Expected primary: moonshot/kimi-k2.7-code
[2026-07-05 11:05:02] ✅ Running on primary model (moonshot/kimi-k2.7-code)
[2026-07-05 11:10:02] ============================================================
[2026-07-05 11:10:02] Model Fallback Monitor Check
[2026-07-05 11:10:02] ============================================================
[2026-07-05 11:10:02] Detected model: moonshot/kimi-k2.7-code
[2026-07-05 11:10:02] Expected primary: moonshot/kimi-k2.7-code
[2026-07-05 11:10:02] ✅ Running on primary model (moonshot/kimi-k2.7-code)
[2026-07-05 11:15:02] ============================================================
[2026-07-05 11:15:02] Model Fallback Monitor Check
[2026-07-05 11:15:02] ============================================================
[2026-07-05 11:15:02] Detected model: moonshot/kimi-k2.7-code
[2026-07-05 11:15:02] Expected primary: moonshot/kimi-k2.7-code
[2026-07-05 11:15:02] ✅ Running on primary model (moonshot/kimi-k2.7-code)
[2026-07-05 11:20:02] ============================================================
[2026-07-05 11:20:02] Model Fallback Monitor Check
[2026-07-05 11:20:02] ============================================================
[2026-07-05 11:20:02] Detected model: moonshot/kimi-k2.7-code
[2026-07-05 11:20:02] Expected primary: moonshot/kimi-k2.7-code
[2026-07-05 11:20:02] ✅ Running on primary model (moonshot/kimi-k2.7-code)
[2026-07-05 11:25:02] ============================================================
[2026-07-05 11:25:02] Model Fallback Monitor Check
[2026-07-05 11:25:02] ============================================================
[2026-07-05 11:25:02] Detected model: moonshot/kimi-k2.7-code
[2026-07-05 11:25:02] Expected primary: moonshot/kimi-k2.7-code
[2026-07-05 11:25:02] ✅ Running on primary model (moonshot/kimi-k2.7-code)
[2026-07-05 11:30:02] ============================================================
[2026-07-05 11:30:02] Model Fallback Monitor Check
[2026-07-05 11:30:02] ============================================================
[2026-07-05 11:30:02] Detected model: moonshot/kimi-k2.7-code
[2026-07-05 11:30:02] Expected primary: moonshot/kimi-k2.7-code
[2026-07-05 11:30:02] ✅ Running on primary model (moonshot/kimi-k2.7-code)
[2026-07-05 11:35:01] ============================================================
[2026-07-05 11:35:01] Model Fallback Monitor Check
[2026-07-05 11:35:01] ============================================================
[2026-07-05 11:35:01] Detected model: moonshot/kimi-k2.7-code
[2026-07-05 11:35:01] Expected primary: moonshot/kimi-k2.7-code
[2026-07-05 11:35:01] ✅ Running on primary model (moonshot/kimi-k2.7-code)
[2026-07-05 11:40:02] ============================================================
[2026-07-05 11:40:02] Model Fallback Monitor Check
[2026-07-05 11:40:02] ============================================================
[2026-07-05 11:40:02] Detected model: moonshot/kimi-k2.7-code
[2026-07-05 11:40:02] Expected primary: moonshot/kimi-k2.7-code
[2026-07-05 11:40:02] ✅ Running on primary model (moonshot/kimi-k2.7-code)
[2026-07-05 11:45:02] ============================================================
[2026-07-05 11:45:02] Model Fallback Monitor Check
[2026-07-05 11:45:02] ============================================================
[2026-07-05 11:45:02] Detected model: moonshot/kimi-k2.7-code
[2026-07-05 11:45:02] Expected primary: moonshot/kimi-k2.7-code
[2026-07-05 11:45:02] ✅ Running on primary model (moonshot/kimi-k2.7-code)
[2026-07-05 11:50:02] ============================================================
[2026-07-05 11:50:02] Model Fallback Monitor Check
[2026-07-05 11:50:02] ============================================================
[2026-07-05 11:50:02] Detected model: moonshot/kimi-k2.7-code
[2026-07-05 11:50:02] Expected primary: moonshot/kimi-k2.7-code
[2026-07-05 11:50:02] ✅ Running on primary model (moonshot/kimi-k2.7-code)
[2026-07-05 11:55:02] ============================================================
[2026-07-05 11:55:02] Model Fallback Monitor Check
[2026-07-05 11:55:02] ============================================================
[2026-07-05 11:55:02] Detected model: moonshot/kimi-k2.7-code
[2026-07-05 11:55:02] Expected primary: moonshot/kimi-k2.7-code
[2026-07-05 11:55:02] ✅ Running on primary model (moonshot/kimi-k2.7-code)
[2026-07-05 12:00:02] ============================================================
[2026-07-05 12:00:02] Model Fallback Monitor Check
[2026-07-05 12:00:02] ============================================================
[2026-07-05 12:00:02] Detected model: moonshot/kimi-k2.7-code
[2026-07-05 12:00:02] Expected primary: moonshot/kimi-k2.7-code
[2026-07-05 12:00:02] ✅ Running on primary model (moonshot/kimi-k2.7-code)
[2026-07-05 12:05:02] ============================================================
[2026-07-05 12:05:02] Model Fallback Monitor Check
[2026-07-05 12:05:02] ============================================================
[2026-07-05 12:05:02] Detected model: moonshot/kimi-k2.7-code
[2026-07-05 12:05:02] Expected primary: moonshot/kimi-k2.7-code
[2026-07-05 12:05:02] ✅ Running on primary model (moonshot/kimi-k2.7-code)
[2026-07-05 12:10:01] ============================================================
[2026-07-05 12:10:01] Model Fallback Monitor Check
[2026-07-05 12:10:01] ============================================================
[2026-07-05 12:10:01] Detected model: moonshot/kimi-k2.7-code
[2026-07-05 12:10:01] Expected primary: moonshot/kimi-k2.7-code
[2026-07-05 12:10:01] ✅ Running on primary model (moonshot/kimi-k2.7-code)
[2026-07-05 12:15:02] ============================================================
[2026-07-05 12:15:02] Model Fallback Monitor Check
[2026-07-05 12:15:02] ============================================================
[2026-07-05 12:15:02] Detected model: moonshot/kimi-k2.7-code
[2026-07-05 12:15:02] Expected primary: moonshot/kimi-k2.7-code
[2026-07-05 12:15:02] ✅ Running on primary model (moonshot/kimi-k2.7-code)
[2026-07-05 12:20:02] ============================================================
[2026-07-05 12:20:02] Model Fallback Monitor Check
[2026-07-05 12:20:02] ============================================================
[2026-07-05 12:20:02] Detected model: moonshot/kimi-k2.7-code
[2026-07-05 12:20:02] Expected primary: moonshot/kimi-k2.7-code
[2026-07-05 12:20:02] ✅ Running on primary model (moonshot/kimi-k2.7-code)
[2026-07-05 12:25:02] ============================================================
[2026-07-05 12:25:02] Model Fallback Monitor Check
[2026-07-05 12:25:02] ============================================================
[2026-07-05 12:25:02] Detected model: moonshot/kimi-k2.7-code
[2026-07-05 12:25:02] Expected primary: moonshot/kimi-k2.7-code
[2026-07-05 12:25:02] ✅ Running on primary model (moonshot/kimi-k2.7-code)
[2026-07-05 12:30:02] ============================================================
[2026-07-05 12:30:02] Model Fallback Monitor Check
[2026-07-05 12:30:02] ============================================================
[2026-07-05 12:30:02] Detected model: moonshot/kimi-k2.7-code
[2026-07-05 12:30:02] Expected primary: moonshot/kimi-k2.7-code
[2026-07-05 12:30:02] ✅ Running on primary model (moonshot/kimi-k2.7-code)
[2026-07-05 12:35:02] ============================================================
[2026-07-05 12:35:02] Model Fallback Monitor Check
[2026-07-05 12:35:02] ============================================================
[2026-07-05 12:35:02] Detected model: moonshot/kimi-k2.7-code
[2026-07-05 12:35:02] Expected primary: moonshot/kimi-k2.7-code
[2026-07-05 12:35:02] ✅ Running on primary model (moonshot/kimi-k2.7-code)
[2026-07-05 12:40:02] ============================================================
[2026-07-05 12:40:02] Model Fallback Monitor Check
[2026-07-05 12:40:02] ============================================================
[2026-07-05 12:40:02] Detected model: moonshot/kimi-k2.7-code
[2026-07-05 12:40:02] Expected primary: moonshot/kimi-k2.7-code
[2026-07-05 12:40:02] ✅ Running on primary model (moonshot/kimi-k2.7-code)
[2026-07-05 12:45:02] ============================================================
[2026-07-05 12:45:02] Model Fallback Monitor Check
[2026-07-05 12:45:02] ============================================================
[2026-07-05 12:45:02] Detected model: moonshot/kimi-k2.7-code
[2026-07-05 12:45:02] Expected primary: moonshot/kimi-k2.7-code
[2026-07-05 12:45:02] ✅ Running on primary model (moonshot/kimi-k2.7-code)
[2026-07-05 12:50:02] ============================================================
[2026-07-05 12:50:02] Model Fallback Monitor Check
[2026-07-05 12:50:02] ============================================================
[2026-07-05 12:50:02] Detected model: moonshot/kimi-k2.7-code
[2026-07-05 12:50:02] Expected primary: moonshot/kimi-k2.7-code
[2026-07-05 12:50:02] ✅ Running on primary model (moonshot/kimi-k2.7-code)
[2026-07-05 12:55:01] ============================================================
[2026-07-05 12:55:01] Model Fallback Monitor Check
[2026-07-05 12:55:01] ============================================================
[2026-07-05 12:55:01] Detected model: moonshot/kimi-k2.7-code
[2026-07-05 12:55:01] Expected primary: moonshot/kimi-k2.7-code
[2026-07-05 12:55:01] ✅ Running on primary model (moonshot/kimi-k2.7-code)
[2026-07-05 13:00:02] ============================================================
[2026-07-05 13:00:02] Model Fallback Monitor Check
[2026-07-05 13:00:02] ============================================================
[2026-07-05 13:00:03] Detected model: moonshot/kimi-k2.7-code
[2026-07-05 13:00:03] Expected primary: moonshot/kimi-k2.7-code
[2026-07-05 13:00:03] ✅ Running on primary model (moonshot/kimi-k2.7-code)
[2026-07-05 13:05:01] ============================================================
[2026-07-05 13:05:01] Model Fallback Monitor Check
[2026-07-05 13:05:01] ============================================================
[2026-07-05 13:05:01] Detected model: moonshot/kimi-k2.7-code
[2026-07-05 13:05:01] Expected primary: moonshot/kimi-k2.7-code
[2026-07-05 13:05:01] ✅ Running on primary model (moonshot/kimi-k2.7-code)
[2026-07-05 13:10:02] ============================================================
[2026-07-05 13:10:02] Model Fallback Monitor Check
[2026-07-05 13:10:02] ============================================================
[2026-07-05 13:10:02] Detected model: moonshot/kimi-k2.7-code
[2026-07-05 13:10:02] Expected primary: moonshot/kimi-k2.7-code
[2026-07-05 13:10:02] ✅ Running on primary model (moonshot/kimi-k2.7-code)
[2026-07-05 13:15:02] ============================================================
[2026-07-05 13:15:02] Model Fallback Monitor Check
[2026-07-05 13:15:02] ============================================================
[2026-07-05 13:15:02] Detected model: moonshot/kimi-k2.7-code
[2026-07-05 13:15:02] Expected primary: moonshot/kimi-k2.7-code
[2026-07-05 13:15:03] ✅ Running on primary model (moonshot/kimi-k2.7-code)
[2026-07-05 13:20:02] ============================================================
[2026-07-05 13:20:02] Model Fallback Monitor Check
[2026-07-05 13:20:02] ============================================================
[2026-07-05 13:20:02] Detected model: moonshot/kimi-k2.7-code
[2026-07-05 13:20:02] Expected primary: moonshot/kimi-k2.7-code
[2026-07-05 13:20:02] ✅ Running on primary model (moonshot/kimi-k2.7-code)
[2026-07-05 13:25:01] ============================================================
[2026-07-05 13:25:01] Model Fallback Monitor Check
[2026-07-05 13:25:01] ============================================================
[2026-07-05 13:25:01] Detected model: moonshot/kimi-k2.7-code
[2026-07-05 13:25:01] Expected primary: moonshot/kimi-k2.7-code
[2026-07-05 13:25:01] ✅ Running on primary model (moonshot/kimi-k2.7-code)
[2026-07-05 13:30:02] ============================================================
[2026-07-05 13:30:02] Model Fallback Monitor Check
[2026-07-05 13:30:02] ============================================================
[2026-07-05 13:30:02] Detected model: moonshot/kimi-k2.7-code
[2026-07-05 13:30:02] Expected primary: moonshot/kimi-k2.7-code
[2026-07-05 13:30:02] ✅ Running on primary model (moonshot/kimi-k2.7-code)
[2026-07-05 13:35:02] ============================================================
[2026-07-05 13:35:02] Model Fallback Monitor Check
[2026-07-05 13:35:02] ============================================================
[2026-07-05 13:35:02] Detected model: moonshot/kimi-k2.7-code
[2026-07-05 13:35:02] Expected primary: moonshot/kimi-k2.7-code
[2026-07-05 13:35:02] ✅ Running on primary model (moonshot/kimi-k2.7-code)
[2026-07-05 13:40:02] ============================================================
[2026-07-05 13:40:02] Model Fallback Monitor Check
[2026-07-05 13:40:02] ============================================================
[2026-07-05 13:40:02] Detected model: moonshot/kimi-k2.7-code
[2026-07-05 13:40:02] Expected primary: moonshot/kimi-k2.7-code
[2026-07-05 13:40:02] ✅ Running on primary model (moonshot/kimi-k2.7-code)
[2026-07-05 13:45:02] ============================================================
[2026-07-05 13:45:02] Model Fallback Monitor Check
[2026-07-05 13:45:02] ============================================================
[2026-07-05 13:45:02] Detected model: moonshot/kimi-k2.7-code
[2026-07-05 13:45:02] Expected primary: moonshot/kimi-k2.7-code
[2026-07-05 13:45:02] ✅ Running on primary model (moonshot/kimi-k2.7-code)
[2026-07-05 13:50:01] ============================================================
[2026-07-05 13:50:01] Model Fallback Monitor Check
[2026-07-05 13:50:01] ============================================================
[2026-07-05 13:50:01] Detected model: moonshot/kimi-k2.7-code
[2026-07-05 13:50:01] Expected primary: moonshot/kimi-k2.7-code
[2026-07-05 13:50:01] ✅ Running on primary model (moonshot/kimi-k2.7-code)
[2026-07-05 13:55:02] ============================================================
[2026-07-05 13:55:02] Model Fallback Monitor Check
[2026-07-05 13:55:02] ============================================================
[2026-07-05 13:55:02] Detected model: moonshot/kimi-k2.7-code
[2026-07-05 13:55:02] Expected primary: moonshot/kimi-k2.7-code
[2026-07-05 13:55:02] ✅ Running on primary model (moonshot/kimi-k2.7-code)
[2026-07-05 14:00:03] ============================================================
[2026-07-05 14:00:03] Model Fallback Monitor Check
[2026-07-05 14:00:03] ============================================================
[2026-07-05 14:00:03] Detected model: moonshot/kimi-k2.7-code
[2026-07-05 14:00:03] Expected primary: moonshot/kimi-k2.7-code
[2026-07-05 14:00:03] ✅ Running on primary model (moonshot/kimi-k2.7-code)
[2026-07-05 14:05:02] ============================================================
[2026-07-05 14:05:02] Model Fallback Monitor Check
[2026-07-05 14:05:02] ============================================================
[2026-07-05 14:05:02] Detected model: moonshot/kimi-k2.7-code
[2026-07-05 14:05:02] Expected primary: moonshot/kimi-k2.7-code
[2026-07-05 14:05:02] ✅ Running on primary model (moonshot/kimi-k2.7-code)
[2026-07-05 14:10:03] ============================================================
[2026-07-05 14:10:03] Model Fallback Monitor Check
[2026-07-05 14:10:03] ============================================================
[2026-07-05 14:10:03] Detected model: moonshot/kimi-k2.7-code
[2026-07-05 14:10:03] Expected primary: moonshot/kimi-k2.7-code
[2026-07-05 14:10:03] ✅ Running on primary model (moonshot/kimi-k2.7-code)
[2026-07-05 14:15:02] ============================================================
[2026-07-05 14:15:02] Model Fallback Monitor Check
[2026-07-05 14:15:02] ============================================================
[2026-07-05 14:15:02] Detected model: moonshot/kimi-k2.7-code
[2026-07-05 14:15:02] Expected primary: moonshot/kimi-k2.7-code
[2026-07-05 14:15:02] ✅ Running on primary model (moonshot/kimi-k2.7-code)
[2026-07-05 14:20:02] ============================================================
[2026-07-05 14:20:02] Model Fallback Monitor Check
[2026-07-05 14:20:02] ============================================================
[2026-07-05 14:20:02] Detected model: moonshot/kimi-k2.7-code
[2026-07-05 14:20:02] Expected primary: moonshot/kimi-k2.7-code
[2026-07-05 14:20:02] ✅ Running on primary model (moonshot/kimi-k2.7-code)
[2026-07-05 14:25:01] ============================================================
[2026-07-05 14:25:01] Model Fallback Monitor Check
[2026-07-05 14:25:01] ============================================================
[2026-07-05 14:25:01] Detected model: moonshot/kimi-k2.7-code
[2026-07-05 14:25:01] Expected primary: moonshot/kimi-k2.7-code
[2026-07-05 14:25:01] ✅ Running on primary model (moonshot/kimi-k2.7-code)
[2026-07-05 14:30:02] ============================================================
[2026-07-05 14:30:02] Model Fallback Monitor Check
[2026-07-05 14:30:02] ============================================================
[2026-07-05 14:30:02] Detected model: moonshot/kimi-k2.7-code
[2026-07-05 14:30:02] Expected primary: moonshot/kimi-k2.7-code
[2026-07-05 14:30:02] ✅ Running on primary model (moonshot/kimi-k2.7-code)
[2026-07-05 14:35:02] ============================================================
[2026-07-05 14:35:02] Model Fallback Monitor Check
[2026-07-05 14:35:02] ============================================================
[2026-07-05 14:35:02] Detected model: moonshot/kimi-k2.7-code
[2026-07-05 14:35:02] Expected primary: moonshot/kimi-k2.7-code
[2026-07-05 14:35:02] ✅ Running on primary model (moonshot/kimi-k2.7-code)
[2026-07-05 14:40:02] ============================================================
[2026-07-05 14:40:02] Model Fallback Monitor Check
[2026-07-05 14:40:02] ============================================================
[2026-07-05 14:40:02] Detected model: moonshot/kimi-k2.7-code
[2026-07-05 14:40:02] Expected primary: moonshot/kimi-k2.7-code
[2026-07-05 14:40:02] ✅ Running on primary model (moonshot/kimi-k2.7-code)
[2026-07-05 14:45:01] ============================================================
[2026-07-05 14:45:01] Model Fallback Monitor Check
[2026-07-05 14:45:01] ============================================================
[2026-07-05 14:45:01] Detected model: moonshot/kimi-k2.7-code
[2026-07-05 14:45:01] Expected primary: moonshot/kimi-k2.7-code
[2026-07-05 14:45:01] ✅ Running on primary model (moonshot/kimi-k2.7-code)
[2026-07-05 14:50:01] ============================================================
[2026-07-05 14:50:01] Model Fallback Monitor Check
[2026-07-05 14:50:01] ============================================================
[2026-07-05 14:50:01] Detected model: moonshot/kimi-k2.7-code
[2026-07-05 14:50:01] Expected primary: moonshot/kimi-k2.7-code
[2026-07-05 14:50:01] ✅ Running on primary model (moonshot/kimi-k2.7-code)
[2026-07-05 14:55:02] ============================================================
[2026-07-05 14:55:02] Model Fallback Monitor Check
[2026-07-05 14:55:02] ============================================================
[2026-07-05 14:55:02] Detected model: moonshot/kimi-k2.7-code
[2026-07-05 14:55:02] Expected primary: moonshot/kimi-k2.7-code
[2026-07-05 14:55:02] ✅ Running on primary model (moonshot/kimi-k2.7-code)
[2026-07-05 15:00:02] ============================================================
[2026-07-05 15:00:02] Model Fallback Monitor Check
[2026-07-05 15:00:02] ============================================================
[2026-07-05 15:00:02] Detected model: moonshot/kimi-k2.7-code
[2026-07-05 15:00:02] Expected primary: moonshot/kimi-k2.7-code
[2026-07-05 15:00:02] ✅ Running on primary model (moonshot/kimi-k2.7-code)
[2026-07-05 15:05:03] ============================================================
[2026-07-05 15:05:03] Model Fallback Monitor Check
[2026-07-05 15:05:03] ============================================================
[2026-07-05 15:05:03] Detected model: moonshot/kimi-k2.7-code
[2026-07-05 15:05:03] Expected primary: moonshot/kimi-k2.7-code
[2026-07-05 15:05:03] ✅ Running on primary model (moonshot/kimi-k2.7-code)
[2026-07-05 15:10:02] ============================================================
[2026-07-05 15:10:02] Model Fallback Monitor Check
[2026-07-05 15:10:02] ============================================================
[2026-07-05 15:10:02] Detected model: moonshot/kimi-k2.7-code
[2026-07-05 15:10:02] Expected primary: moonshot/kimi-k2.7-code
[2026-07-05 15:10:02] ✅ Running on primary model (moonshot/kimi-k2.7-code)
[2026-07-05 15:15:02] ============================================================
[2026-07-05 15:15:02] Model Fallback Monitor Check
[2026-07-05 15:15:02] ============================================================
[2026-07-05 15:15:02] Detected model: moonshot/kimi-k2.7-code
[2026-07-05 15:15:02] Expected primary: moonshot/kimi-k2.7-code
[2026-07-05 15:15:02] ✅ Running on primary model (moonshot/kimi-k2.7-code)
[2026-07-05 15:20:02] ============================================================
[2026-07-05 15:20:02] Model Fallback Monitor Check
[2026-07-05 15:20:02] ============================================================
[2026-07-05 15:20:02] Detected model: moonshot/kimi-k2.7-code
[2026-07-05 15:20:02] Expected primary: moonshot/kimi-k2.7-code
[2026-07-05 15:20:02] ✅ Running on primary model (moonshot/kimi-k2.7-code)
[2026-07-05 15:25:02] ============================================================
[2026-07-05 15:25:02] Model Fallback Monitor Check
[2026-07-05 15:25:02] ============================================================
[2026-07-05 15:25:02] Detected model: moonshot/kimi-k2.7-code
[2026-07-05 15:25:02] Expected primary: moonshot/kimi-k2.7-code
[2026-07-05 15:25:02] ✅ Running on primary model (moonshot/kimi-k2.7-code)
[2026-07-05 15:30:02] ============================================================
[2026-07-05 15:30:02] Model Fallback Monitor Check
[2026-07-05 15:30:02] ============================================================
[2026-07-05 15:30:02] Detected model: moonshot/kimi-k2.7-code
[2026-07-05 15:30:02] Expected primary: moonshot/kimi-k2.7-code
[2026-07-05 15:30:02] ✅ Running on primary model (moonshot/kimi-k2.7-code)
[2026-07-05 15:35:02] ============================================================
[2026-07-05 15:35:02] Model Fallback Monitor Check
[2026-07-05 15:35:02] ============================================================
[2026-07-05 15:35:02] Detected model: moonshot/kimi-k2.7-code
[2026-07-05 15:35:02] Expected primary: moonshot/kimi-k2.7-code
[2026-07-05 15:35:02] ✅ Running on primary model (moonshot/kimi-k2.7-code)
[2026-07-05 15:40:01] ============================================================
[2026-07-05 15:40:01] Model Fallback Monitor Check
[2026-07-05 15:40:01] ============================================================
[2026-07-05 15:40:01] Detected model: moonshot/kimi-k2.7-code
[2026-07-05 15:40:01] Expected primary: moonshot/kimi-k2.7-code
[2026-07-05 15:40:01] ✅ Running on primary model (moonshot/kimi-k2.7-code)
[2026-07-05 15:45:02] ============================================================
[2026-07-05 15:45:02] Model Fallback Monitor Check
[2026-07-05 15:45:02] ============================================================
[2026-07-05 15:45:02] Detected model: moonshot/kimi-k2.7-code
[2026-07-05 15:45:02] Expected primary: moonshot/kimi-k2.7-code
[2026-07-05 15:45:02] ✅ Running on primary model (moonshot/kimi-k2.7-code)
[2026-07-05 15:50:01] ============================================================
[2026-07-05 15:50:01] Model Fallback Monitor Check
[2026-07-05 15:50:01] ============================================================
[2026-07-05 15:50:01] Detected model: moonshot/kimi-k2.7-code
[2026-07-05 15:50:01] Expected primary: moonshot/kimi-k2.7-code
[2026-07-05 15:50:01] ✅ Running on primary model (moonshot/kimi-k2.7-code)
[2026-07-05 15:55:01] ============================================================
[2026-07-05 15:55:01] Model Fallback Monitor Check
[2026-07-05 15:55:01] ============================================================
[2026-07-05 15:55:01] Detected model: moonshot/kimi-k2.7-code
[2026-07-05 15:55:02] Expected primary: moonshot/kimi-k2.7-code
[2026-07-05 15:55:02] ✅ Running on primary model (moonshot/kimi-k2.7-code)
[2026-07-05 16:00:03] ============================================================
[2026-07-05 16:00:03] Model Fallback Monitor Check
[2026-07-05 16:00:03] ============================================================
[2026-07-05 16:00:03] Detected model: moonshot/kimi-k2.7-code
[2026-07-05 16:00:03] Expected primary: moonshot/kimi-k2.7-code
[2026-07-05 16:00:03] ✅ Running on primary model (moonshot/kimi-k2.7-code)
[2026-07-05 16:05:02] ============================================================
[2026-07-05 16:05:02] Model Fallback Monitor Check
[2026-07-05 16:05:02] ============================================================
[2026-07-05 16:05:02] Detected model: moonshot/kimi-k2.7-code
[2026-07-05 16:05:02] Expected primary: moonshot/kimi-k2.7-code
[2026-07-05 16:05:02] ✅ Running on primary model (moonshot/kimi-k2.7-code)
[2026-07-05 16:10:02] ============================================================
[2026-07-05 16:10:02] Model Fallback Monitor Check
[2026-07-05 16:10:02] ============================================================
[2026-07-05 16:10:02] Detected model: moonshot/kimi-k2.7-code
[2026-07-05 16:10:02] Expected primary: moonshot/kimi-k2.7-code
[2026-07-05 16:10:02] ✅ Running on primary model (moonshot/kimi-k2.7-code)
[2026-07-05 16:15:02] ============================================================
[2026-07-05 16:15:02] Model Fallback Monitor Check
[2026-07-05 16:15:02] ============================================================
[2026-07-05 16:15:02] Detected model: moonshot/kimi-k2.7-code
[2026-07-05 16:15:02] Expected primary: moonshot/kimi-k2.7-code
[2026-07-05 16:15:02] ✅ Running on primary model (moonshot/kimi-k2.7-code)
[2026-07-05 16:20:02] ============================================================
[2026-07-05 16:20:02] Model Fallback Monitor Check
[2026-07-05 16:20:02] ============================================================
[2026-07-05 16:20:02] Detected model: moonshot/kimi-k2.7-code
[2026-07-05 16:20:02] Expected primary: moonshot/kimi-k2.7-code
[2026-07-05 16:20:02] ✅ Running on primary model (moonshot/kimi-k2.7-code)
[2026-07-05 16:25:02] ============================================================
[2026-07-05 16:25:02] Model Fallback Monitor Check
[2026-07-05 16:25:02] ============================================================
[2026-07-05 16:25:02] Detected model: moonshot/kimi-k2.7-code
[2026-07-05 16:25:02] Expected primary: moonshot/kimi-k2.7-code
[2026-07-05 16:25:02] ✅ Running on primary model (moonshot/kimi-k2.7-code)
[2026-07-05 16:30:02] ============================================================
[2026-07-05 16:30:02] Model Fallback Monitor Check
[2026-07-05 16:30:02] ============================================================
[2026-07-05 16:30:02] Detected model: moonshot/kimi-k2.7-code
[2026-07-05 16:30:02] Expected primary: moonshot/kimi-k2.7-code
[2026-07-05 16:30:02] ✅ Running on primary model (moonshot/kimi-k2.7-code)
[2026-07-05 16:35:01] ============================================================
[2026-07-05 16:35:01] Model Fallback Monitor Check
[2026-07-05 16:35:01] ============================================================
[2026-07-05 16:35:01] Detected model: moonshot/kimi-k2.7-code
[2026-07-05 16:35:01] Expected primary: moonshot/kimi-k2.7-code
[2026-07-05 16:35:01] ✅ Running on primary model (moonshot/kimi-k2.7-code)
[2026-07-05 16:40:02] ============================================================
[2026-07-05 16:40:02] Model Fallback Monitor Check
[2026-07-05 16:40:02] ============================================================
[2026-07-05 16:40:02] Detected model: moonshot/kimi-k2.7-code
[2026-07-05 16:40:02] Expected primary: moonshot/kimi-k2.7-code
[2026-07-05 16:40:02] ✅ Running on primary model (moonshot/kimi-k2.7-code)
[2026-07-05 16:45:02] ============================================================
[2026-07-05 16:45:02] Model Fallback Monitor Check
[2026-07-05 16:45:02] ============================================================
[2026-07-05 16:45:02] Detected model: moonshot/kimi-k2.7-code
[2026-07-05 16:45:02] Expected primary: moonshot/kimi-k2.7-code
[2026-07-05 16:45:02] ✅ Running on primary model (moonshot/kimi-k2.7-code)
[2026-07-05 16:50:01] ============================================================
[2026-07-05 16:50:01] Model Fallback Monitor Check
[2026-07-05 16:50:01] ============================================================
[2026-07-05 16:50:01] Detected model: moonshot/kimi-k2.7-code
[2026-07-05 16:50:01] Expected primary: moonshot/kimi-k2.7-code
[2026-07-05 16:50:01] ✅ Running on primary model (moonshot/kimi-k2.7-code)
[2026-07-05 16:55:02] ============================================================
[2026-07-05 16:55:02] Model Fallback Monitor Check
[2026-07-05 16:55:02] ============================================================
[2026-07-05 16:55:02] Detected model: moonshot/kimi-k2.7-code
[2026-07-05 16:55:02] Expected primary: moonshot/kimi-k2.7-code
[2026-07-05 16:55:02] ✅ Running on primary model (moonshot/kimi-k2.7-code)
[2026-07-05 17:00:02] ============================================================
[2026-07-05 17:00:02] Model Fallback Monitor Check
[2026-07-05 17:00:02] ============================================================
[2026-07-05 17:00:02] Detected model: moonshot/kimi-k2.7-code
[2026-07-05 17:00:02] Expected primary: moonshot/kimi-k2.7-code
[2026-07-05 17:00:02] ✅ Running on primary model (moonshot/kimi-k2.7-code)
[2026-07-05 17:05:02] ============================================================
[2026-07-05 17:05:02] Model Fallback Monitor Check
[2026-07-05 17:05:02] ============================================================
[2026-07-05 17:05:02] Detected model: moonshot/kimi-k2.7-code
[2026-07-05 17:05:02] Expected primary: moonshot/kimi-k2.7-code
[2026-07-05 17:05:02] ✅ Running on primary model (moonshot/kimi-k2.7-code)
[2026-07-05 17:10:02] ============================================================
[2026-07-05 17:10:02] Model Fallback Monitor Check
[2026-07-05 17:10:02] ============================================================
[2026-07-05 17:10:02] Detected model: moonshot/kimi-k2.7-code
[2026-07-05 17:10:02] Expected primary: moonshot/kimi-k2.7-code
[2026-07-05 17:10:02] ✅ Running on primary model (moonshot/kimi-k2.7-code)
[2026-07-05 17:15:02] ============================================================
[2026-07-05 17:15:02] Model Fallback Monitor Check
[2026-07-05 17:15:02] ============================================================
[2026-07-05 17:15:02] Detected model: moonshot/kimi-k2.7-code
[2026-07-05 17:15:02] Expected primary: moonshot/kimi-k2.7-code
[2026-07-05 17:15:02] ✅ Running on primary model (moonshot/kimi-k2.7-code)
[2026-07-05 17:20:02] ============================================================
[2026-07-05 17:20:02] Model Fallback Monitor Check
[2026-07-05 17:20:02] ============================================================
[2026-07-05 17:20:02] Detected model: moonshot/kimi-k2.7-code
[2026-07-05 17:20:02] Expected primary: moonshot/kimi-k2.7-code
[2026-07-05 17:20:02] ✅ Running on primary model (moonshot/kimi-k2.7-code)
[2026-07-05 17:25:02] ============================================================
[2026-07-05 17:25:02] Model Fallback Monitor Check
[2026-07-05 17:25:02] ============================================================
[2026-07-05 17:25:02] Detected model: moonshot/kimi-k2.7-code
[2026-07-05 17:25:02] Expected primary: moonshot/kimi-k2.7-code
[2026-07-05 17:25:02] ✅ Running on primary model (moonshot/kimi-k2.7-code)
[2026-07-05 17:30:02] ============================================================
[2026-07-05 17:30:02] Model Fallback Monitor Check
[2026-07-05 17:30:02] ============================================================
[2026-07-05 17:30:02] Detected model: moonshot/kimi-k2.7-code
[2026-07-05 17:30:02] Expected primary: moonshot/kimi-k2.7-code
[2026-07-05 17:30:02] ✅ Running on primary model (moonshot/kimi-k2.7-code)
[2026-07-05 17:35:01] ============================================================
[2026-07-05 17:35:01] Model Fallback Monitor Check
[2026-07-05 17:35:01] ============================================================
[2026-07-05 17:35:01] Detected model: moonshot/kimi-k2.7-code
[2026-07-05 17:35:01] Expected primary: moonshot/kimi-k2.7-code
[2026-07-05 17:35:01] ✅ Running on primary model (moonshot/kimi-k2.7-code)
[2026-07-05 17:40:02] ============================================================
[2026-07-05 17:40:02] Model Fallback Monitor Check
[2026-07-05 17:40:02] ============================================================
[2026-07-05 17:40:02] Detected model: moonshot/kimi-k2.7-code
[2026-07-05 17:40:02] Expected primary: moonshot/kimi-k2.7-code
[2026-07-05 17:40:02] ✅ Running on primary model (moonshot/kimi-k2.7-code)
[2026-07-05 17:45:02] ============================================================
[2026-07-05 17:45:02] Model Fallback Monitor Check
[2026-07-05 17:45:02] ============================================================
[2026-07-05 17:45:02] Detected model: moonshot/kimi-k2.7-code
[2026-07-05 17:45:02] Expected primary: moonshot/kimi-k2.7-code
[2026-07-05 17:45:02] ✅ Running on primary model (moonshot/kimi-k2.7-code)
[2026-07-05 17:45:02] 🟢 Recovered to primary model!
[2026-07-05 17:45:04] ✅ Recovery email sent successfully
[2026-07-05 17:50:02] ============================================================
[2026-07-05 17:50:02] Model Fallback Monitor Check
[2026-07-05 17:50:02] ============================================================
[2026-07-05 17:50:02] Detected model: moonshot/kimi-k2.7-code
[2026-07-05 17:50:02] Expected primary: moonshot/kimi-k2.7-code
[2026-07-05 17:50:02] ✅ Running on primary model (moonshot/kimi-k2.7-code)
[2026-07-05 17:55:02] ============================================================
[2026-07-05 17:55:02] Model Fallback Monitor Check
[2026-07-05 17:55:02] ============================================================
[2026-07-05 17:55:02] Detected model: moonshot/kimi-k2.7-code
[2026-07-05 17:55:02] Expected primary: moonshot/kimi-k2.7-code
[2026-07-05 17:55:02] ✅ Running on primary model (moonshot/kimi-k2.7-code)
[2026-07-05 18:00:03] ============================================================
[2026-07-05 18:00:03] Model Fallback Monitor Check
[2026-07-05 18:00:03] ============================================================
[2026-07-05 18:00:03] Detected model: moonshot/kimi-k2.7-code
[2026-07-05 18:00:03] Expected primary: moonshot/kimi-k2.7-code
[2026-07-05 18:00:03] ✅ Running on primary model (moonshot/kimi-k2.7-code)
[2026-07-05 18:05:01] ============================================================
[2026-07-05 18:05:01] Model Fallback Monitor Check
[2026-07-05 18:05:01] ============================================================
[2026-07-05 18:05:01] Detected model: moonshot/kimi-k2.7-code
[2026-07-05 18:05:01] Expected primary: moonshot/kimi-k2.7-code
[2026-07-05 18:05:01] ✅ Running on primary model (moonshot/kimi-k2.7-code)
[2026-07-05 18:10:02] ============================================================
[2026-07-05 18:10:02] Model Fallback Monitor Check
[2026-07-05 18:10:02] ============================================================
[2026-07-05 18:10:02] Detected model: moonshot/kimi-k2.7-code
[2026-07-05 18:10:02] Expected primary: moonshot/kimi-k2.7-code
[2026-07-05 18:10:02] ✅ Running on primary model (moonshot/kimi-k2.7-code)
[2026-07-05 18:15:02] ============================================================
[2026-07-05 18:15:02] Model Fallback Monitor Check
[2026-07-05 18:15:02] ============================================================
[2026-07-05 18:15:02] Detected model: moonshot/kimi-k2.7-code
[2026-07-05 18:15:02] Expected primary: moonshot/kimi-k2.7-code
[2026-07-05 18:15:02] ✅ Running on primary model (moonshot/kimi-k2.7-code)
[2026-07-05 18:20:01] ============================================================
[2026-07-05 18:20:01] Model Fallback Monitor Check
[2026-07-05 18:20:01] ============================================================
[2026-07-05 18:20:01] Detected model: moonshot/kimi-k2.7-code
[2026-07-05 18:20:01] Expected primary: moonshot/kimi-k2.7-code
[2026-07-05 18:20:01] ✅ Running on primary model (moonshot/kimi-k2.7-code)
[2026-07-05 18:25:02] ============================================================
[2026-07-05 18:25:02] Model Fallback Monitor Check
[2026-07-05 18:25:02] ============================================================
[2026-07-05 18:25:02] Detected model: moonshot/kimi-k2.7-code
[2026-07-05 18:25:02] Expected primary: moonshot/kimi-k2.7-code
[2026-07-05 18:25:02] ✅ Running on primary model (moonshot/kimi-k2.7-code)
[2026-07-05 18:30:02] ============================================================
[2026-07-05 18:30:02] Model Fallback Monitor Check
[2026-07-05 18:30:02] ============================================================
[2026-07-05 18:30:02] Detected model: moonshot/kimi-k2.7-code
[2026-07-05 18:30:02] Expected primary: moonshot/kimi-k2.7-code
[2026-07-05 18:30:02] ✅ Running on primary model (moonshot/kimi-k2.7-code)
[2026-07-05 18:35:02] ============================================================
[2026-07-05 18:35:02] Model Fallback Monitor Check
[2026-07-05 18:35:02] ============================================================
[2026-07-05 18:35:02] Detected model: moonshot/kimi-k2.7-code
[2026-07-05 18:35:02] Expected primary: moonshot/kimi-k2.7-code
[2026-07-05 18:35:02] ✅ Running on primary model (moonshot/kimi-k2.7-code)
[2026-07-05 18:40:02] ============================================================
[2026-07-05 18:40:02] Model Fallback Monitor Check
[2026-07-05 18:40:02] ============================================================
[2026-07-05 18:40:02] Detected model: moonshot/kimi-k2.7-code
[2026-07-05 18:40:02] Expected primary: moonshot/kimi-k2.7-code
[2026-07-05 18:40:02] ✅ Running on primary model (moonshot/kimi-k2.7-code)
[2026-07-05 18:45:03] ============================================================
[2026-07-05 18:45:03] Model Fallback Monitor Check
[2026-07-05 18:45:03] ============================================================
[2026-07-05 18:45:03] Detected model: moonshot/kimi-k2.7-code
[2026-07-05 18:45:03] Expected primary: moonshot/kimi-k2.7-code
[2026-07-05 18:45:03] ✅ Running on primary model (moonshot/kimi-k2.7-code)
[2026-07-05 18:50:02] ============================================================
[2026-07-05 18:50:02] Model Fallback Monitor Check
[2026-07-05 18:50:02] ============================================================
[2026-07-05 18:50:02] Detected model: moonshot/kimi-k2.7-code
[2026-07-05 18:50:02] Expected primary: moonshot/kimi-k2.7-code
[2026-07-05 18:50:02] ✅ Running on primary model (moonshot/kimi-k2.7-code)
[2026-07-05 18:55:02] ============================================================
[2026-07-05 18:55:02] Model Fallback Monitor Check
[2026-07-05 18:55:02] ============================================================
[2026-07-05 18:55:02] Detected model: moonshot/kimi-k2.7-code
[2026-07-05 18:55:02] Expected primary: moonshot/kimi-k2.7-code
[2026-07-05 18:55:02] ✅ Running on primary model (moonshot/kimi-k2.7-code)
[2026-07-05 19:00:02] ============================================================
[2026-07-05 19:00:02] Model Fallback Monitor Check
[2026-07-05 19:00:02] ============================================================
[2026-07-05 19:00:02] Detected model: moonshot/kimi-k2.7-code
[2026-07-05 19:00:02] Expected primary: moonshot/kimi-k2.7-code
[2026-07-05 19:00:02] ✅ Running on primary model (moonshot/kimi-k2.7-code)
[2026-07-05 19:05:02] ============================================================
[2026-07-05 19:05:02] Model Fallback Monitor Check
[2026-07-05 19:05:02] ============================================================
[2026-07-05 19:05:02] Detected model: moonshot/kimi-k2.7-code
[2026-07-05 19:05:02] Expected primary: moonshot/kimi-k2.7-code
[2026-07-05 19:05:02] ✅ Running on primary model (moonshot/kimi-k2.7-code)
[2026-07-05 19:10:02] ============================================================
[2026-07-05 19:10:02] Model Fallback Monitor Check
[2026-07-05 19:10:02] ============================================================
[2026-07-05 19:10:02] Detected model: moonshot/kimi-k2.7-code
[2026-07-05 19:10:02] Expected primary: moonshot/kimi-k2.7-code
[2026-07-05 19:10:02] ✅ Running on primary model (moonshot/kimi-k2.7-code)
[2026-07-05 19:15:02] ============================================================
[2026-07-05 19:15:02] Model Fallback Monitor Check
[2026-07-05 19:15:02] ============================================================
[2026-07-05 19:15:02] Detected model: moonshot/kimi-k2.7-code
[2026-07-05 19:15:02] Expected primary: moonshot/kimi-k2.7-code
[2026-07-05 19:15:02] ✅ Running on primary model (moonshot/kimi-k2.7-code)
[2026-07-05 19:20:02] ============================================================
[2026-07-05 19:20:02] Model Fallback Monitor Check
[2026-07-05 19:20:02] ============================================================
[2026-07-05 19:20:02] Detected model: moonshot/kimi-k2.7-code
[2026-07-05 19:20:02] Expected primary: moonshot/kimi-k2.7-code
[2026-07-05 19:20:02] ✅ Running on primary model (moonshot/kimi-k2.7-code)
[2026-07-05 19:25:02] ============================================================
[2026-07-05 19:25:02] Model Fallback Monitor Check
[2026-07-05 19:25:02] ============================================================
[2026-07-05 19:25:02] Detected model: moonshot/kimi-k2.7-code
[2026-07-05 19:25:02] Expected primary: moonshot/kimi-k2.7-code
[2026-07-05 19:25:02] ✅ Running on primary model (moonshot/kimi-k2.7-code)
[2026-07-05 19:30:02] ============================================================
[2026-07-05 19:30:02] Model Fallback Monitor Check
[2026-07-05 19:30:02] ============================================================
[2026-07-05 19:30:02] Detected model: moonshot/kimi-k2.7-code
[2026-07-05 19:30:02] Expected primary: moonshot/kimi-k2.7-code
[2026-07-05 19:30:02] ✅ Running on primary model (moonshot/kimi-k2.7-code)
[2026-07-05 19:35:02] ============================================================
[2026-07-05 19:35:02] Model Fallback Monitor Check
[2026-07-05 19:35:02] ============================================================
[2026-07-05 19:35:02] Detected model: moonshot/kimi-k2.7-code
[2026-07-05 19:35:02] Expected primary: moonshot/kimi-k2.7-code
[2026-07-05 19:35:02] ✅ Running on primary model (moonshot/kimi-k2.7-code)
[2026-07-05 19:40:03] ============================================================
[2026-07-05 19:40:03] Model Fallback Monitor Check
[2026-07-05 19:40:03] ============================================================
[2026-07-05 19:40:03] Detected model: moonshot/kimi-k2.7-code
[2026-07-05 19:40:03] Expected primary: moonshot/kimi-k2.7-code
[2026-07-05 19:40:03] ✅ Running on primary model (moonshot/kimi-k2.7-code)
[2026-07-05 19:45:02] ============================================================
[2026-07-05 19:45:02] Model Fallback Monitor Check
[2026-07-05 19:45:02] ============================================================
[2026-07-05 19:45:02] Detected model: moonshot/kimi-k2.7-code
[2026-07-05 19:45:02] Expected primary: moonshot/kimi-k2.7-code
[2026-07-05 19:45:02] ✅ Running on primary model (moonshot/kimi-k2.7-code)
[2026-07-05 19:50:01] ============================================================
[2026-07-05 19:50:01] Model Fallback Monitor Check
[2026-07-05 19:50:01] ============================================================
[2026-07-05 19:50:01] Detected model: moonshot/kimi-k2.7-code
[2026-07-05 19:50:01] Expected primary: moonshot/kimi-k2.7-code
[2026-07-05 19:50:01] ✅ Running on primary model (moonshot/kimi-k2.7-code)
[2026-07-05 19:55:02] ============================================================
[2026-07-05 19:55:02] Model Fallback Monitor Check
[2026-07-05 19:55:02] ============================================================
[2026-07-05 19:55:02] Detected model: moonshot/kimi-k2.7-code
[2026-07-05 19:55:02] Expected primary: moonshot/kimi-k2.7-code
[2026-07-05 19:55:02] ✅ Running on primary model (moonshot/kimi-k2.7-code)
[2026-07-05 20:00:02] ============================================================
[2026-07-05 20:00:02] Model Fallback Monitor Check
[2026-07-05 20:00:02] ============================================================
[2026-07-05 20:00:02] Detected model: moonshot/kimi-k2.7-code
[2026-07-05 20:00:02] Expected primary: moonshot/kimi-k2.7-code
[2026-07-05 20:00:02] ✅ Running on primary model (moonshot/kimi-k2.7-code)
[2026-07-05 20:05:02] ============================================================
[2026-07-05 20:05:02] Model Fallback Monitor Check
[2026-07-05 20:05:02] ============================================================
[2026-07-05 20:05:02] Detected model: moonshot/kimi-k2.7-code
[2026-07-05 20:05:02] Expected primary: moonshot/kimi-k2.7-code
[2026-07-05 20:05:02] ✅ Running on primary model (moonshot/kimi-k2.7-code)
[2026-07-05 20:10:02] ============================================================
[2026-07-05 20:10:02] Model Fallback Monitor Check
[2026-07-05 20:10:02] ============================================================
[2026-07-05 20:10:02] Detected model: moonshot/kimi-k2.7-code
[2026-07-05 20:10:02] Expected primary: moonshot/kimi-k2.7-code
[2026-07-05 20:10:02] ✅ Running on primary model (moonshot/kimi-k2.7-code)
[2026-07-05 20:15:02] ============================================================
[2026-07-05 20:15:02] Model Fallback Monitor Check
[2026-07-05 20:15:02] ============================================================
[2026-07-05 20:15:02] Detected model: moonshot/kimi-k2.7-code
[2026-07-05 20:15:02] Expected primary: moonshot/kimi-k2.7-code
[2026-07-05 20:15:02] ✅ Running on primary model (moonshot/kimi-k2.7-code)
[2026-07-05 20:20:02] ============================================================
[2026-07-05 20:20:02] Model Fallback Monitor Check
[2026-07-05 20:20:02] ============================================================
[2026-07-05 20:20:02] Detected model: moonshot/kimi-k2.7-code
[2026-07-05 20:20:02] Expected primary: moonshot/kimi-k2.7-code
[2026-07-05 20:20:02] ✅ Running on primary model (moonshot/kimi-k2.7-code)
[2026-07-05 20:25:02] ============================================================
[2026-07-05 20:25:02] Model Fallback Monitor Check
[2026-07-05 20:25:02] ============================================================
[2026-07-05 20:25:02] Detected model: moonshot/kimi-k2.7-code
[2026-07-05 20:25:02] Expected primary: moonshot/kimi-k2.7-code
[2026-07-05 20:25:02] ✅ Running on primary model (moonshot/kimi-k2.7-code)
[2026-07-05 20:30:02] ============================================================
[2026-07-05 20:30:02] Model Fallback Monitor Check
[2026-07-05 20:30:02] ============================================================
[2026-07-05 20:30:02] Detected model: moonshot/kimi-k2.7-code
[2026-07-05 20:30:02] Expected primary: moonshot/kimi-k2.7-code
[2026-07-05 20:30:02] ✅ Running on primary model (moonshot/kimi-k2.7-code)
[2026-07-05 20:35:02] ============================================================
[2026-07-05 20:35:02] Model Fallback Monitor Check
[2026-07-05 20:35:02] ============================================================
[2026-07-05 20:35:02] Detected model: moonshot/kimi-k2.7-code
[2026-07-05 20:35:02] Expected primary: moonshot/kimi-k2.7-code
[2026-07-05 20:35:02] ✅ Running on primary model (moonshot/kimi-k2.7-code)
[2026-07-05 20:40:01] ============================================================
[2026-07-05 20:40:01] Model Fallback Monitor Check
[2026-07-05 20:40:01] ============================================================
[2026-07-05 20:40:01] Detected model: moonshot/kimi-k2.7-code
[2026-07-05 20:40:01] Expected primary: moonshot/kimi-k2.7-code
[2026-07-05 20:40:01] ✅ Running on primary model (moonshot/kimi-k2.7-code)
[2026-07-05 20:45:01] ============================================================
[2026-07-05 20:45:01] Model Fallback Monitor Check
[2026-07-05 20:45:01] ============================================================
[2026-07-05 20:45:01] Detected model: moonshot/kimi-k2.7-code
[2026-07-05 20:45:01] Expected primary: moonshot/kimi-k2.7-code
[2026-07-05 20:45:01] ✅ Running on primary model (moonshot/kimi-k2.7-code)
[2026-07-05 20:50:01] ============================================================
[2026-07-05 20:50:01] Model Fallback Monitor Check
[2026-07-05 20:50:01] ============================================================
[2026-07-05 20:50:01] Detected model: moonshot/kimi-k2.7-code
[2026-07-05 20:50:01] Expected primary: moonshot/kimi-k2.7-code
[2026-07-05 20:50:01] ✅ Running on primary model (moonshot/kimi-k2.7-code)
[2026-07-05 20:55:02] ============================================================
[2026-07-05 20:55:02] Model Fallback Monitor Check
[2026-07-05 20:55:02] ============================================================
[2026-07-05 20:55:02] Detected model: moonshot/kimi-k2.7-code
[2026-07-05 20:55:02] Expected primary: moonshot/kimi-k2.7-code
[2026-07-05 20:55:02] ✅ Running on primary model (moonshot/kimi-k2.7-code)
[2026-07-05 21:00:02] ============================================================
[2026-07-05 21:00:02] Model Fallback Monitor Check
[2026-07-05 21:00:02] ============================================================
[2026-07-05 21:00:02] Detected model: moonshot/kimi-k2.7-code
[2026-07-05 21:00:02] Expected primary: moonshot/kimi-k2.7-code
[2026-07-05 21:00:02] ✅ Running on primary model (moonshot/kimi-k2.7-code)
[2026-07-05 21:05:02] ============================================================
[2026-07-05 21:05:02] Model Fallback Monitor Check
[2026-07-05 21:05:02] ============================================================
[2026-07-05 21:05:02] Detected model: moonshot/kimi-k2.7-code
[2026-07-05 21:05:02] Expected primary: moonshot/kimi-k2.7-code
[2026-07-05 21:05:02] ✅ Running on primary model (moonshot/kimi-k2.7-code)
[2026-07-05 21:10:02] ============================================================
[2026-07-05 21:10:02] Model Fallback Monitor Check
[2026-07-05 21:10:02] ============================================================
[2026-07-05 21:10:02] Detected model: moonshot/kimi-k2.7-code
[2026-07-05 21:10:02] Expected primary: moonshot/kimi-k2.7-code
[2026-07-05 21:10:02] ✅ Running on primary model (moonshot/kimi-k2.7-code)
[2026-07-05 21:15:01] ============================================================
[2026-07-05 21:15:01] Model Fallback Monitor Check
[2026-07-05 21:15:01] ============================================================
[2026-07-05 21:15:01] Detected model: moonshot/kimi-k2.7-code
[2026-07-05 21:15:01] Expected primary: moonshot/kimi-k2.7-code
[2026-07-05 21:15:01] ✅ Running on primary model (moonshot/kimi-k2.7-code)
[2026-07-05 21:20:01] ============================================================
[2026-07-05 21:20:01] Model Fallback Monitor Check
[2026-07-05 21:20:01] ============================================================
[2026-07-05 21:20:01] Detected model: moonshot/kimi-k2.7-code
[2026-07-05 21:20:01] Expected primary: moonshot/kimi-k2.7-code
[2026-07-05 21:20:01] ✅ Running on primary model (moonshot/kimi-k2.7-code)
[2026-07-05 21:25:02] ============================================================
[2026-07-05 21:25:02] Model Fallback Monitor Check
[2026-07-05 21:25:02] ============================================================
[2026-07-05 21:25:02] Detected model: moonshot/kimi-k2.7-code
[2026-07-05 21:25:02] Expected primary: moonshot/kimi-k2.7-code
[2026-07-05 21:25:02] ✅ Running on primary model (moonshot/kimi-k2.7-code)
[2026-07-05 21:30:02] ============================================================
[2026-07-05 21:30:02] Model Fallback Monitor Check
[2026-07-05 21:30:02] ============================================================
[2026-07-05 21:30:02] Detected model: moonshot/kimi-k2.7-code
[2026-07-05 21:30:02] Expected primary: moonshot/kimi-k2.7-code
[2026-07-05 21:30:02] ✅ Running on primary model (moonshot/kimi-k2.7-code)
[2026-07-05 21:35:02] ============================================================
[2026-07-05 21:35:02] Model Fallback Monitor Check
[2026-07-05 21:35:02] ============================================================
[2026-07-05 21:35:02] Detected model: moonshot/kimi-k2.7-code
[2026-07-05 21:35:02] Expected primary: moonshot/kimi-k2.7-code
[2026-07-05 21:35:02] ✅ Running on primary model (moonshot/kimi-k2.7-code)
[2026-07-05 21:40:02] ============================================================
[2026-07-05 21:40:02] Model Fallback Monitor Check
[2026-07-05 21:40:02] ============================================================
[2026-07-05 21:40:02] Detected model: moonshot/kimi-k2.7-code
[2026-07-05 21:40:02] Expected primary: moonshot/kimi-k2.7-code
[2026-07-05 21:40:02] ✅ Running on primary model (moonshot/kimi-k2.7-code)
[2026-07-05 21:45:02] ============================================================
[2026-07-05 21:45:02] Model Fallback Monitor Check
[2026-07-05 21:45:02] ============================================================
[2026-07-05 21:45:02] Detected model: moonshot/kimi-k2.7-code
[2026-07-05 21:45:02] Expected primary: moonshot/kimi-k2.7-code
[2026-07-05 21:45:02] ✅ Running on primary model (moonshot/kimi-k2.7-code)
[2026-07-05 21:50:01] ============================================================
[2026-07-05 21:50:01] Model Fallback Monitor Check
[2026-07-05 21:50:01] ============================================================
[2026-07-05 21:50:01] Detected model: moonshot/kimi-k2.7-code
[2026-07-05 21:50:01] Expected primary: moonshot/kimi-k2.7-code
[2026-07-05 21:50:01] ✅ Running on primary model (moonshot/kimi-k2.7-code)
[2026-07-05 21:55:01] ============================================================
[2026-07-05 21:55:01] Model Fallback Monitor Check
[2026-07-05 21:55:01] ============================================================
[2026-07-05 21:55:01] Detected model: moonshot/kimi-k2.7-code
[2026-07-05 21:55:01] Expected primary: moonshot/kimi-k2.7-code
[2026-07-05 21:55:01] ✅ Running on primary model (moonshot/kimi-k2.7-code)
[2026-07-05 22:00:03] ============================================================
[2026-07-05 22:00:03] Model Fallback Monitor Check
[2026-07-05 22:00:03] ============================================================
[2026-07-05 22:00:03] Detected model: moonshot/kimi-k2.7-code
[2026-07-05 22:00:03] Expected primary: moonshot/kimi-k2.7-code
[2026-07-05 22:00:03] ✅ Running on primary model (moonshot/kimi-k2.7-code)
[2026-07-05 22:05:02] ============================================================
[2026-07-05 22:05:02] Model Fallback Monitor Check
[2026-07-05 22:05:02] ============================================================
[2026-07-05 22:05:02] Detected model: moonshot/kimi-k2.7-code
[2026-07-05 22:05:02] Expected primary: moonshot/kimi-k2.7-code
[2026-07-05 22:05:02] ✅ Running on primary model (moonshot/kimi-k2.7-code)
[2026-07-05 22:10:01] ============================================================
[2026-07-05 22:10:01] Model Fallback Monitor Check
[2026-07-05 22:10:01] ============================================================
[2026-07-05 22:10:01] Detected model: moonshot/kimi-k2.7-code
[2026-07-05 22:10:01] Expected primary: moonshot/kimi-k2.7-code
[2026-07-05 22:10:01] ✅ Running on primary model (moonshot/kimi-k2.7-code)
[2026-07-05 22:15:02] ============================================================
[2026-07-05 22:15:02] Model Fallback Monitor Check
[2026-07-05 22:15:02] ============================================================
[2026-07-05 22:15:02] Detected model: moonshot/kimi-k2.7-code
[2026-07-05 22:15:02] Expected primary: moonshot/kimi-k2.7-code
[2026-07-05 22:15:02] ✅ Running on primary model (moonshot/kimi-k2.7-code)
[2026-07-05 22:20:02] ============================================================
[2026-07-05 22:20:02] Model Fallback Monitor Check
[2026-07-05 22:20:02] ============================================================
[2026-07-05 22:20:02] Detected model: moonshot/kimi-k2.7-code
[2026-07-05 22:20:02] Expected primary: moonshot/kimi-k2.7-code
[2026-07-05 22:20:02] ✅ Running on primary model (moonshot/kimi-k2.7-code)
[2026-07-05 22:25:02] ============================================================
[2026-07-05 22:25:02] Model Fallback Monitor Check
[2026-07-05 22:25:02] ============================================================
[2026-07-05 22:25:02] Detected model: moonshot/kimi-k2.7-code
[2026-07-05 22:25:02] Expected primary: moonshot/kimi-k2.7-code
[2026-07-05 22:25:02] ✅ Running on primary model (moonshot/kimi-k2.7-code)
[2026-07-05 22:30:02] ============================================================
[2026-07-05 22:30:02] Model Fallback Monitor Check
[2026-07-05 22:30:02] ============================================================
[2026-07-05 22:30:02] Detected model: moonshot/kimi-k2.7-code
[2026-07-05 22:30:02] Expected primary: moonshot/kimi-k2.7-code
[2026-07-05 22:30:02] ✅ Running on primary model (moonshot/kimi-k2.7-code)
[2026-07-05 22:35:02] ============================================================
[2026-07-05 22:35:02] Model Fallback Monitor Check
[2026-07-05 22:35:02] ============================================================
[2026-07-05 22:35:02] Detected model: moonshot/kimi-k2.7-code
[2026-07-05 22:35:02] Expected primary: moonshot/kimi-k2.7-code
[2026-07-05 22:35:02] ✅ Running on primary model (moonshot/kimi-k2.7-code)
[2026-07-05 22:40:01] ============================================================
[2026-07-05 22:40:01] Model Fallback Monitor Check
[2026-07-05 22:40:01] ============================================================
[2026-07-05 22:40:01] Detected model: moonshot/kimi-k2.7-code
[2026-07-05 22:40:01] Expected primary: moonshot/kimi-k2.7-code
[2026-07-05 22:40:01] ✅ Running on primary model (moonshot/kimi-k2.7-code)
[2026-07-05 22:45:03] ============================================================
[2026-07-05 22:45:03] Model Fallback Monitor Check
[2026-07-05 22:45:03] ============================================================
[2026-07-05 22:45:03] Detected model: moonshot/kimi-k2.7-code
[2026-07-05 22:45:03] Expected primary: moonshot/kimi-k2.7-code
[2026-07-05 22:45:03] ✅ Running on primary model (moonshot/kimi-k2.7-code)
[2026-07-05 22:50:02] ============================================================
[2026-07-05 22:50:02] Model Fallback Monitor Check
[2026-07-05 22:50:02] ============================================================
[2026-07-05 22:50:02] Detected model: moonshot/kimi-k2.7-code
[2026-07-05 22:50:02] Expected primary: moonshot/kimi-k2.7-code
[2026-07-05 22:50:02] ✅ Running on primary model (moonshot/kimi-k2.7-code)
[2026-07-05 22:55:02] ============================================================
[2026-07-05 22:55:02] Model Fallback Monitor Check
[2026-07-05 22:55:02] ============================================================
[2026-07-05 22:55:02] Detected model: moonshot/kimi-k2.7-code
[2026-07-05 22:55:02] Expected primary: moonshot/kimi-k2.7-code
[2026-07-05 22:55:02] ✅ Running on primary model (moonshot/kimi-k2.7-code)
[2026-07-05 23:00:02] ============================================================
[2026-07-05 23:00:02] Model Fallback Monitor Check
[2026-07-05 23:00:02] ============================================================
[2026-07-05 23:00:02] Detected model: moonshot/kimi-k2.7-code
[2026-07-05 23:00:02] Expected primary: moonshot/kimi-k2.7-code
[2026-07-05 23:00:02] ✅ Running on primary model (moonshot/kimi-k2.7-code)
[2026-07-05 23:05:02] ============================================================
[2026-07-05 23:05:02] Model Fallback Monitor Check
[2026-07-05 23:05:02] ============================================================
[2026-07-05 23:05:02] Detected model: moonshot/kimi-k2.7-code
[2026-07-05 23:05:02] Expected primary: moonshot/kimi-k2.7-code
[2026-07-05 23:05:02] ✅ Running on primary model (moonshot/kimi-k2.7-code)
[2026-07-05 23:10:01] ============================================================
[2026-07-05 23:10:01] Model Fallback Monitor Check
[2026-07-05 23:10:01] ============================================================
[2026-07-05 23:10:01] Detected model: moonshot/kimi-k2.7-code
[2026-07-05 23:10:01] Expected primary: moonshot/kimi-k2.7-code
[2026-07-05 23:10:01] ✅ Running on primary model (moonshot/kimi-k2.7-code)
[2026-07-05 23:15:02] ============================================================
[2026-07-05 23:15:02] Model Fallback Monitor Check
[2026-07-05 23:15:02] ============================================================
[2026-07-05 23:15:02] Detected model: moonshot/kimi-k2.7-code
[2026-07-05 23:15:02] Expected primary: moonshot/kimi-k2.7-code
[2026-07-05 23:15:02] ✅ Running on primary model (moonshot/kimi-k2.7-code)
[2026-07-05 23:20:02] ============================================================
[2026-07-05 23:20:02] Model Fallback Monitor Check
[2026-07-05 23:20:02] ============================================================
[2026-07-05 23:20:02] Detected model: moonshot/kimi-k2.7-code
[2026-07-05 23:20:02] Expected primary: moonshot/kimi-k2.7-code
[2026-07-05 23:20:02] ✅ Running on primary model (moonshot/kimi-k2.7-code)
[2026-07-05 23:40:02] ============================================================
[2026-07-05 23:40:02] Model Fallback Monitor Check
[2026-07-05 23:40:02] ============================================================
[2026-07-05 23:40:02] Detected model: moonshot/kimi-k2.7-code
[2026-07-05 23:40:02] Expected primary: moonshot/kimi-k2.7-code
[2026-07-05 23:40:02] ✅ Running on primary model (moonshot/kimi-k2.7-code)
