name,credentials,specialties,street,city,state,zip,phone,accepting_new_patients,languages,hospital_affiliations,source,scraped_at
"Dr. Sahadat Nurudeen, MD",,Reproductive Endocrinology,,,,,,Unknown,,,healthgrades,2026-05-15T06:42:45.550772
"Dr. Emily Seidler, MD",,Reproductive Endocrinology,,,,,,Unknown,,,healthgrades,2026-05-15T06:42:45.537845
"Dr. Natalie Stentz, MD",,Reproductive Endocrinology,,,,,,Unknown,,,healthgrades,2026-05-15T06:42:45.525594
"Dr. Samuel Tarantino, MD",,Reproductive Endocrinology,,,,,,Unknown,,,healthgrades,2026-05-15T06:42:45.506872
"Dr. Walid Saleh, MD",,Reproductive Endocrinology,,,,,,Unknown,,,healthgrades,2026-05-15T06:42:45.496510
"Dr. Joshua Hurwitz, MD",,Reproductive Endocrinology,,,,,,Unknown,,,healthgrades,2026-05-15T06:42:45.474193
"Dr. Kathleen Doody, MD",,Reproductive Endocrinology,,,,,,Unknown,,,healthgrades,2026-05-15T06:42:45.452715
"Dr. Craig Witz, MD",,Reproductive Endocrinology,,,,,,Unknown,,,healthgrades,2026-05-15T06:42:45.400805
"Dr. Anna Nackley, MD",,Reproductive Endocrinology,,,,,,Unknown,,,healthgrades,2026-05-15T06:42:45.386038
"Dr. Rachel Gerber, MD",,Reproductive Endocrinology,,,,,,Unknown,,,healthgrades,2026-05-15T06:42:45.375553
"Dr. Marcus Jurema, MD",,Reproductive Endocrinology,,,,,,Unknown,,,healthgrades,2026-05-15T06:42:45.362238
"Dr. Betsy McCormick, MD",,Reproductive Endocrinology,,,,,,Unknown,,,healthgrades,2026-05-15T06:42:45.348886
"Dr. Jason Griffith, MD",,Reproductive Endocrinology,,,,,,Unknown,,,healthgrades,2026-05-15T06:42:45.291673
"Dr. Matthew McIntyre, MD",,Reproductive Endocrinology,,,,,,Unknown,,,healthgrades,2026-05-15T06:42:44.827270
"Dr. Timothy Yeko, MD",,Reproductive Endocrinology,,,,,,Unknown,,,healthgrades,2026-05-15T06:42:44.735365
"Dr. Mark Amols, MD",,Reproductive Endocrinology,,,,,,Unknown,,,healthgrades,2026-05-15T06:42:44.661382
"Dr. Christine Mansfield, MD",,Reproductive Endocrinology,,,,,,Unknown,,,healthgrades,2026-05-15T06:42:44.588353
"Dr. Clarissa Mashchak, MD",,Reproductive Endocrinology,,,,,,Unknown,,,healthgrades,2026-05-15T06:42:44.512101
"Dr. Michael Glassner, MD",,Reproductive Endocrinology,,,,,,Unknown,,,healthgrades,2026-05-15T06:42:44.414361
"Dr. Laura Londra, MD",,Reproductive Endocrinology,,,,,,Unknown,,,healthgrades,2026-05-15T06:42:44.318216
"Dr. Sahadat Nurudeen, MD",,Reproductive Endocrinology,,,,,,Unknown,,,healthgrades,2026-05-15T06:42:33.113035
"Dr. Emily Seidler, MD",,Reproductive Endocrinology,,,,,,Unknown,,,healthgrades,2026-05-15T06:42:33.096206
"Dr. Natalie Stentz, MD",,Reproductive Endocrinology,,,,,,Unknown,,,healthgrades,2026-05-15T06:42:33.083791
"Dr. Samuel Tarantino, MD",,Reproductive Endocrinology,,,,,,Unknown,,,healthgrades,2026-05-15T06:42:33.073519
"Dr. Walid Saleh, MD",,Reproductive Endocrinology,,,,,,Unknown,,,healthgrades,2026-05-15T06:42:33.063751
"Dr. Joshua Hurwitz, MD",,Reproductive Endocrinology,,,,,,Unknown,,,healthgrades,2026-05-15T06:42:33.054723
"Dr. Kathleen Doody, MD",,Reproductive Endocrinology,,,,,,Unknown,,,healthgrades,2026-05-15T06:42:33.045831
"Dr. Craig Witz, MD",,Reproductive Endocrinology,,,,,,Unknown,,,healthgrades,2026-05-15T06:42:33.033981
"Dr. Anna Nackley, MD",,Reproductive Endocrinology,,,,,,Unknown,,,healthgrades,2026-05-15T06:42:33.016937
"Dr. Rachel Gerber, MD",,Reproductive Endocrinology,,,,,,Unknown,,,healthgrades,2026-05-15T06:42:32.990635
"Dr. Marcus Jurema, MD",,Reproductive Endocrinology,,,,,,Unknown,,,healthgrades,2026-05-15T06:42:32.975339
"Dr. Betsy McCormick, MD",,Reproductive Endocrinology,,,,,,Unknown,,,healthgrades,2026-05-15T06:42:32.962547
"Dr. Jason Griffith, MD",,Reproductive Endocrinology,,,,,,Unknown,,,healthgrades,2026-05-15T06:42:32.949368
"Dr. Matthew McIntyre, MD",,Reproductive Endocrinology,,,,,,Unknown,,,healthgrades,2026-05-15T06:42:32.935827
"Dr. Timothy Yeko, MD",,Reproductive Endocrinology,,,,,,Unknown,,,healthgrades,2026-05-15T06:42:32.921880
"Dr. Mark Amols, MD",,Reproductive Endocrinology,,,,,,Unknown,,,healthgrades,2026-05-15T06:42:32.887169
"Dr. Christine Mansfield, MD",,Reproductive Endocrinology,,,,,,Unknown,,,healthgrades,2026-05-15T06:42:32.857697
"Dr. Clarissa Mashchak, MD",,Reproductive Endocrinology,,,,,,Unknown,,,healthgrades,2026-05-15T06:42:32.801373
"Dr. Michael Glassner, MD",,Reproductive Endocrinology,,,,,,Unknown,,,healthgrades,2026-05-15T06:42:32.336359
"Dr. Laura Londra, MD",,Reproductive Endocrinology,,,,,,Unknown,,,healthgrades,2026-05-15T06:42:32.187581
"Dr. Sahadat Nurudeen, MD",,Reproductive Endocrinology,,,,,,Unknown,,,healthgrades,2026-05-15T06:42:21.325756
"Dr. Emily Seidler, MD",,Reproductive Endocrinology,,,,,,Unknown,,,healthgrades,2026-05-15T06:42:21.316841
"Dr. Natalie Stentz, MD",,Reproductive Endocrinology,,,,,,Unknown,,,healthgrades,2026-05-15T06:42:21.302685
"Dr. Samuel Tarantino, MD",,Reproductive Endocrinology,,,,,,Unknown,,,healthgrades,2026-05-15T06:42:21.294648
"Dr. Walid Saleh, MD",,Reproductive Endocrinology,,,,,,Unknown,,,healthgrades,2026-05-15T06:42:21.285079
"Dr. Joshua Hurwitz, MD",,Reproductive Endocrinology,,,,,,Unknown,,,healthgrades,2026-05-15T06:42:21.274821
"Dr. Kathleen Doody, MD",,Reproductive Endocrinology,,,,,,Unknown,,,healthgrades,2026-05-15T06:42:21.265509
"Dr. Craig Witz, MD",,Reproductive Endocrinology,,,,,,Unknown,,,healthgrades,2026-05-15T06:42:21.254640
"Dr. Anna Nackley, MD",,Reproductive Endocrinology,,,,,,Unknown,,,healthgrades,2026-05-15T06:42:21.241546
"Dr. Rachel Gerber, MD",,Reproductive Endocrinology,,,,,,Unknown,,,healthgrades,2026-05-15T06:42:21.227874
"Dr. Marcus Jurema, MD",,Reproductive Endocrinology,,,,,,Unknown,,,healthgrades,2026-05-15T06:42:21.203446
"Dr. Betsy McCormick, MD",,Reproductive Endocrinology,,,,,,Unknown,,,healthgrades,2026-05-15T06:42:21.175382
"Dr. Jason Griffith, MD",,Reproductive Endocrinology,,,,,,Unknown,,,healthgrades,2026-05-15T06:42:21.147375
"Dr. Matthew McIntyre, MD",,Reproductive Endocrinology,,,,,,Unknown,,,healthgrades,2026-05-15T06:42:20.997542
"Dr. Timothy Yeko, MD",,Reproductive Endocrinology,,,,,,Unknown,,,healthgrades,2026-05-15T06:42:20.743865
"Dr. Mark Amols, MD",,Reproductive Endocrinology,,,,,,Unknown,,,healthgrades,2026-05-15T06:42:20.692374
"Dr. Christine Mansfield, MD",,Reproductive Endocrinology,,,,,,Unknown,,,healthgrades,2026-05-15T06:42:20.627541
"Dr. Clarissa Mashchak, MD",,Reproductive Endocrinology,,,,,,Unknown,,,healthgrades,2026-05-15T06:42:20.567992
"Dr. Michael Glassner, MD",,Reproductive Endocrinology,,,,,,Unknown,,,healthgrades,2026-05-15T06:42:20.514503
"Dr. Laura Londra, MD",,Reproductive Endocrinology,,,,,,Unknown,,,healthgrades,2026-05-15T06:42:20.440380
"Dr. Sahadat Nurudeen, MD",,Reproductive Endocrinology,,,,,,Unknown,,,healthgrades,2026-05-15T06:42:09.441403
"Dr. Emily Seidler, MD",,Reproductive Endocrinology,,,,,,Unknown,,,healthgrades,2026-05-15T06:42:09.432572
"Dr. Natalie Stentz, MD",,Reproductive Endocrinology,,,,,,Unknown,,,healthgrades,2026-05-15T06:42:09.422213
"Dr. Samuel Tarantino, MD",,Reproductive Endocrinology,,,,,,Unknown,,,healthgrades,2026-05-15T06:42:09.407376
"Dr. Walid Saleh, MD",,Reproductive Endocrinology,,,,,,Unknown,,,healthgrades,2026-05-15T06:42:09.398448
"Dr. Joshua Hurwitz, MD",,Reproductive Endocrinology,,,,,,Unknown,,,healthgrades,2026-05-15T06:42:09.388569
"Dr. Kathleen Doody, MD",,Reproductive Endocrinology,,,,,,Unknown,,,healthgrades,2026-05-15T06:42:09.378747
"Dr. Craig Witz, MD",,Reproductive Endocrinology,,,,,,Unknown,,,healthgrades,2026-05-15T06:42:09.367671
"Dr. Anna Nackley, MD",,Reproductive Endocrinology,,,,,,Unknown,,,healthgrades,2026-05-15T06:42:09.345604
"Dr. Rachel Gerber, MD",,Reproductive Endocrinology,,,,,,Unknown,,,healthgrades,2026-05-15T06:42:09.318946
"Dr. Marcus Jurema, MD",,Reproductive Endocrinology,,,,,,Unknown,,,healthgrades,2026-05-15T06:42:09.290629
"Dr. Betsy McCormick, MD",,Reproductive Endocrinology,,,,,,Unknown,,,healthgrades,2026-05-15T06:42:09.281454
"Dr. Jason Griffith, MD",,Reproductive Endocrinology,,,,,,Unknown,,,healthgrades,2026-05-15T06:42:09.265309
"Dr. Matthew McIntyre, MD",,Reproductive Endocrinology,,,,,,Unknown,,,healthgrades,2026-05-15T06:42:09.211295
"Dr. Timothy Yeko, MD",,Reproductive Endocrinology,,,,,,Unknown,,,healthgrades,2026-05-15T06:42:09.124298
"Dr. Mark Amols, MD",,Reproductive Endocrinology,,,,,,Unknown,,,healthgrades,2026-05-15T06:42:09.065142
"Dr. Christine Mansfield, MD",,Reproductive Endocrinology,,,,,,Unknown,,,healthgrades,2026-05-15T06:42:08.952204
"Dr. Clarissa Mashchak, MD",,Reproductive Endocrinology,,,,,,Unknown,,,healthgrades,2026-05-15T06:42:08.935409
"Dr. Michael Glassner, MD",,Reproductive Endocrinology,,,,,,Unknown,,,healthgrades,2026-05-15T06:42:08.846407
"Dr. Laura Londra, MD",,Reproductive Endocrinology,,,,,,Unknown,,,healthgrades,2026-05-15T06:42:08.364880
"Dr. Sahadat Nurudeen, MD",,Reproductive Endocrinology,,,,,,Unknown,,,healthgrades,2026-05-15T06:41:57.842430
"Dr. Emily Seidler, MD",,Reproductive Endocrinology,,,,,,Unknown,,,healthgrades,2026-05-15T06:41:57.818386
"Dr. Natalie Stentz, MD",,Reproductive Endocrinology,,,,,,Unknown,,,healthgrades,2026-05-15T06:41:57.773325
"Dr. Samuel Tarantino, MD",,Reproductive Endocrinology,,,,,,Unknown,,,healthgrades,2026-05-15T06:41:57.748251
"Dr. Walid Saleh, MD",,Reproductive Endocrinology,,,,,,Unknown,,,healthgrades,2026-05-15T06:41:57.711799
"Dr. Joshua Hurwitz, MD",,Reproductive Endocrinology,,,,,,Unknown,,,healthgrades,2026-05-15T06:41:57.701668
"Dr. Kathleen Doody, MD",,Reproductive Endocrinology,,,,,,Unknown,,,healthgrades,2026-05-15T06:41:57.689334
"Dr. Craig Witz, MD",,Reproductive Endocrinology,,,,,,Unknown,,,healthgrades,2026-05-15T06:41:57.677965
"Dr. Anna Nackley, MD",,Reproductive Endocrinology,,,,,,Unknown,,,healthgrades,2026-05-15T06:41:57.669951
"Dr. Rachel Gerber, MD",,Reproductive Endocrinology,,,,,,Unknown,,,healthgrades,2026-05-15T06:41:57.661736
"Dr. Marcus Jurema, MD",,Reproductive Endocrinology,,,,,,Unknown,,,healthgrades,2026-05-15T06:41:57.653022
"Dr. Betsy McCormick, MD",,Reproductive Endocrinology,,,,,,Unknown,,,healthgrades,2026-05-15T06:41:57.644548
"Dr. Jason Griffith, MD",,Reproductive Endocrinology,,,,,,Unknown,,,healthgrades,2026-05-15T06:41:57.629822
"Dr. Matthew McIntyre, MD",,Reproductive Endocrinology,,,,,,Unknown,,,healthgrades,2026-05-15T06:41:57.617547
"Dr. Timothy Yeko, MD",,Reproductive Endocrinology,,,,,,Unknown,,,healthgrades,2026-05-15T06:41:57.585864
"Dr. Mark Amols, MD",,Reproductive Endocrinology,,,,,,Unknown,,,healthgrades,2026-05-15T06:41:57.517266
"Dr. Christine Mansfield, MD",,Reproductive Endocrinology,,,,,,Unknown,,,healthgrades,2026-05-15T06:41:57.476148
"Dr. Clarissa Mashchak, MD",,Reproductive Endocrinology,,,,,,Unknown,,,healthgrades,2026-05-15T06:41:57.359235
"Dr. Michael Glassner, MD",,Reproductive Endocrinology,,,,,,Unknown,,,healthgrades,2026-05-15T06:41:57.002400
"Dr. Laura Londra, MD",,Reproductive Endocrinology,,,,,,Unknown,,,healthgrades,2026-05-15T06:41:56.786936
"Dr. Sahadat Nurudeen, MD",,Reproductive Endocrinology,,,,,,Unknown,,,healthgrades,2026-05-15T06:41:46.187401
"Dr. Emily Seidler, MD",,Reproductive Endocrinology,,,,,,Unknown,,,healthgrades,2026-05-15T06:41:46.174490
"Dr. Natalie Stentz, MD",,Reproductive Endocrinology,,,,,,Unknown,,,healthgrades,2026-05-15T06:41:46.154881
"Dr. Samuel Tarantino, MD",,Reproductive Endocrinology,,,,,,Unknown,,,healthgrades,2026-05-15T06:41:46.134676
"Dr. Walid Saleh, MD",,Reproductive Endocrinology,,,,,,Unknown,,,healthgrades,2026-05-15T06:41:46.115726
"Dr. Joshua Hurwitz, MD",,Reproductive Endocrinology,,,,,,Unknown,,,healthgrades,2026-05-15T06:41:46.101540
"Dr. Kathleen Doody, MD",,Reproductive Endocrinology,,,,,,Unknown,,,healthgrades,2026-05-15T06:41:46.087030
"Dr. Craig Witz, MD",,Reproductive Endocrinology,,,,,,Unknown,,,healthgrades,2026-05-15T06:41:46.075895
"Dr. Anna Nackley, MD",,Reproductive Endocrinology,,,,,,Unknown,,,healthgrades,2026-05-15T06:41:46.066037
"Dr. Rachel Gerber, MD",,Reproductive Endocrinology,,,,,,Unknown,,,healthgrades,2026-05-15T06:41:46.056046
"Dr. Marcus Jurema, MD",,Reproductive Endocrinology,,,,,,Unknown,,,healthgrades,2026-05-15T06:41:46.046541
"Dr. Betsy McCormick, MD",,Reproductive Endocrinology,,,,,,Unknown,,,healthgrades,2026-05-15T06:41:46.035789
"Dr. Jason Griffith, MD",,Reproductive Endocrinology,,,,,,Unknown,,,healthgrades,2026-05-15T06:41:46.005505
"Dr. Matthew McIntyre, MD",,Reproductive Endocrinology,,,,,,Unknown,,,healthgrades,2026-05-15T06:41:45.930904
"Dr. Timothy Yeko, MD",,Reproductive Endocrinology,,,,,,Unknown,,,healthgrades,2026-05-15T06:41:45.892968
"Dr. Mark Amols, MD",,Reproductive Endocrinology,,,,,,Unknown,,,healthgrades,2026-05-15T06:41:45.874594
"Dr. Christine Mansfield, MD",,Reproductive Endocrinology,,,,,,Unknown,,,healthgrades,2026-05-15T06:41:45.834590
"Dr. Clarissa Mashchak, MD",,Reproductive Endocrinology,,,,,,Unknown,,,healthgrades,2026-05-15T06:41:45.791290
"Dr. Michael Glassner, MD",,Reproductive Endocrinology,,,,,,Unknown,,,healthgrades,2026-05-15T06:41:45.693913
"Dr. Laura Londra, MD",,Reproductive Endocrinology,,,,,,Unknown,,,healthgrades,2026-05-15T06:41:45.568400
"Dr. Sahadat Nurudeen, MD",,Reproductive Endocrinology,,,,,,Unknown,,,healthgrades,2026-05-15T06:41:35.169608
"Dr. Emily Seidler, MD",,Reproductive Endocrinology,,,,,,Unknown,,,healthgrades,2026-05-15T06:41:35.144618
"Dr. Natalie Stentz, MD",,Reproductive Endocrinology,,,,,,Unknown,,,healthgrades,2026-05-15T06:41:35.128147
"Dr. Samuel Tarantino, MD",,Reproductive Endocrinology,,,,,,Unknown,,,healthgrades,2026-05-15T06:41:35.115199
"Dr. Walid Saleh, MD",,Reproductive Endocrinology,,,,,,Unknown,,,healthgrades,2026-05-15T06:41:35.091546
"Dr. Joshua Hurwitz, MD",,Reproductive Endocrinology,,,,,,Unknown,,,healthgrades,2026-05-15T06:41:35.082158
"Dr. Kathleen Doody, MD",,Reproductive Endocrinology,,,,,,Unknown,,,healthgrades,2026-05-15T06:41:35.072655
"Dr. Craig Witz, MD",,Reproductive Endocrinology,,,,,,Unknown,,,healthgrades,2026-05-15T06:41:35.063143
"Dr. Anna Nackley, MD",,Reproductive Endocrinology,,,,,,Unknown,,,healthgrades,2026-05-15T06:41:35.053405
"Dr. Rachel Gerber, MD",,Reproductive Endocrinology,,,,,,Unknown,,,healthgrades,2026-05-15T06:41:35.033829
"Dr. Marcus Jurema, MD",,Reproductive Endocrinology,,,,,,Unknown,,,healthgrades,2026-05-15T06:41:35.011596
"Dr. Betsy McCormick, MD",,Reproductive Endocrinology,,,,,,Unknown,,,healthgrades,2026-05-15T06:41:34.991877
"Dr. Jason Griffith, MD",,Reproductive Endocrinology,,,,,,Unknown,,,healthgrades,2026-05-15T06:41:34.974351
"Dr. Matthew McIntyre, MD",,Reproductive Endocrinology,,,,,,Unknown,,,healthgrades,2026-05-15T06:41:34.946977
"Dr. Timothy Yeko, MD",,Reproductive Endocrinology,,,,,,Unknown,,,healthgrades,2026-05-15T06:41:34.889370
"Dr. Mark Amols, MD",,Reproductive Endocrinology,,,,,,Unknown,,,healthgrades,2026-05-15T06:41:34.819621
"Dr. Christine Mansfield, MD",,Reproductive Endocrinology,,,,,,Unknown,,,healthgrades,2026-05-15T06:41:34.761769
"Dr. Clarissa Mashchak, MD",,Reproductive Endocrinology,,,,,,Unknown,,,healthgrades,2026-05-15T06:41:34.670777
"Dr. Michael Glassner, MD",,Reproductive Endocrinology,,,,,,Unknown,,,healthgrades,2026-05-15T06:41:34.500490
"Dr. Laura Londra, MD",,Reproductive Endocrinology,,,,,,Unknown,,,healthgrades,2026-05-15T06:41:34.205378
"Dr. Sahadat Nurudeen, MD",,Reproductive Endocrinology,,,,,,Unknown,,,healthgrades,2026-05-15T06:41:24.028035
"Dr. Emily Seidler, MD",,Reproductive Endocrinology,,,,,,Unknown,,,healthgrades,2026-05-15T06:41:24.010469
"Dr. Natalie Stentz, MD",,Reproductive Endocrinology,,,,,,Unknown,,,healthgrades,2026-05-15T06:41:23.995821
"Dr. Samuel Tarantino, MD",,Reproductive Endocrinology,,,,,,Unknown,,,healthgrades,2026-05-15T06:41:23.984412
"Dr. Walid Saleh, MD",,Reproductive Endocrinology,,,,,,Unknown,,,healthgrades,2026-05-15T06:41:23.966714
"Dr. Joshua Hurwitz, MD",,Reproductive Endocrinology,,,,,,Unknown,,,healthgrades,2026-05-15T06:41:23.947799
"Dr. Kathleen Doody, MD",,Reproductive Endocrinology,,,,,,Unknown,,,healthgrades,2026-05-15T06:41:23.939163
"Dr. Craig Witz, MD",,Reproductive Endocrinology,,,,,,Unknown,,,healthgrades,2026-05-15T06:41:23.930515
"Dr. Anna Nackley, MD",,Reproductive Endocrinology,,,,,,Unknown,,,healthgrades,2026-05-15T06:41:23.921423
"Dr. Rachel Gerber, MD",,Reproductive Endocrinology,,,,,,Unknown,,,healthgrades,2026-05-15T06:41:23.912042
"Dr. Marcus Jurema, MD",,Reproductive Endocrinology,,,,,,Unknown,,,healthgrades,2026-05-15T06:41:23.902459
"Dr. Betsy McCormick, MD",,Reproductive Endocrinology,,,,,,Unknown,,,healthgrades,2026-05-15T06:41:23.893880
"Dr. Jason Griffith, MD",,Reproductive Endocrinology,,,,,,Unknown,,,healthgrades,2026-05-15T06:41:23.884849
"Dr. Matthew McIntyre, MD",,Reproductive Endocrinology,,,,,,Unknown,,,healthgrades,2026-05-15T06:41:23.875845
"Dr. Timothy Yeko, MD",,Reproductive Endocrinology,,,,,,Unknown,,,healthgrades,2026-05-15T06:41:23.866774
"Dr. Mark Amols, MD",,Reproductive Endocrinology,,,,,,Unknown,,,healthgrades,2026-05-15T06:41:23.857033
"Dr. Christine Mansfield, MD",,Reproductive Endocrinology,,,,,,Unknown,,,healthgrades,2026-05-15T06:41:23.822045
"Dr. Clarissa Mashchak, MD",,Reproductive Endocrinology,,,,,,Unknown,,,healthgrades,2026-05-15T06:41:23.765579
"Dr. Michael Glassner, MD",,Reproductive Endocrinology,,,,,,Unknown,,,healthgrades,2026-05-15T06:41:23.693819
"Dr. Laura Londra, MD",,Reproductive Endocrinology,,,,,,Unknown,,,healthgrades,2026-05-15T06:41:23.560410
"Dr. Sahadat Nurudeen, MD",,Reproductive Endocrinology,,,,,,Unknown,,,healthgrades,2026-05-15T06:41:12.930547
"Dr. Emily Seidler, MD",,Reproductive Endocrinology,,,,,,Unknown,,,healthgrades,2026-05-15T06:41:12.916321
"Dr. Natalie Stentz, MD",,Reproductive Endocrinology,,,,,,Unknown,,,healthgrades,2026-05-15T06:41:12.906987
"Dr. Samuel Tarantino, MD",,Reproductive Endocrinology,,,,,,Unknown,,,healthgrades,2026-05-15T06:41:12.896331
"Dr. Walid Saleh, MD",,Reproductive Endocrinology,,,,,,Unknown,,,healthgrades,2026-05-15T06:41:12.888259
"Dr. Joshua Hurwitz, MD",,Reproductive Endocrinology,,,,,,Unknown,,,healthgrades,2026-05-15T06:41:12.878148
"Dr. Kathleen Doody, MD",,Reproductive Endocrinology,,,,,,Unknown,,,healthgrades,2026-05-15T06:41:12.863689
"Dr. Craig Witz, MD",,Reproductive Endocrinology,,,,,,Unknown,,,healthgrades,2026-05-15T06:41:12.848412
"Dr. Anna Nackley, MD",,Reproductive Endocrinology,,,,,,Unknown,,,healthgrades,2026-05-15T06:41:12.826204
"Dr. Rachel Gerber, MD",,Reproductive Endocrinology,,,,,,Unknown,,,healthgrades,2026-05-15T06:41:12.811671
"Dr. Marcus Jurema, MD",,Reproductive Endocrinology,,,,,,Unknown,,,healthgrades,2026-05-15T06:41:12.793162
"Dr. Betsy McCormick, MD",,Reproductive Endocrinology,,,,,,Unknown,,,healthgrades,2026-05-15T06:41:12.775765
"Dr. Jason Griffith, MD",,Reproductive Endocrinology,,,,,,Unknown,,,healthgrades,2026-05-15T06:41:12.763284
"Dr. Matthew McIntyre, MD",,Reproductive Endocrinology,,,,,,Unknown,,,healthgrades,2026-05-15T06:41:12.745727
"Dr. Timothy Yeko, MD",,Reproductive Endocrinology,,,,,,Unknown,,,healthgrades,2026-05-15T06:41:12.718913
"Dr. Mark Amols, MD",,Reproductive Endocrinology,,,,,,Unknown,,,healthgrades,2026-05-15T06:41:12.596403
"Dr. Christine Mansfield, MD",,Reproductive Endocrinology,,,,,,Unknown,,,healthgrades,2026-05-15T06:41:12.097621
"Dr. Clarissa Mashchak, MD",,Reproductive Endocrinology,,,,,,Unknown,,,healthgrades,2026-05-15T06:41:12.024916
"Dr. Michael Glassner, MD",,Reproductive Endocrinology,,,,,,Unknown,,,healthgrades,2026-05-15T06:41:11.960241
"Dr. Laura Londra, MD",,Reproductive Endocrinology,,,,,,Unknown,,,healthgrades,2026-05-15T06:41:11.880338
"Dr. Sahadat Nurudeen, MD",,Reproductive Endocrinology,,,,,,Unknown,,,healthgrades,2026-05-15T06:41:02.013200
"Dr. Emily Seidler, MD",,Reproductive Endocrinology,,,,,,Unknown,,,healthgrades,2026-05-15T06:41:02.002387
"Dr. Natalie Stentz, MD",,Reproductive Endocrinology,,,,,,Unknown,,,healthgrades,2026-05-15T06:41:01.988650
"Dr. Samuel Tarantino, MD",,Reproductive Endocrinology,,,,,,Unknown,,,healthgrades,2026-05-15T06:41:01.979196
"Dr. Walid Saleh, MD",,Reproductive Endocrinology,,,,,,Unknown,,,healthgrades,2026-05-15T06:41:01.969959
"Dr. Joshua Hurwitz, MD",,Reproductive Endocrinology,,,,,,Unknown,,,healthgrades,2026-05-15T06:41:01.951960
"Dr. Kathleen Doody, MD",,Reproductive Endocrinology,,,,,,Unknown,,,healthgrades,2026-05-15T06:41:01.942114
"Dr. Craig Witz, MD",,Reproductive Endocrinology,,,,,,Unknown,,,healthgrades,2026-05-15T06:41:01.933363
"Dr. Anna Nackley, MD",,Reproductive Endocrinology,,,,,,Unknown,,,healthgrades,2026-05-15T06:41:01.923732
"Dr. Rachel Gerber, MD",,Reproductive Endocrinology,,,,,,Unknown,,,healthgrades,2026-05-15T06:41:01.914338
"Dr. Marcus Jurema, MD",,Reproductive Endocrinology,,,,,,Unknown,,,healthgrades,2026-05-15T06:41:01.904090
"Dr. Betsy McCormick, MD",,Reproductive Endocrinology,,,,,,Unknown,,,healthgrades,2026-05-15T06:41:01.888567
"Dr. Jason Griffith, MD",,Reproductive Endocrinology,,,,,,Unknown,,,healthgrades,2026-05-15T06:41:01.874901
"Dr. Matthew McIntyre, MD",,Reproductive Endocrinology,,,,,,Unknown,,,healthgrades,2026-05-15T06:41:01.855933
"Dr. Timothy Yeko, MD",,Reproductive Endocrinology,,,,,,Unknown,,,healthgrades,2026-05-15T06:41:01.813284
"Dr. Mark Amols, MD",,Reproductive Endocrinology,,,,,,Unknown,,,healthgrades,2026-05-15T06:41:01.788498
"Dr. Christine Mansfield, MD",,Reproductive Endocrinology,,,,,,Unknown,,,healthgrades,2026-05-15T06:41:01.734353
"Dr. Clarissa Mashchak, MD",,Reproductive Endocrinology,,,,,,Unknown,,,healthgrades,2026-05-15T06:41:01.689435
"Dr. Michael Glassner, MD",,Reproductive Endocrinology,,,,,,Unknown,,,healthgrades,2026-05-15T06:41:01.571852
"Dr. Laura Londra, MD",,Reproductive Endocrinology,,,,,,Unknown,,,healthgrades,2026-05-15T06:41:01.077620
"Dr. Sahadat Nurudeen, MD",,Reproductive Endocrinology,,,,,,Unknown,,,healthgrades,2026-05-15T06:40:51.504319
"Dr. Emily Seidler, MD",,Reproductive Endocrinology,,,,,,Unknown,,,healthgrades,2026-05-15T06:40:51.481372
"Dr. Natalie Stentz, MD",,Reproductive Endocrinology,,,,,,Unknown,,,healthgrades,2026-05-15T06:40:51.459665
"Dr. Samuel Tarantino, MD",,Reproductive Endocrinology,,,,,,Unknown,,,healthgrades,2026-05-15T06:40:51.449380
"Dr. Walid Saleh, MD",,Reproductive Endocrinology,,,,,,Unknown,,,healthgrades,2026-05-15T06:40:51.430345
"Dr. Joshua Hurwitz, MD",,Reproductive Endocrinology,,,,,,Unknown,,,healthgrades,2026-05-15T06:40:51.400630
"Dr. Kathleen Doody, MD",,Reproductive Endocrinology,,,,,,Unknown,,,healthgrades,2026-05-15T06:40:51.387510
"Dr. Craig Witz, MD",,Reproductive Endocrinology,,,,,,Unknown,,,healthgrades,2026-05-15T06:40:51.376047
"Dr. Anna Nackley, MD",,Reproductive Endocrinology,,,,,,Unknown,,,healthgrades,2026-05-15T06:40:51.367032
"Dr. Rachel Gerber, MD",,Reproductive Endocrinology,,,,,,Unknown,,,healthgrades,2026-05-15T06:40:51.357026
"Dr. Marcus Jurema, MD",,Reproductive Endocrinology,,,,,,Unknown,,,healthgrades,2026-05-15T06:40:51.333664
"Dr. Betsy McCormick, MD",,Reproductive Endocrinology,,,,,,Unknown,,,healthgrades,2026-05-15T06:40:51.316963
"Dr. Jason Griffith, MD",,Reproductive Endocrinology,,,,,,Unknown,,,healthgrades,2026-05-15T06:40:51.307093
"Dr. Matthew McIntyre, MD",,Reproductive Endocrinology,,,,,,Unknown,,,healthgrades,2026-05-15T06:40:51.296989
"Dr. Timothy Yeko, MD",,Reproductive Endocrinology,,,,,,Unknown,,,healthgrades,2026-05-15T06:40:51.287534
"Dr. Mark Amols, MD",,Reproductive Endocrinology,,,,,,Unknown,,,healthgrades,2026-05-15T06:40:51.261423
"Dr. Christine Mansfield, MD",,Reproductive Endocrinology,,,,,,Unknown,,,healthgrades,2026-05-15T06:40:51.217382
"Dr. Clarissa Mashchak, MD",,Reproductive Endocrinology,,,,,,Unknown,,,healthgrades,2026-05-15T06:40:51.177016
"Dr. Michael Glassner, MD",,Reproductive Endocrinology,,,,,,Unknown,,,healthgrades,2026-05-15T06:40:51.072257
"Dr. Laura Londra, MD",,Reproductive Endocrinology,,,,,,Unknown,,,healthgrades,2026-05-15T06:40:50.526741
"Dr. Sahadat Nurudeen, MD",,Reproductive Endocrinology,,,,,,Unknown,,,healthgrades,2026-05-15T06:40:40.556155
"Dr. Emily Seidler, MD",,Reproductive Endocrinology,,,,,,Unknown,,,healthgrades,2026-05-15T06:40:40.543923
"Dr. Natalie Stentz, MD",,Reproductive Endocrinology,,,,,,Unknown,,,healthgrades,2026-05-15T06:40:40.533386
"Dr. Samuel Tarantino, MD",,Reproductive Endocrinology,,,,,,Unknown,,,healthgrades,2026-05-15T06:40:40.523857
"Dr. Walid Saleh, MD",,Reproductive Endocrinology,,,,,,Unknown,,,healthgrades,2026-05-15T06:40:40.511424
"Dr. Joshua Hurwitz, MD",,Reproductive Endocrinology,,,,,,Unknown,,,healthgrades,2026-05-15T06:40:40.491334
"Dr. Kathleen Doody, MD",,Reproductive Endocrinology,,,,,,Unknown,,,healthgrades,2026-05-15T06:40:40.476710
"Dr. Craig Witz, MD",,Reproductive Endocrinology,,,,,,Unknown,,,healthgrades,2026-05-15T06:40:40.464937
"Dr. Anna Nackley, MD",,Reproductive Endocrinology,,,,,,Unknown,,,healthgrades,2026-05-15T06:40:40.436850
"Dr. Rachel Gerber, MD",,Reproductive Endocrinology,,,,,,Unknown,,,healthgrades,2026-05-15T06:40:40.426110
"Dr. Marcus Jurema, MD",,Reproductive Endocrinology,,,,,,Unknown,,,healthgrades,2026-05-15T06:40:40.413660
"Dr. Betsy McCormick, MD",,Reproductive Endocrinology,,,,,,Unknown,,,healthgrades,2026-05-15T06:40:40.376004
"Dr. Jason Griffith, MD",,Reproductive Endocrinology,,,,,,Unknown,,,healthgrades,2026-05-15T06:40:40.319975
"Dr. Matthew McIntyre, MD",,Reproductive Endocrinology,,,,,,Unknown,,,healthgrades,2026-05-15T06:40:40.269006
"Dr. Timothy Yeko, MD",,Reproductive Endocrinology,,,,,,Unknown,,,healthgrades,2026-05-15T06:40:40.187586
"Dr. Mark Amols, MD",,Reproductive Endocrinology,,,,,,Unknown,,,healthgrades,2026-05-15T06:40:40.096384
"Dr. Christine Mansfield, MD",,Reproductive Endocrinology,,,,,,Unknown,,,healthgrades,2026-05-15T06:40:40.002392
"Dr. Clarissa Mashchak, MD",,Reproductive Endocrinology,,,,,,Unknown,,,healthgrades,2026-05-15T06:40:39.719348
"Dr. Michael Glassner, MD",,Reproductive Endocrinology,,,,,,Unknown,,,healthgrades,2026-05-15T06:40:39.523977
"Dr. Laura Londra, MD",,Reproductive Endocrinology,,,,,,Unknown,,,healthgrades,2026-05-15T06:40:39.312777
"Dr. Sahadat Nurudeen, MD",,Reproductive Endocrinology,,,,,,Unknown,,,healthgrades,2026-05-15T06:40:29.072312
"Dr. Emily Seidler, MD",,Reproductive Endocrinology,,,,,,Unknown,,,healthgrades,2026-05-15T06:40:29.063328
"Dr. Natalie Stentz, MD",,Reproductive Endocrinology,,,,,,Unknown,,,healthgrades,2026-05-15T06:40:29.053825
"Dr. Samuel Tarantino, MD",,Reproductive Endocrinology,,,,,,Unknown,,,healthgrades,2026-05-15T06:40:29.045206
"Dr. Walid Saleh, MD",,Reproductive Endocrinology,,,,,,Unknown,,,healthgrades,2026-05-15T06:40:29.036303
"Dr. Joshua Hurwitz, MD",,Reproductive Endocrinology,,,,,,Unknown,,,healthgrades,2026-05-15T06:40:29.027677
"Dr. Kathleen Doody, MD",,Reproductive Endocrinology,,,,,,Unknown,,,healthgrades,2026-05-15T06:40:29.018175
"Dr. Craig Witz, MD",,Reproductive Endocrinology,,,,,,Unknown,,,healthgrades,2026-05-15T06:40:29.008745
"Dr. Anna Nackley, MD",,Reproductive Endocrinology,,,,,,Unknown,,,healthgrades,2026-05-15T06:40:28.998783
"Dr. Rachel Gerber, MD",,Reproductive Endocrinology,,,,,,Unknown,,,healthgrades,2026-05-15T06:40:28.988377
"Dr. Marcus Jurema, MD",,Reproductive Endocrinology,,,,,,Unknown,,,healthgrades,2026-05-15T06:40:28.971920
"Dr. Betsy McCormick, MD",,Reproductive Endocrinology,,,,,,Unknown,,,healthgrades,2026-05-15T06:40:28.961897
"Dr. Jason Griffith, MD",,Reproductive Endocrinology,,,,,,Unknown,,,healthgrades,2026-05-15T06:40:28.946677
"Dr. Matthew McIntyre, MD",,Reproductive Endocrinology,,,,,,Unknown,,,healthgrades,2026-05-15T06:40:28.938051
"Dr. Timothy Yeko, MD",,Reproductive Endocrinology,,,,,,Unknown,,,healthgrades,2026-05-15T06:40:28.919793
"Dr. Mark Amols, MD",,Reproductive Endocrinology,,,,,,Unknown,,,healthgrades,2026-05-15T06:40:28.883148
"Dr. Christine Mansfield, MD",,Reproductive Endocrinology,,,,,,Unknown,,,healthgrades,2026-05-15T06:40:28.824631
"Dr. Clarissa Mashchak, MD",,Reproductive Endocrinology,,,,,,Unknown,,,healthgrades,2026-05-15T06:40:28.739534
"Dr. Michael Glassner, MD",,Reproductive Endocrinology,,,,,,Unknown,,,healthgrades,2026-05-15T06:40:28.294653
"Dr. Laura Londra, MD",,Reproductive Endocrinology,,,,,,Unknown,,,healthgrades,2026-05-15T06:40:28.166603
"Dr. Sahadat Nurudeen, MD",,Reproductive Endocrinology,,,,,,Unknown,,,healthgrades,2026-05-15T06:40:18.260603
"Dr. Emily Seidler, MD",,Reproductive Endocrinology,,,,,,Unknown,,,healthgrades,2026-05-15T06:40:18.250601
"Dr. Natalie Stentz, MD",,Reproductive Endocrinology,,,,,,Unknown,,,healthgrades,2026-05-15T06:40:18.237115
"Dr. Samuel Tarantino, MD",,Reproductive Endocrinology,,,,,,Unknown,,,healthgrades,2026-05-15T06:40:18.221574
"Dr. Walid Saleh, MD",,Reproductive Endocrinology,,,,,,Unknown,,,healthgrades,2026-05-15T06:40:18.205122
"Dr. Joshua Hurwitz, MD",,Reproductive Endocrinology,,,,,,Unknown,,,healthgrades,2026-05-15T06:40:18.194821
"Dr. Kathleen Doody, MD",,Reproductive Endocrinology,,,,,,Unknown,,,healthgrades,2026-05-15T06:40:18.183648
"Dr. Craig Witz, MD",,Reproductive Endocrinology,,,,,,Unknown,,,healthgrades,2026-05-15T06:40:18.171323
"Dr. Anna Nackley, MD",,Reproductive Endocrinology,,,,,,Unknown,,,healthgrades,2026-05-15T06:40:18.162255
"Dr. Rachel Gerber, MD",,Reproductive Endocrinology,,,,,,Unknown,,,healthgrades,2026-05-15T06:40:18.153383
"Dr. Marcus Jurema, MD",,Reproductive Endocrinology,,,,,,Unknown,,,healthgrades,2026-05-15T06:40:18.144190
"Dr. Betsy McCormick, MD",,Reproductive Endocrinology,,,,,,Unknown,,,healthgrades,2026-05-15T06:40:18.134040
"Dr. Jason Griffith, MD",,Reproductive Endocrinology,,,,,,Unknown,,,healthgrades,2026-05-15T06:40:18.123685
"Dr. Matthew McIntyre, MD",,Reproductive Endocrinology,,,,,,Unknown,,,healthgrades,2026-05-15T06:40:18.113892
"Dr. Timothy Yeko, MD",,Reproductive Endocrinology,,,,,,Unknown,,,healthgrades,2026-05-15T06:40:18.085145
"Dr. Mark Amols, MD",,Reproductive Endocrinology,,,,,,Unknown,,,healthgrades,2026-05-15T06:40:18.039841
"Dr. Christine Mansfield, MD",,Reproductive Endocrinology,,,,,,Unknown,,,healthgrades,2026-05-15T06:40:17.994937
"Dr. Clarissa Mashchak, MD",,Reproductive Endocrinology,,,,,,Unknown,,,healthgrades,2026-05-15T06:40:17.944348
"Dr. Michael Glassner, MD",,Reproductive Endocrinology,,,,,,Unknown,,,healthgrades,2026-05-15T06:40:17.820358
"Dr. Laura Londra, MD",,Reproductive Endocrinology,,,,,,Unknown,,,healthgrades,2026-05-15T06:40:17.339209
"Dr. Sahadat Nurudeen, MD",,Reproductive Endocrinology,,,,,,Unknown,,,healthgrades,2026-05-15T06:40:07.675776
"Dr. Emily Seidler, MD",,Reproductive Endocrinology,,,,,,Unknown,,,healthgrades,2026-05-15T06:40:07.662382
"Dr. Natalie Stentz, MD",,Reproductive Endocrinology,,,,,,Unknown,,,healthgrades,2026-05-15T06:40:07.642482
"Dr. Samuel Tarantino, MD",,Reproductive Endocrinology,,,,,,Unknown,,,healthgrades,2026-05-15T06:40:07.618624
"Dr. Walid Saleh, MD",,Reproductive Endocrinology,,,,,,Unknown,,,healthgrades,2026-05-15T06:40:07.602981
"Dr. Joshua Hurwitz, MD",,Reproductive Endocrinology,,,,,,Unknown,,,healthgrades,2026-05-15T06:40:07.578391
"Dr. Kathleen Doody, MD",,Reproductive Endocrinology,,,,,,Unknown,,,healthgrades,2026-05-15T06:40:07.562236
"Dr. Craig Witz, MD",,Reproductive Endocrinology,,,,,,Unknown,,,healthgrades,2026-05-15T06:40:07.540382
"Dr. Anna Nackley, MD",,Reproductive Endocrinology,,,,,,Unknown,,,healthgrades,2026-05-15T06:40:07.528975
"Dr. Rachel Gerber, MD",,Reproductive Endocrinology,,,,,,Unknown,,,healthgrades,2026-05-15T06:40:07.517311
"Dr. Marcus Jurema, MD",,Reproductive Endocrinology,,,,,,Unknown,,,healthgrades,2026-05-15T06:40:07.505533
"Dr. Betsy McCormick, MD",,Reproductive Endocrinology,,,,,,Unknown,,,healthgrades,2026-05-15T06:40:07.494246
"Dr. Jason Griffith, MD",,Reproductive Endocrinology,,,,,,Unknown,,,healthgrades,2026-05-15T06:40:07.467402
"Dr. Matthew McIntyre, MD",,Reproductive Endocrinology,,,,,,Unknown,,,healthgrades,2026-05-15T06:40:07.404103
"Dr. Timothy Yeko, MD",,Reproductive Endocrinology,,,,,,Unknown,,,healthgrades,2026-05-15T06:40:07.369891
"Dr. Mark Amols, MD",,Reproductive Endocrinology,,,,,,Unknown,,,healthgrades,2026-05-15T06:40:07.325991
"Dr. Christine Mansfield, MD",,Reproductive Endocrinology,,,,,,Unknown,,,healthgrades,2026-05-15T06:40:07.236012
"Dr. Clarissa Mashchak, MD",,Reproductive Endocrinology,,,,,,Unknown,,,healthgrades,2026-05-15T06:40:06.690968
"Dr. Michael Glassner, MD",,Reproductive Endocrinology,,,,,,Unknown,,,healthgrades,2026-05-15T06:40:06.381390
"Dr. Laura Londra, MD",,Reproductive Endocrinology,,,,,,Unknown,,,healthgrades,2026-05-15T06:40:06.210351
"Dr. Sahadat Nurudeen, MD",,Reproductive Endocrinology,,,,,,Unknown,,,healthgrades,2026-05-15T06:39:55.443029
"Dr. Emily Seidler, MD",,Reproductive Endocrinology,,,,,,Unknown,,,healthgrades,2026-05-15T06:39:55.423418
"Dr. Natalie Stentz, MD",,Reproductive Endocrinology,,,,,,Unknown,,,healthgrades,2026-05-15T06:39:55.350207
"Dr. Samuel Tarantino, MD",,Reproductive Endocrinology,,,,,,Unknown,,,healthgrades,2026-05-15T06:39:55.310290
"Dr. Walid Saleh, MD",,Reproductive Endocrinology,,,,,,Unknown,,,healthgrades,2026-05-15T06:39:55.290451
"Dr. Joshua Hurwitz, MD",,Reproductive Endocrinology,,,,,,Unknown,,,healthgrades,2026-05-15T06:39:55.274124
"Dr. Kathleen Doody, MD",,Reproductive Endocrinology,,,,,,Unknown,,,healthgrades,2026-05-15T06:39:55.256215
"Dr. Craig Witz, MD",,Reproductive Endocrinology,,,,,,Unknown,,,healthgrades,2026-05-15T06:39:55.239335
"Dr. Anna Nackley, MD",,Reproductive Endocrinology,,,,,,Unknown,,,healthgrades,2026-05-15T06:39:55.220341
"Dr. Rachel Gerber, MD",,Reproductive Endocrinology,,,,,,Unknown,,,healthgrades,2026-05-15T06:39:55.205827
"Dr. Marcus Jurema, MD",,Reproductive Endocrinology,,,,,,Unknown,,,healthgrades,2026-05-15T06:39:55.192992
"Dr. Betsy McCormick, MD",,Reproductive Endocrinology,,,,,,Unknown,,,healthgrades,2026-05-15T06:39:55.172966
"Dr. Jason Griffith, MD",,Reproductive Endocrinology,,,,,,Unknown,,,healthgrades,2026-05-15T06:39:55.152584
"Dr. Matthew McIntyre, MD",,Reproductive Endocrinology,,,,,,Unknown,,,healthgrades,2026-05-15T06:39:55.134905
"Dr. Timothy Yeko, MD",,Reproductive Endocrinology,,,,,,Unknown,,,healthgrades,2026-05-15T06:39:55.116699
"Dr. Mark Amols, MD",,Reproductive Endocrinology,,,,,,Unknown,,,healthgrades,2026-05-15T06:39:55.027372
"Dr. Christine Mansfield, MD",,Reproductive Endocrinology,,,,,,Unknown,,,healthgrades,2026-05-15T06:39:54.912289
"Dr. Clarissa Mashchak, MD",,Reproductive Endocrinology,,,,,,Unknown,,,healthgrades,2026-05-15T06:39:54.835049
"Dr. Michael Glassner, MD",,Reproductive Endocrinology,,,,,,Unknown,,,healthgrades,2026-05-15T06:39:54.745876
"Dr. Laura Londra, MD",,Reproductive Endocrinology,,,,,,Unknown,,,healthgrades,2026-05-15T06:39:54.356198
"Dr. Sahadat Nurudeen, MD",,Reproductive Endocrinology,,,,,,Unknown,,,healthgrades,2026-05-15T06:39:43.763918
"Dr. Emily Seidler, MD",,Reproductive Endocrinology,,,,,,Unknown,,,healthgrades,2026-05-15T06:39:43.752725
"Dr. Natalie Stentz, MD",,Reproductive Endocrinology,,,,,,Unknown,,,healthgrades,2026-05-15T06:39:43.740363
"Dr. Samuel Tarantino, MD",,Reproductive Endocrinology,,,,,,Unknown,,,healthgrades,2026-05-15T06:39:43.713879
"Dr. Walid Saleh, MD",,Reproductive Endocrinology,,,,,,Unknown,,,healthgrades,2026-05-15T06:39:43.692459
"Dr. Joshua Hurwitz, MD",,Reproductive Endocrinology,,,,,,Unknown,,,healthgrades,2026-05-15T06:39:43.671310
"Dr. Kathleen Doody, MD",,Reproductive Endocrinology,,,,,,Unknown,,,healthgrades,2026-05-15T06:39:43.655642
"Dr. Craig Witz, MD",,Reproductive Endocrinology,,,,,,Unknown,,,healthgrades,2026-05-15T06:39:43.635674
"Dr. Anna Nackley, MD",,Reproductive Endocrinology,,,,,,Unknown,,,healthgrades,2026-05-15T06:39:43.626174
"Dr. Rachel Gerber, MD",,Reproductive Endocrinology,,,,,,Unknown,,,healthgrades,2026-05-15T06:39:43.615617
"Dr. Marcus Jurema, MD",,Reproductive Endocrinology,,,,,,Unknown,,,healthgrades,2026-05-15T06:39:43.607039
"Dr. Betsy McCormick, MD",,Reproductive Endocrinology,,,,,,Unknown,,,healthgrades,2026-05-15T06:39:43.597871
"Dr. Jason Griffith, MD",,Reproductive Endocrinology,,,,,,Unknown,,,healthgrades,2026-05-15T06:39:43.586881
"Dr. Matthew McIntyre, MD",,Reproductive Endocrinology,,,,,,Unknown,,,healthgrades,2026-05-15T06:39:43.575939
"Dr. Timothy Yeko, MD",,Reproductive Endocrinology,,,,,,Unknown,,,healthgrades,2026-05-15T06:39:43.565591
"Dr. Mark Amols, MD",,Reproductive Endocrinology,,,,,,Unknown,,,healthgrades,2026-05-15T06:39:43.518544
"Dr. Christine Mansfield, MD",,Reproductive Endocrinology,,,,,,Unknown,,,healthgrades,2026-05-15T06:39:43.442605
"Dr. Clarissa Mashchak, MD",,Reproductive Endocrinology,,,,,,Unknown,,,healthgrades,2026-05-15T06:39:43.384955
"Dr. Michael Glassner, MD",,Reproductive Endocrinology,,,,,,Unknown,,,healthgrades,2026-05-15T06:39:43.315814
"Dr. Laura Londra, MD",,Reproductive Endocrinology,,,,,,Unknown,,,healthgrades,2026-05-15T06:39:42.896358
"Dr. Sahadat Nurudeen, MD",,Reproductive Endocrinology,,,,,,Unknown,,,healthgrades,2026-05-15T06:39:32.739297
"Dr. Emily Seidler, MD",,Reproductive Endocrinology,,,,,,Unknown,,,healthgrades,2026-05-15T06:39:32.728485
"Dr. Natalie Stentz, MD",,Reproductive Endocrinology,,,,,,Unknown,,,healthgrades,2026-05-15T06:39:32.716044
"Dr. Samuel Tarantino, MD",,Reproductive Endocrinology,,,,,,Unknown,,,healthgrades,2026-05-15T06:39:32.696953
"Dr. Walid Saleh, MD",,Reproductive Endocrinology,,,,,,Unknown,,,healthgrades,2026-05-15T06:39:32.689121
"Dr. Joshua Hurwitz, MD",,Reproductive Endocrinology,,,,,,Unknown,,,healthgrades,2026-05-15T06:39:32.680390
"Dr. Kathleen Doody, MD",,Reproductive Endocrinology,,,,,,Unknown,,,healthgrades,2026-05-15T06:39:32.670117
"Dr. Craig Witz, MD",,Reproductive Endocrinology,,,,,,Unknown,,,healthgrades,2026-05-15T06:39:32.660792
"Dr. Anna Nackley, MD",,Reproductive Endocrinology,,,,,,Unknown,,,healthgrades,2026-05-15T06:39:32.652269
"Dr. Rachel Gerber, MD",,Reproductive Endocrinology,,,,,,Unknown,,,healthgrades,2026-05-15T06:39:32.643250
"Dr. Marcus Jurema, MD",,Reproductive Endocrinology,,,,,,Unknown,,,healthgrades,2026-05-15T06:39:32.633938
"Dr. Betsy McCormick, MD",,Reproductive Endocrinology,,,,,,Unknown,,,healthgrades,2026-05-15T06:39:32.625515
"Dr. Jason Griffith, MD",,Reproductive Endocrinology,,,,,,Unknown,,,healthgrades,2026-05-15T06:39:32.616145
"Dr. Matthew McIntyre, MD",,Reproductive Endocrinology,,,,,,Unknown,,,healthgrades,2026-05-15T06:39:32.606964
"Dr. Timothy Yeko, MD",,Reproductive Endocrinology,,,,,,Unknown,,,healthgrades,2026-05-15T06:39:32.596491
"Dr. Mark Amols, MD",,Reproductive Endocrinology,,,,,,Unknown,,,healthgrades,2026-05-15T06:39:32.581781
"Dr. Christine Mansfield, MD",,Reproductive Endocrinology,,,,,,Unknown,,,healthgrades,2026-05-15T06:39:32.543352
"Dr. Clarissa Mashchak, MD",,Reproductive Endocrinology,,,,,,Unknown,,,healthgrades,2026-05-15T06:39:32.480358
"Dr. Michael Glassner, MD",,Reproductive Endocrinology,,,,,,Unknown,,,healthgrades,2026-05-15T06:39:32.386349
"Dr. Laura Londra, MD",,Reproductive Endocrinology,,,,,,Unknown,,,healthgrades,2026-05-15T06:39:32.205395
"Dr. Sahadat Nurudeen, MD",,Reproductive Endocrinology,,,,,,Unknown,,,healthgrades,2026-05-15T06:39:22.118871
"Dr. Emily Seidler, MD",,Reproductive Endocrinology,,,,,,Unknown,,,healthgrades,2026-05-15T06:39:22.101412
"Dr. Natalie Stentz, MD",,Reproductive Endocrinology,,,,,,Unknown,,,healthgrades,2026-05-15T06:39:22.090206
"Dr. Samuel Tarantino, MD",,Reproductive Endocrinology,,,,,,Unknown,,,healthgrades,2026-05-15T06:39:22.080627
"Dr. Walid Saleh, MD",,Reproductive Endocrinology,,,,,,Unknown,,,healthgrades,2026-05-15T06:39:22.070453
"Dr. Joshua Hurwitz, MD",,Reproductive Endocrinology,,,,,,Unknown,,,healthgrades,2026-05-15T06:39:22.060875
"Dr. Kathleen Doody, MD",,Reproductive Endocrinology,,,,,,Unknown,,,healthgrades,2026-05-15T06:39:22.049937
"Dr. Craig Witz, MD",,Reproductive Endocrinology,,,,,,Unknown,,,healthgrades,2026-05-15T06:39:22.040338
"Dr. Anna Nackley, MD",,Reproductive Endocrinology,,,,,,Unknown,,,healthgrades,2026-05-15T06:39:22.025041
"Dr. Rachel Gerber, MD",,Reproductive Endocrinology,,,,,,Unknown,,,healthgrades,2026-05-15T06:39:22.007723
"Dr. Marcus Jurema, MD",,Reproductive Endocrinology,,,,,,Unknown,,,healthgrades,2026-05-15T06:39:21.989486
"Dr. Betsy McCormick, MD",,Reproductive Endocrinology,,,,,,Unknown,,,healthgrades,2026-05-15T06:39:21.974438
"Dr. Jason Griffith, MD",,Reproductive Endocrinology,,,,,,Unknown,,,healthgrades,2026-05-15T06:39:21.963227
"Dr. Matthew McIntyre, MD",,Reproductive Endocrinology,,,,,,Unknown,,,healthgrades,2026-05-15T06:39:21.948324
"Dr. Timothy Yeko, MD",,Reproductive Endocrinology,,,,,,Unknown,,,healthgrades,2026-05-15T06:39:21.922359
"Dr. Mark Amols, MD",,Reproductive Endocrinology,,,,,,Unknown,,,healthgrades,2026-05-15T06:39:21.898162
"Dr. Christine Mansfield, MD",,Reproductive Endocrinology,,,,,,Unknown,,,healthgrades,2026-05-15T06:39:21.849368
"Dr. Clarissa Mashchak, MD",,Reproductive Endocrinology,,,,,,Unknown,,,healthgrades,2026-05-15T06:39:21.739402
"Dr. Michael Glassner, MD",,Reproductive Endocrinology,,,,,,Unknown,,,healthgrades,2026-05-15T06:39:21.319359
"Dr. Laura Londra, MD",,Reproductive Endocrinology,,,,,,Unknown,,,healthgrades,2026-05-15T06:39:21.137122
"Dr. Sahadat Nurudeen, MD",,Reproductive Endocrinology,,,,,,Unknown,,,healthgrades,2026-05-15T06:39:10.980392
"Dr. Emily Seidler, MD",,Reproductive Endocrinology,,,,,,Unknown,,,healthgrades,2026-05-15T06:39:10.970717
"Dr. Natalie Stentz, MD",,Reproductive Endocrinology,,,,,,Unknown,,,healthgrades,2026-05-15T06:39:10.960729
"Dr. Samuel Tarantino, MD",,Reproductive Endocrinology,,,,,,Unknown,,,healthgrades,2026-05-15T06:39:10.948773
"Dr. Walid Saleh, MD",,Reproductive Endocrinology,,,,,,Unknown,,,healthgrades,2026-05-15T06:39:10.939121
"Dr. Joshua Hurwitz, MD",,Reproductive Endocrinology,,,,,,Unknown,,,healthgrades,2026-05-15T06:39:10.917577
"Dr. Kathleen Doody, MD",,Reproductive Endocrinology,,,,,,Unknown,,,healthgrades,2026-05-15T06:39:10.907411
"Dr. Craig Witz, MD",,Reproductive Endocrinology,,,,,,Unknown,,,healthgrades,2026-05-15T06:39:10.890522
"Dr. Anna Nackley, MD",,Reproductive Endocrinology,,,,,,Unknown,,,healthgrades,2026-05-15T06:39:10.869481
"Dr. Rachel Gerber, MD",,Reproductive Endocrinology,,,,,,Unknown,,,healthgrades,2026-05-15T06:39:10.844380
"Dr. Marcus Jurema, MD",,Reproductive Endocrinology,,,,,,Unknown,,,healthgrades,2026-05-15T06:39:10.829905
"Dr. Betsy McCormick, MD",,Reproductive Endocrinology,,,,,,Unknown,,,healthgrades,2026-05-15T06:39:10.821363
"Dr. Jason Griffith, MD",,Reproductive Endocrinology,,,,,,Unknown,,,healthgrades,2026-05-15T06:39:10.807228
"Dr. Matthew McIntyre, MD",,Reproductive Endocrinology,,,,,,Unknown,,,healthgrades,2026-05-15T06:39:10.794320
"Dr. Timothy Yeko, MD",,Reproductive Endocrinology,,,,,,Unknown,,,healthgrades,2026-05-15T06:39:10.717373
"Dr. Mark Amols, MD",,Reproductive Endocrinology,,,,,,Unknown,,,healthgrades,2026-05-15T06:39:10.683218
"Dr. Christine Mansfield, MD",,Reproductive Endocrinology,,,,,,Unknown,,,healthgrades,2026-05-15T06:39:10.657459
"Dr. Clarissa Mashchak, MD",,Reproductive Endocrinology,,,,,,Unknown,,,healthgrades,2026-05-15T06:39:10.621886
"Dr. Michael Glassner, MD",,Reproductive Endocrinology,,,,,,Unknown,,,healthgrades,2026-05-15T06:39:10.551961
"Dr. Laura Londra, MD",,Reproductive Endocrinology,,,,,,Unknown,,,healthgrades,2026-05-15T06:39:10.425968
"Dr. Sahadat Nurudeen, MD",,Reproductive Endocrinology,,,,,,Unknown,,,healthgrades,2026-05-15T06:39:00.005442
"Dr. Emily Seidler, MD",,Reproductive Endocrinology,,,,,,Unknown,,,healthgrades,2026-05-15T06:38:59.990206
"Dr. Natalie Stentz, MD",,Reproductive Endocrinology,,,,,,Unknown,,,healthgrades,2026-05-15T06:38:59.973365
"Dr. Samuel Tarantino, MD",,Reproductive Endocrinology,,,,,,Unknown,,,healthgrades,2026-05-15T06:38:59.957648
"Dr. Walid Saleh, MD",,Reproductive Endocrinology,,,,,,Unknown,,,healthgrades,2026-05-15T06:38:59.915540
"Dr. Joshua Hurwitz, MD",,Reproductive Endocrinology,,,,,,Unknown,,,healthgrades,2026-05-15T06:38:59.861627
"Dr. Kathleen Doody, MD",,Reproductive Endocrinology,,,,,,Unknown,,,healthgrades,2026-05-15T06:38:59.842011
"Dr. Craig Witz, MD",,Reproductive Endocrinology,,,,,,Unknown,,,healthgrades,2026-05-15T06:38:59.822144
"Dr. Anna Nackley, MD",,Reproductive Endocrinology,,,,,,Unknown,,,healthgrades,2026-05-15T06:38:59.810145
"Dr. Rachel Gerber, MD",,Reproductive Endocrinology,,,,,,Unknown,,,healthgrades,2026-05-15T06:38:59.797177
"Dr. Marcus Jurema, MD",,Reproductive Endocrinology,,,,,,Unknown,,,healthgrades,2026-05-15T06:38:59.777857
"Dr. Betsy McCormick, MD",,Reproductive Endocrinology,,,,,,Unknown,,,healthgrades,2026-05-15T06:38:59.762277
"Dr. Jason Griffith, MD",,Reproductive Endocrinology,,,,,,Unknown,,,healthgrades,2026-05-15T06:38:59.745391
"Dr. Matthew McIntyre, MD",,Reproductive Endocrinology,,,,,,Unknown,,,healthgrades,2026-05-15T06:38:59.705665
"Dr. Timothy Yeko, MD",,Reproductive Endocrinology,,,,,,Unknown,,,healthgrades,2026-05-15T06:38:59.609675
"Dr. Mark Amols, MD",,Reproductive Endocrinology,,,,,,Unknown,,,healthgrades,2026-05-15T06:38:59.533189
"Dr. Christine Mansfield, MD",,Reproductive Endocrinology,,,,,,Unknown,,,healthgrades,2026-05-15T06:38:59.412769
"Dr. Clarissa Mashchak, MD",,Reproductive Endocrinology,,,,,,Unknown,,,healthgrades,2026-05-15T06:38:59.236612
"Dr. Michael Glassner, MD",,Reproductive Endocrinology,,,,,,Unknown,,,healthgrades,2026-05-15T06:38:58.783283
"Dr. Laura Londra, MD",,Reproductive Endocrinology,,,,,,Unknown,,,healthgrades,2026-05-15T06:38:58.647896
"Dr. Sahadat Nurudeen, MD",,Reproductive Endocrinology,,,,,,Unknown,,,healthgrades,2026-05-15T06:38:48.617524
"Dr. Emily Seidler, MD",,Reproductive Endocrinology,,,,,,Unknown,,,healthgrades,2026-05-15T06:38:48.596615
"Dr. Natalie Stentz, MD",,Reproductive Endocrinology,,,,,,Unknown,,,healthgrades,2026-05-15T06:38:48.574683
"Dr. Samuel Tarantino, MD",,Reproductive Endocrinology,,,,,,Unknown,,,healthgrades,2026-05-15T06:38:48.561623
"Dr. Walid Saleh, MD",,Reproductive Endocrinology,,,,,,Unknown,,,healthgrades,2026-05-15T06:38:48.550979
"Dr. Joshua Hurwitz, MD",,Reproductive Endocrinology,,,,,,Unknown,,,healthgrades,2026-05-15T06:38:48.530345
"Dr. Kathleen Doody, MD",,Reproductive Endocrinology,,,,,,Unknown,,,healthgrades,2026-05-15T06:38:48.514316
"Dr. Craig Witz, MD",,Reproductive Endocrinology,,,,,,Unknown,,,healthgrades,2026-05-15T06:38:48.500350
"Dr. Anna Nackley, MD",,Reproductive Endocrinology,,,,,,Unknown,,,healthgrades,2026-05-15T06:38:48.489472
"Dr. Rachel Gerber, MD",,Reproductive Endocrinology,,,,,,Unknown,,,healthgrades,2026-05-15T06:38:48.478211
"Dr. Marcus Jurema, MD",,Reproductive Endocrinology,,,,,,Unknown,,,healthgrades,2026-05-15T06:38:48.467595
"Dr. Betsy McCormick, MD",,Reproductive Endocrinology,,,,,,Unknown,,,healthgrades,2026-05-15T06:38:48.456556
"Dr. Jason Griffith, MD",,Reproductive Endocrinology,,,,,,Unknown,,,healthgrades,2026-05-15T06:38:48.447250
"Dr. Matthew McIntyre, MD",,Reproductive Endocrinology,,,,,,Unknown,,,healthgrades,2026-05-15T06:38:48.435379
"Dr. Timothy Yeko, MD",,Reproductive Endocrinology,,,,,,Unknown,,,healthgrades,2026-05-15T06:38:48.424465
"Dr. Mark Amols, MD",,Reproductive Endocrinology,,,,,,Unknown,,,healthgrades,2026-05-15T06:38:48.367356
"Dr. Christine Mansfield, MD",,Reproductive Endocrinology,,,,,,Unknown,,,healthgrades,2026-05-15T06:38:48.320787
"Dr. Clarissa Mashchak, MD",,Reproductive Endocrinology,,,,,,Unknown,,,healthgrades,2026-05-15T06:38:48.276028
"Dr. Michael Glassner, MD",,Reproductive Endocrinology,,,,,,Unknown,,,healthgrades,2026-05-15T06:38:48.148369
"Dr. Laura Londra, MD",,Reproductive Endocrinology,,,,,,Unknown,,,healthgrades,2026-05-15T06:38:47.681190
"Dr. Sahadat Nurudeen, MD",,Reproductive Endocrinology,,,,,,Unknown,,,healthgrades,2026-05-15T06:38:37.981588
"Dr. Emily Seidler, MD",,Reproductive Endocrinology,,,,,,Unknown,,,healthgrades,2026-05-15T06:38:37.972767
"Dr. Natalie Stentz, MD",,Reproductive Endocrinology,,,,,,Unknown,,,healthgrades,2026-05-15T06:38:37.963703
"Dr. Samuel Tarantino, MD",,Reproductive Endocrinology,,,,,,Unknown,,,healthgrades,2026-05-15T06:38:37.954732
"Dr. Walid Saleh, MD",,Reproductive Endocrinology,,,,,,Unknown,,,healthgrades,2026-05-15T06:38:37.944075
"Dr. Joshua Hurwitz, MD",,Reproductive Endocrinology,,,,,,Unknown,,,healthgrades,2026-05-15T06:38:37.934328
"Dr. Kathleen Doody, MD",,Reproductive Endocrinology,,,,,,Unknown,,,healthgrades,2026-05-15T06:38:37.924889
"Dr. Craig Witz, MD",,Reproductive Endocrinology,,,,,,Unknown,,,healthgrades,2026-05-15T06:38:37.914377
"Dr. Anna Nackley, MD",,Reproductive Endocrinology,,,,,,Unknown,,,healthgrades,2026-05-15T06:38:37.901999
"Dr. Rachel Gerber, MD",,Reproductive Endocrinology,,,,,,Unknown,,,healthgrades,2026-05-15T06:38:37.889810
"Dr. Marcus Jurema, MD",,Reproductive Endocrinology,,,,,,Unknown,,,healthgrades,2026-05-15T06:38:37.881700
"Dr. Betsy McCormick, MD",,Reproductive Endocrinology,,,,,,Unknown,,,healthgrades,2026-05-15T06:38:37.863834
"Dr. Jason Griffith, MD",,Reproductive Endocrinology,,,,,,Unknown,,,healthgrades,2026-05-15T06:38:37.852092
"Dr. Matthew McIntyre, MD",,Reproductive Endocrinology,,,,,,Unknown,,,healthgrades,2026-05-15T06:38:37.828361
"Dr. Timothy Yeko, MD",,Reproductive Endocrinology,,,,,,Unknown,,,healthgrades,2026-05-15T06:38:37.787809
"Dr. Mark Amols, MD",,Reproductive Endocrinology,,,,,,Unknown,,,healthgrades,2026-05-15T06:38:37.729381
"Dr. Christine Mansfield, MD",,Reproductive Endocrinology,,,,,,Unknown,,,healthgrades,2026-05-15T06:38:37.640478
"Dr. Clarissa Mashchak, MD",,Reproductive Endocrinology,,,,,,Unknown,,,healthgrades,2026-05-15T06:38:37.154648
"Dr. Michael Glassner, MD",,Reproductive Endocrinology,,,,,,Unknown,,,healthgrades,2026-05-15T06:38:36.993374
"Dr. Laura Londra, MD",,Reproductive Endocrinology,,,,,,Unknown,,,healthgrades,2026-05-15T06:38:36.790820
"Dr. Sahadat Nurudeen, MD",,Reproductive Endocrinology,,,,,,Unknown,,,healthgrades,2026-05-15T06:38:26.541347
"Dr. Emily Seidler, MD",,Reproductive Endocrinology,,,,,,Unknown,,,healthgrades,2026-05-15T06:38:26.523630
"Dr. Natalie Stentz, MD",,Reproductive Endocrinology,,,,,,Unknown,,,healthgrades,2026-05-15T06:38:26.499706
"Dr. Samuel Tarantino, MD",,Reproductive Endocrinology,,,,,,Unknown,,,healthgrades,2026-05-15T06:38:26.468345
"Dr. Walid Saleh, MD",,Reproductive Endocrinology,,,,,,Unknown,,,healthgrades,2026-05-15T06:38:26.451497
"Dr. Joshua Hurwitz, MD",,Reproductive Endocrinology,,,,,,Unknown,,,healthgrades,2026-05-15T06:38:26.420667
"Dr. Kathleen Doody, MD",,Reproductive Endocrinology,,,,,,Unknown,,,healthgrades,2026-05-15T06:38:26.396067
"Dr. Craig Witz, MD",,Reproductive Endocrinology,,,,,,Unknown,,,healthgrades,2026-05-15T06:38:26.363353
"Dr. Anna Nackley, MD",,Reproductive Endocrinology,,,,,,Unknown,,,healthgrades,2026-05-15T06:38:26.340500
"Dr. Rachel Gerber, MD",,Reproductive Endocrinology,,,,,,Unknown,,,healthgrades,2026-05-15T06:38:26.323411
"Dr. Marcus Jurema, MD",,Reproductive Endocrinology,,,,,,Unknown,,,healthgrades,2026-05-15T06:38:26.303414
"Dr. Betsy McCormick, MD",,Reproductive Endocrinology,,,,,,Unknown,,,healthgrades,2026-05-15T06:38:26.284344
"Dr. Jason Griffith, MD",,Reproductive Endocrinology,,,,,,Unknown,,,healthgrades,2026-05-15T06:38:26.263754
"Dr. Matthew McIntyre, MD",,Reproductive Endocrinology,,,,,,Unknown,,,healthgrades,2026-05-15T06:38:26.224247
"Dr. Timothy Yeko, MD",,Reproductive Endocrinology,,,,,,Unknown,,,healthgrades,2026-05-15T06:38:26.076079
"Dr. Mark Amols, MD",,Reproductive Endocrinology,,,,,,Unknown,,,healthgrades,2026-05-15T06:38:25.996637
"Dr. Christine Mansfield, MD",,Reproductive Endocrinology,,,,,,Unknown,,,healthgrades,2026-05-15T06:38:25.807363
"Dr. Clarissa Mashchak, MD",,Reproductive Endocrinology,,,,,,Unknown,,,healthgrades,2026-05-15T06:38:25.735344
"Dr. Michael Glassner, MD",,Reproductive Endocrinology,,,,,,Unknown,,,healthgrades,2026-05-15T06:38:25.686189
"Dr. Laura Londra, MD",,Reproductive Endocrinology,,,,,,Unknown,,,healthgrades,2026-05-15T06:38:25.580075
"Dr. Sahadat Nurudeen, MD",,Reproductive Endocrinology,,,,,,Unknown,,,healthgrades,2026-05-15T06:38:15.809310
"Dr. Emily Seidler, MD",,Reproductive Endocrinology,,,,,,Unknown,,,healthgrades,2026-05-15T06:38:15.800002
"Dr. Natalie Stentz, MD",,Reproductive Endocrinology,,,,,,Unknown,,,healthgrades,2026-05-15T06:38:15.787861
"Dr. Samuel Tarantino, MD",,Reproductive Endocrinology,,,,,,Unknown,,,healthgrades,2026-05-15T06:38:15.763898
"Dr. Walid Saleh, MD",,Reproductive Endocrinology,,,,,,Unknown,,,healthgrades,2026-05-15T06:38:15.753322
"Dr. Joshua Hurwitz, MD",,Reproductive Endocrinology,,,,,,Unknown,,,healthgrades,2026-05-15T06:38:15.744010
"Dr. Kathleen Doody, MD",,Reproductive Endocrinology,,,,,,Unknown,,,healthgrades,2026-05-15T06:38:15.733685
"Dr. Craig Witz, MD",,Reproductive Endocrinology,,,,,,Unknown,,,healthgrades,2026-05-15T06:38:15.723332
"Dr. Anna Nackley, MD",,Reproductive Endocrinology,,,,,,Unknown,,,healthgrades,2026-05-15T06:38:15.714145
"Dr. Rachel Gerber, MD",,Reproductive Endocrinology,,,,,,Unknown,,,healthgrades,2026-05-15T06:38:15.704148
"Dr. Marcus Jurema, MD",,Reproductive Endocrinology,,,,,,Unknown,,,healthgrades,2026-05-15T06:38:15.693099
"Dr. Betsy McCormick, MD",,Reproductive Endocrinology,,,,,,Unknown,,,healthgrades,2026-05-15T06:38:15.682009
"Dr. Jason Griffith, MD",,Reproductive Endocrinology,,,,,,Unknown,,,healthgrades,2026-05-15T06:38:15.672094
"Dr. Matthew McIntyre, MD",,Reproductive Endocrinology,,,,,,Unknown,,,healthgrades,2026-05-15T06:38:15.661567
"Dr. Timothy Yeko, MD",,Reproductive Endocrinology,,,,,,Unknown,,,healthgrades,2026-05-15T06:38:15.651113
"Dr. Mark Amols, MD",,Reproductive Endocrinology,,,,,,Unknown,,,healthgrades,2026-05-15T06:38:15.640979
"Dr. Christine Mansfield, MD",,Reproductive Endocrinology,,,,,,Unknown,,,healthgrades,2026-05-15T06:38:15.630946
"Dr. Clarissa Mashchak, MD",,Reproductive Endocrinology,,,,,,Unknown,,,healthgrades,2026-05-15T06:38:15.618546
"Dr. Michael Glassner, MD",,Reproductive Endocrinology,,,,,,Unknown,,,healthgrades,2026-05-15T06:38:15.586655
"Dr. Laura Londra, MD",,Reproductive Endocrinology,,,,,,Unknown,,,healthgrades,2026-05-15T06:38:15.519871
"Dr. Sahadat Nurudeen, MD",,Reproductive Endocrinology,,,,,,Unknown,,,healthgrades,2026-05-15T06:38:05.825449
"Dr. Emily Seidler, MD",,Reproductive Endocrinology,,,,,,Unknown,,,healthgrades,2026-05-15T06:38:05.806346
"Dr. Natalie Stentz, MD",,Reproductive Endocrinology,,,,,,Unknown,,,healthgrades,2026-05-15T06:38:05.781411
"Dr. Samuel Tarantino, MD",,Reproductive Endocrinology,,,,,,Unknown,,,healthgrades,2026-05-15T06:38:05.751770
"Dr. Walid Saleh, MD",,Reproductive Endocrinology,,,,,,Unknown,,,healthgrades,2026-05-15T06:38:05.737108
"Dr. Joshua Hurwitz, MD",,Reproductive Endocrinology,,,,,,Unknown,,,healthgrades,2026-05-15T06:38:05.722639
"Dr. Kathleen Doody, MD",,Reproductive Endocrinology,,,,,,Unknown,,,healthgrades,2026-05-15T06:38:05.711260
"Dr. Craig Witz, MD",,Reproductive Endocrinology,,,,,,Unknown,,,healthgrades,2026-05-15T06:38:05.698422
"Dr. Anna Nackley, MD",,Reproductive Endocrinology,,,,,,Unknown,,,healthgrades,2026-05-15T06:38:05.685460
"Dr. Rachel Gerber, MD",,Reproductive Endocrinology,,,,,,Unknown,,,healthgrades,2026-05-15T06:38:05.674246
"Dr. Marcus Jurema, MD",,Reproductive Endocrinology,,,,,,Unknown,,,healthgrades,2026-05-15T06:38:05.661449
"Dr. Betsy McCormick, MD",,Reproductive Endocrinology,,,,,,Unknown,,,healthgrades,2026-05-15T06:38:05.629385
"Dr. Jason Griffith, MD",,Reproductive Endocrinology,,,,,,Unknown,,,healthgrades,2026-05-15T06:38:05.595316
"Dr. Matthew McIntyre, MD",,Reproductive Endocrinology,,,,,,Unknown,,,healthgrades,2026-05-15T06:38:05.508431
"Dr. Timothy Yeko, MD",,Reproductive Endocrinology,,,,,,Unknown,,,healthgrades,2026-05-15T06:38:05.394395
"Dr. Mark Amols, MD",,Reproductive Endocrinology,,,,,,Unknown,,,healthgrades,2026-05-15T06:38:05.336356
"Dr. Christine Mansfield, MD",,Reproductive Endocrinology,,,,,,Unknown,,,healthgrades,2026-05-15T06:38:05.248352
"Dr. Clarissa Mashchak, MD",,Reproductive Endocrinology,,,,,,Unknown,,,healthgrades,2026-05-15T06:38:05.186355
"Dr. Michael Glassner, MD",,Reproductive Endocrinology,,,,,,Unknown,,,healthgrades,2026-05-15T06:38:05.106820
"Dr. Laura Londra, MD",,Reproductive Endocrinology,,,,,,Unknown,,,healthgrades,2026-05-15T06:38:04.930026
"Dr. Sahadat Nurudeen, MD",,Reproductive Endocrinology,,,,,,Unknown,,,healthgrades,2026-05-15T06:37:54.537857
"Dr. Emily Seidler, MD",,Reproductive Endocrinology,,,,,,Unknown,,,healthgrades,2026-05-15T06:37:54.518042
"Dr. Natalie Stentz, MD",,Reproductive Endocrinology,,,,,,Unknown,,,healthgrades,2026-05-15T06:37:54.500079
"Dr. Samuel Tarantino, MD",,Reproductive Endocrinology,,,,,,Unknown,,,healthgrades,2026-05-15T06:37:54.484422
"Dr. Walid Saleh, MD",,Reproductive Endocrinology,,,,,,Unknown,,,healthgrades,2026-05-15T06:37:54.468201
"Dr. Joshua Hurwitz, MD",,Reproductive Endocrinology,,,,,,Unknown,,,healthgrades,2026-05-15T06:37:54.451615
"Dr. Kathleen Doody, MD",,Reproductive Endocrinology,,,,,,Unknown,,,healthgrades,2026-05-15T06:37:54.443201
"Dr. Craig Witz, MD",,Reproductive Endocrinology,,,,,,Unknown,,,healthgrades,2026-05-15T06:37:54.433829
"Dr. Anna Nackley, MD",,Reproductive Endocrinology,,,,,,Unknown,,,healthgrades,2026-05-15T06:37:54.425753
"Dr. Rachel Gerber, MD",,Reproductive Endocrinology,,,,,,Unknown,,,healthgrades,2026-05-15T06:37:54.416453
"Dr. Marcus Jurema, MD",,Reproductive Endocrinology,,,,,,Unknown,,,healthgrades,2026-05-15T06:37:54.396182
"Dr. Betsy McCormick, MD",,Reproductive Endocrinology,,,,,,Unknown,,,healthgrades,2026-05-15T06:37:54.386642
"Dr. Jason Griffith, MD",,Reproductive Endocrinology,,,,,,Unknown,,,healthgrades,2026-05-15T06:37:54.376908
"Dr. Matthew McIntyre, MD",,Reproductive Endocrinology,,,,,,Unknown,,,healthgrades,2026-05-15T06:37:54.358835
"Dr. Timothy Yeko, MD",,Reproductive Endocrinology,,,,,,Unknown,,,healthgrades,2026-05-15T06:37:54.303427
"Dr. Mark Amols, MD",,Reproductive Endocrinology,,,,,,Unknown,,,healthgrades,2026-05-15T06:37:54.251826
"Dr. Christine Mansfield, MD",,Reproductive Endocrinology,,,,,,Unknown,,,healthgrades,2026-05-15T06:37:54.203293
"Dr. Clarissa Mashchak, MD",,Reproductive Endocrinology,,,,,,Unknown,,,healthgrades,2026-05-15T06:37:54.030802
"Dr. Michael Glassner, MD",,Reproductive Endocrinology,,,,,,Unknown,,,healthgrades,2026-05-15T06:37:53.612275
"Dr. Laura Londra, MD",,Reproductive Endocrinology,,,,,,Unknown,,,healthgrades,2026-05-15T06:37:53.454964
"Dr. Sahadat Nurudeen, MD",,Reproductive Endocrinology,,,,,,Unknown,,,healthgrades,2026-05-15T06:37:43.204238
"Dr. Emily Seidler, MD",,Reproductive Endocrinology,,,,,,Unknown,,,healthgrades,2026-05-15T06:37:43.188842
"Dr. Natalie Stentz, MD",,Reproductive Endocrinology,,,,,,Unknown,,,healthgrades,2026-05-15T06:37:43.172726
"Dr. Samuel Tarantino, MD",,Reproductive Endocrinology,,,,,,Unknown,,,healthgrades,2026-05-15T06:37:43.116126
"Dr. Walid Saleh, MD",,Reproductive Endocrinology,,,,,,Unknown,,,healthgrades,2026-05-15T06:37:43.094938
"Dr. Joshua Hurwitz, MD",,Reproductive Endocrinology,,,,,,Unknown,,,healthgrades,2026-05-15T06:37:43.075203
"Dr. Kathleen Doody, MD",,Reproductive Endocrinology,,,,,,Unknown,,,healthgrades,2026-05-15T06:37:43.057052
"Dr. Craig Witz, MD",,Reproductive Endocrinology,,,,,,Unknown,,,healthgrades,2026-05-15T06:37:43.034885
"Dr. Anna Nackley, MD",,Reproductive Endocrinology,,,,,,Unknown,,,healthgrades,2026-05-15T06:37:42.994467
"Dr. Rachel Gerber, MD",,Reproductive Endocrinology,,,,,,Unknown,,,healthgrades,2026-05-15T06:37:42.978871
"Dr. Marcus Jurema, MD",,Reproductive Endocrinology,,,,,,Unknown,,,healthgrades,2026-05-15T06:37:42.963823
"Dr. Betsy McCormick, MD",,Reproductive Endocrinology,,,,,,Unknown,,,healthgrades,2026-05-15T06:37:42.946688
"Dr. Jason Griffith, MD",,Reproductive Endocrinology,,,,,,Unknown,,,healthgrades,2026-05-15T06:37:42.926404
"Dr. Matthew McIntyre, MD",,Reproductive Endocrinology,,,,,,Unknown,,,healthgrades,2026-05-15T06:37:42.915142
"Dr. Timothy Yeko, MD",,Reproductive Endocrinology,,,,,,Unknown,,,healthgrades,2026-05-15T06:37:42.884150
"Dr. Mark Amols, MD",,Reproductive Endocrinology,,,,,,Unknown,,,healthgrades,2026-05-15T06:37:42.826606
"Dr. Christine Mansfield, MD",,Reproductive Endocrinology,,,,,,Unknown,,,healthgrades,2026-05-15T06:37:42.758339
"Dr. Clarissa Mashchak, MD",,Reproductive Endocrinology,,,,,,Unknown,,,healthgrades,2026-05-15T06:37:42.690388
"Dr. Michael Glassner, MD",,Reproductive Endocrinology,,,,,,Unknown,,,healthgrades,2026-05-15T06:37:42.583778
"Dr. Laura Londra, MD",,Reproductive Endocrinology,,,,,,Unknown,,,healthgrades,2026-05-15T06:37:42.222358
"Dr. Sahadat Nurudeen, MD",,Reproductive Endocrinology,,,,,,Unknown,,,healthgrades,2026-05-15T06:37:32.391403
"Dr. Emily Seidler, MD",,Reproductive Endocrinology,,,,,,Unknown,,,healthgrades,2026-05-15T06:37:32.376025
"Dr. Natalie Stentz, MD",,Reproductive Endocrinology,,,,,,Unknown,,,healthgrades,2026-05-15T06:37:32.363211
"Dr. Samuel Tarantino, MD",,Reproductive Endocrinology,,,,,,Unknown,,,healthgrades,2026-05-15T06:37:32.350403
"Dr. Walid Saleh, MD",,Reproductive Endocrinology,,,,,,Unknown,,,healthgrades,2026-05-15T06:37:32.312415
"Dr. Joshua Hurwitz, MD",,Reproductive Endocrinology,,,,,,Unknown,,,healthgrades,2026-05-15T06:37:32.303446
"Dr. Kathleen Doody, MD",,Reproductive Endocrinology,,,,,,Unknown,,,healthgrades,2026-05-15T06:37:32.290029
"Dr. Craig Witz, MD",,Reproductive Endocrinology,,,,,,Unknown,,,healthgrades,2026-05-15T06:37:32.279702
"Dr. Anna Nackley, MD",,Reproductive Endocrinology,,,,,,Unknown,,,healthgrades,2026-05-15T06:37:32.268117
"Dr. Rachel Gerber, MD",,Reproductive Endocrinology,,,,,,Unknown,,,healthgrades,2026-05-15T06:37:32.257150
"Dr. Marcus Jurema, MD",,Reproductive Endocrinology,,,,,,Unknown,,,healthgrades,2026-05-15T06:37:32.246043
"Dr. Betsy McCormick, MD",,Reproductive Endocrinology,,,,,,Unknown,,,healthgrades,2026-05-15T06:37:32.214802
"Dr. Jason Griffith, MD",,Reproductive Endocrinology,,,,,,Unknown,,,healthgrades,2026-05-15T06:37:32.189271
"Dr. Matthew McIntyre, MD",,Reproductive Endocrinology,,,,,,Unknown,,,healthgrades,2026-05-15T06:37:32.155940
"Dr. Timothy Yeko, MD",,Reproductive Endocrinology,,,,,,Unknown,,,healthgrades,2026-05-15T06:37:32.126542
"Dr. Mark Amols, MD",,Reproductive Endocrinology,,,,,,Unknown,,,healthgrades,2026-05-15T06:37:32.058633
"Dr. Christine Mansfield, MD",,Reproductive Endocrinology,,,,,,Unknown,,,healthgrades,2026-05-15T06:37:31.964742
"Dr. Clarissa Mashchak, MD",,Reproductive Endocrinology,,,,,,Unknown,,,healthgrades,2026-05-15T06:37:31.857147
"Dr. Michael Glassner, MD",,Reproductive Endocrinology,,,,,,Unknown,,,healthgrades,2026-05-15T06:37:31.688866
"Dr. Laura Londra, MD",,Reproductive Endocrinology,,,,,,Unknown,,,healthgrades,2026-05-15T06:37:31.453792
"Dr. Sahadat Nurudeen, MD",,Reproductive Endocrinology,,,,,,Unknown,,,healthgrades,2026-05-15T06:37:21.151165
"Dr. Emily Seidler, MD",,Reproductive Endocrinology,,,,,,Unknown,,,healthgrades,2026-05-15T06:37:21.138368
"Dr. Natalie Stentz, MD",,Reproductive Endocrinology,,,,,,Unknown,,,healthgrades,2026-05-15T06:37:21.124715
"Dr. Samuel Tarantino, MD",,Reproductive Endocrinology,,,,,,Unknown,,,healthgrades,2026-05-15T06:37:21.109849
"Dr. Walid Saleh, MD",,Reproductive Endocrinology,,,,,,Unknown,,,healthgrades,2026-05-15T06:37:21.097255
"Dr. Joshua Hurwitz, MD",,Reproductive Endocrinology,,,,,,Unknown,,,healthgrades,2026-05-15T06:37:21.084658
"Dr. Kathleen Doody, MD",,Reproductive Endocrinology,,,,,,Unknown,,,healthgrades,2026-05-15T06:37:19.298489
"Dr. Craig Witz, MD",,Reproductive Endocrinology,,,,,,Unknown,,,healthgrades,2026-05-15T06:37:19.285985
"Dr. Anna Nackley, MD",,Reproductive Endocrinology,,,,,,Unknown,,,healthgrades,2026-05-15T06:37:19.272730
"Dr. Rachel Gerber, MD",,Reproductive Endocrinology,,,,,,Unknown,,,healthgrades,2026-05-15T06:37:19.229675
"Dr. Marcus Jurema, MD",,Reproductive Endocrinology,,,,,,Unknown,,,healthgrades,2026-05-15T06:37:19.212297
"Dr. Betsy McCormick, MD",,Reproductive Endocrinology,,,,,,Unknown,,,healthgrades,2026-05-15T06:37:19.183274
"Dr. Jason Griffith, MD",,Reproductive Endocrinology,,,,,,Unknown,,,healthgrades,2026-05-15T06:37:19.122289
"Dr. Matthew McIntyre, MD",,Reproductive Endocrinology,,,,,,Unknown,,,healthgrades,2026-05-15T06:37:19.018351
"Dr. Timothy Yeko, MD",,Reproductive Endocrinology,,,,,,Unknown,,,healthgrades,2026-05-15T06:37:18.863250
"Dr. Mark Amols, MD",,Reproductive Endocrinology,,,,,,Unknown,,,healthgrades,2026-05-15T06:37:18.598267
"Dr. Christine Mansfield, MD",,Reproductive Endocrinology,,,,,,Unknown,,,healthgrades,2026-05-15T06:37:18.430044
"Dr. Clarissa Mashchak, MD",,Reproductive Endocrinology,,,,,,Unknown,,,healthgrades,2026-05-15T06:37:18.245476
"Dr. Michael Glassner, MD",,Reproductive Endocrinology,,,,,,Unknown,,,healthgrades,2026-05-15T06:37:18.095174
"Dr. Laura Londra, MD",,Reproductive Endocrinology,,,,,,Unknown,,,healthgrades,2026-05-15T06:37:17.468688
"Dr. Sahadat Nurudeen, MD",,Reproductive Endocrinology,,,,,,Unknown,,,healthgrades,2026-05-15T06:37:05.584932
"Dr. Emily Seidler, MD",,Reproductive Endocrinology,,,,,,Unknown,,,healthgrades,2026-05-15T06:37:05.576638
"Dr. Natalie Stentz, MD",,Reproductive Endocrinology,,,,,,Unknown,,,healthgrades,2026-05-15T06:37:05.566158
"Dr. Samuel Tarantino, MD",,Reproductive Endocrinology,,,,,,Unknown,,,healthgrades,2026-05-15T06:37:05.557994
"Dr. Walid Saleh, MD",,Reproductive Endocrinology,,,,,,Unknown,,,healthgrades,2026-05-15T06:37:05.549603
"Dr. Joshua Hurwitz, MD",,Reproductive Endocrinology,,,,,,Unknown,,,healthgrades,2026-05-15T06:37:05.541228
"Dr. Kathleen Doody, MD",,Reproductive Endocrinology,,,,,,Unknown,,,healthgrades,2026-05-15T06:37:05.521690
"Dr. Craig Witz, MD",,Reproductive Endocrinology,,,,,,Unknown,,,healthgrades,2026-05-15T06:37:05.477316
"Dr. Anna Nackley, MD",,Reproductive Endocrinology,,,,,,Unknown,,,healthgrades,2026-05-15T06:37:05.459340
"Dr. Rachel Gerber, MD",,Reproductive Endocrinology,,,,,,Unknown,,,healthgrades,2026-05-15T06:37:05.447676
"Dr. Marcus Jurema, MD",,Reproductive Endocrinology,,,,,,Unknown,,,healthgrades,2026-05-15T06:37:05.423342
"Dr. Betsy McCormick, MD",,Reproductive Endocrinology,,,,,,Unknown,,,healthgrades,2026-05-15T06:37:05.404348
"Dr. Jason Griffith, MD",,Reproductive Endocrinology,,,,,,Unknown,,,healthgrades,2026-05-15T06:37:05.380190
"Dr. Matthew McIntyre, MD",,Reproductive Endocrinology,,,,,,Unknown,,,healthgrades,2026-05-15T06:37:05.370690
"Dr. Timothy Yeko, MD",,Reproductive Endocrinology,,,,,,Unknown,,,healthgrades,2026-05-15T06:37:05.359814
"Dr. Mark Amols, MD",,Reproductive Endocrinology,,,,,,Unknown,,,healthgrades,2026-05-15T06:37:05.352108
"Dr. Christine Mansfield, MD",,Reproductive Endocrinology,,,,,,Unknown,,,healthgrades,2026-05-15T06:37:05.343396
"Dr. Clarissa Mashchak, MD",,Reproductive Endocrinology,,,,,,Unknown,,,healthgrades,2026-05-15T06:37:05.335240
"Dr. Michael Glassner, MD",,Reproductive Endocrinology,,,,,,Unknown,,,healthgrades,2026-05-15T06:37:05.325862
"Dr. Laura Londra, MD",,Reproductive Endocrinology,,,,,,Unknown,,,healthgrades,2026-05-15T06:37:05.316337
"Dr. Sahadat Nurudeen, MD",,Reproductive Endocrinology,,,,,,Unknown,,,healthgrades,2026-05-15T06:36:56.314355
"Dr. Emily Seidler, MD",,Reproductive Endocrinology,,,,,,Unknown,,,healthgrades,2026-05-15T06:36:56.305657
"Dr. Natalie Stentz, MD",,Reproductive Endocrinology,,,,,,Unknown,,,healthgrades,2026-05-15T06:36:56.296219
"Dr. Samuel Tarantino, MD",,Reproductive Endocrinology,,,,,,Unknown,,,healthgrades,2026-05-15T06:36:56.288342
"Dr. Walid Saleh, MD",,Reproductive Endocrinology,,,,,,Unknown,,,healthgrades,2026-05-15T06:36:56.280582
"Dr. Joshua Hurwitz, MD",,Reproductive Endocrinology,,,,,,Unknown,,,healthgrades,2026-05-15T06:36:56.272672
"Dr. Kathleen Doody, MD",,Reproductive Endocrinology,,,,,,Unknown,,,healthgrades,2026-05-15T06:36:56.265028
"Dr. Craig Witz, MD",,Reproductive Endocrinology,,,,,,Unknown,,,healthgrades,2026-05-15T06:36:56.256512
"Dr. Anna Nackley, MD",,Reproductive Endocrinology,,,,,,Unknown,,,healthgrades,2026-05-15T06:36:56.248773
"Dr. Rachel Gerber, MD",,Reproductive Endocrinology,,,,,,Unknown,,,healthgrades,2026-05-15T06:36:56.240628
"Dr. Marcus Jurema, MD",,Reproductive Endocrinology,,,,,,Unknown,,,healthgrades,2026-05-15T06:36:56.232271
"Dr. Betsy McCormick, MD",,Reproductive Endocrinology,,,,,,Unknown,,,healthgrades,2026-05-15T06:36:56.223735
"Dr. Jason Griffith, MD",,Reproductive Endocrinology,,,,,,Unknown,,,healthgrades,2026-05-15T06:36:56.215437
"Dr. Matthew McIntyre, MD",,Reproductive Endocrinology,,,,,,Unknown,,,healthgrades,2026-05-15T06:36:56.207801
"Dr. Timothy Yeko, MD",,Reproductive Endocrinology,,,,,,Unknown,,,healthgrades,2026-05-15T06:36:56.193252
"Dr. Mark Amols, MD",,Reproductive Endocrinology,,,,,,Unknown,,,healthgrades,2026-05-15T06:36:56.183804
"Dr. Christine Mansfield, MD",,Reproductive Endocrinology,,,,,,Unknown,,,healthgrades,2026-05-15T06:36:56.162896
"Dr. Clarissa Mashchak, MD",,Reproductive Endocrinology,,,,,,Unknown,,,healthgrades,2026-05-15T06:36:56.134364
"Dr. Michael Glassner, MD",,Reproductive Endocrinology,,,,,,Unknown,,,healthgrades,2026-05-15T06:36:56.121490
"Dr. Laura Londra, MD",,Reproductive Endocrinology,,,,,,Unknown,,,healthgrades,2026-05-15T06:36:56.112351
"Dr. Sahadat Nurudeen, MD",,Reproductive Endocrinology,,,,,,Unknown,,,healthgrades,2026-05-15T06:36:46.547546
"Dr. Emily Seidler, MD",,Reproductive Endocrinology,,,,,,Unknown,,,healthgrades,2026-05-15T06:36:46.539844
"Dr. Natalie Stentz, MD",,Reproductive Endocrinology,,,,,,Unknown,,,healthgrades,2026-05-15T06:36:46.529856
"Dr. Samuel Tarantino, MD",,Reproductive Endocrinology,,,,,,Unknown,,,healthgrades,2026-05-15T06:36:46.521705
"Dr. Walid Saleh, MD",,Reproductive Endocrinology,,,,,,Unknown,,,healthgrades,2026-05-15T06:36:46.513830
"Dr. Joshua Hurwitz, MD",,Reproductive Endocrinology,,,,,,Unknown,,,healthgrades,2026-05-15T06:36:46.505611
"Dr. Kathleen Doody, MD",,Reproductive Endocrinology,,,,,,Unknown,,,healthgrades,2026-05-15T06:36:46.496974
"Dr. Craig Witz, MD",,Reproductive Endocrinology,,,,,,Unknown,,,healthgrades,2026-05-15T06:36:46.487504
"Dr. Anna Nackley, MD",,Reproductive Endocrinology,,,,,,Unknown,,,healthgrades,2026-05-15T06:36:46.479268
"Dr. Rachel Gerber, MD",,Reproductive Endocrinology,,,,,,Unknown,,,healthgrades,2026-05-15T06:36:46.470968
"Dr. Marcus Jurema, MD",,Reproductive Endocrinology,,,,,,Unknown,,,healthgrades,2026-05-15T06:36:46.462998
"Dr. Betsy McCormick, MD",,Reproductive Endocrinology,,,,,,Unknown,,,healthgrades,2026-05-15T06:36:46.453889
"Dr. Jason Griffith, MD",,Reproductive Endocrinology,,,,,,Unknown,,,healthgrades,2026-05-15T06:36:46.445874
"Dr. Matthew McIntyre, MD",,Reproductive Endocrinology,,,,,,Unknown,,,healthgrades,2026-05-15T06:36:46.437994
"Dr. Timothy Yeko, MD",,Reproductive Endocrinology,,,,,,Unknown,,,healthgrades,2026-05-15T06:36:46.430254
"Dr. Mark Amols, MD",,Reproductive Endocrinology,,,,,,Unknown,,,healthgrades,2026-05-15T06:36:46.420567
"Dr. Christine Mansfield, MD",,Reproductive Endocrinology,,,,,,Unknown,,,healthgrades,2026-05-15T06:36:46.410636
"Dr. Clarissa Mashchak, MD",,Reproductive Endocrinology,,,,,,Unknown,,,healthgrades,2026-05-15T06:36:46.398222
"Dr. Michael Glassner, MD",,Reproductive Endocrinology,,,,,,Unknown,,,healthgrades,2026-05-15T06:36:46.389701
"Dr. Laura Londra, MD",,Reproductive Endocrinology,,,,,,Unknown,,,healthgrades,2026-05-15T06:36:46.380681
"Dr. Sahadat Nurudeen, MD",,Reproductive Endocrinology,,,,,,Unknown,,,healthgrades,2026-05-15T06:36:37.213502
"Dr. Emily Seidler, MD",,Reproductive Endocrinology,,,,,,Unknown,,,healthgrades,2026-05-15T06:36:37.205815
"Dr. Natalie Stentz, MD",,Reproductive Endocrinology,,,,,,Unknown,,,healthgrades,2026-05-15T06:36:37.197239
"Dr. Samuel Tarantino, MD",,Reproductive Endocrinology,,,,,,Unknown,,,healthgrades,2026-05-15T06:36:37.188985
"Dr. Walid Saleh, MD",,Reproductive Endocrinology,,,,,,Unknown,,,healthgrades,2026-05-15T06:36:37.181382
"Dr. Joshua Hurwitz, MD",,Reproductive Endocrinology,,,,,,Unknown,,,healthgrades,2026-05-15T06:36:37.172480
"Dr. Kathleen Doody, MD",,Reproductive Endocrinology,,,,,,Unknown,,,healthgrades,2026-05-15T06:36:37.156809
"Dr. Craig Witz, MD",,Reproductive Endocrinology,,,,,,Unknown,,,healthgrades,2026-05-15T06:36:37.148790
"Dr. Anna Nackley, MD",,Reproductive Endocrinology,,,,,,Unknown,,,healthgrades,2026-05-15T06:36:37.141225
"Dr. Rachel Gerber, MD",,Reproductive Endocrinology,,,,,,Unknown,,,healthgrades,2026-05-15T06:36:37.133663
"Dr. Marcus Jurema, MD",,Reproductive Endocrinology,,,,,,Unknown,,,healthgrades,2026-05-15T06:36:37.125965
"Dr. Betsy McCormick, MD",,Reproductive Endocrinology,,,,,,Unknown,,,healthgrades,2026-05-15T06:36:37.118547
"Dr. Jason Griffith, MD",,Reproductive Endocrinology,,,,,,Unknown,,,healthgrades,2026-05-15T06:36:37.110742
"Dr. Matthew McIntyre, MD",,Reproductive Endocrinology,,,,,,Unknown,,,healthgrades,2026-05-15T06:36:37.101784
"Dr. Timothy Yeko, MD",,Reproductive Endocrinology,,,,,,Unknown,,,healthgrades,2026-05-15T06:36:37.092398
"Dr. Mark Amols, MD",,Reproductive Endocrinology,,,,,,Unknown,,,healthgrades,2026-05-15T06:36:37.084493
"Dr. Christine Mansfield, MD",,Reproductive Endocrinology,,,,,,Unknown,,,healthgrades,2026-05-15T06:36:37.075468
"Dr. Clarissa Mashchak, MD",,Reproductive Endocrinology,,,,,,Unknown,,,healthgrades,2026-05-15T06:36:37.065372
"Dr. Michael Glassner, MD",,Reproductive Endocrinology,,,,,,Unknown,,,healthgrades,2026-05-15T06:36:37.053287
"Dr. Laura Londra, MD",,Reproductive Endocrinology,,,,,,Unknown,,,healthgrades,2026-05-15T06:36:37.044867
"Dr. Sahadat Nurudeen, MD",,Reproductive Endocrinology,,,,,,Unknown,,,healthgrades,2026-05-15T06:36:27.893250
"Dr. Emily Seidler, MD",,Reproductive Endocrinology,,,,,,Unknown,,,healthgrades,2026-05-15T06:36:27.881976
"Dr. Natalie Stentz, MD",,Reproductive Endocrinology,,,,,,Unknown,,,healthgrades,2026-05-15T06:36:27.870789
"Dr. Samuel Tarantino, MD",,Reproductive Endocrinology,,,,,,Unknown,,,healthgrades,2026-05-15T06:36:27.862019
"Dr. Walid Saleh, MD",,Reproductive Endocrinology,,,,,,Unknown,,,healthgrades,2026-05-15T06:36:27.853259
"Dr. Joshua Hurwitz, MD",,Reproductive Endocrinology,,,,,,Unknown,,,healthgrades,2026-05-15T06:36:27.844447
"Dr. Kathleen Doody, MD",,Reproductive Endocrinology,,,,,,Unknown,,,healthgrades,2026-05-15T06:36:27.835875
"Dr. Craig Witz, MD",,Reproductive Endocrinology,,,,,,Unknown,,,healthgrades,2026-05-15T06:36:27.826097
"Dr. Anna Nackley, MD",,Reproductive Endocrinology,,,,,,Unknown,,,healthgrades,2026-05-15T06:36:27.817437
"Dr. Rachel Gerber, MD",,Reproductive Endocrinology,,,,,,Unknown,,,healthgrades,2026-05-15T06:36:27.807823
"Dr. Marcus Jurema, MD",,Reproductive Endocrinology,,,,,,Unknown,,,healthgrades,2026-05-15T06:36:27.798636
"Dr. Betsy McCormick, MD",,Reproductive Endocrinology,,,,,,Unknown,,,healthgrades,2026-05-15T06:36:27.790204
"Dr. Jason Griffith, MD",,Reproductive Endocrinology,,,,,,Unknown,,,healthgrades,2026-05-15T06:36:27.781521
"Dr. Matthew McIntyre, MD",,Reproductive Endocrinology,,,,,,Unknown,,,healthgrades,2026-05-15T06:36:27.771766
"Dr. Timothy Yeko, MD",,Reproductive Endocrinology,,,,,,Unknown,,,healthgrades,2026-05-15T06:36:27.759654
"Dr. Mark Amols, MD",,Reproductive Endocrinology,,,,,,Unknown,,,healthgrades,2026-05-15T06:36:27.751293
"Dr. Christine Mansfield, MD",,Reproductive Endocrinology,,,,,,Unknown,,,healthgrades,2026-05-15T06:36:27.742015
"Dr. Clarissa Mashchak, MD",,Reproductive Endocrinology,,,,,,Unknown,,,healthgrades,2026-05-15T06:36:27.732355
"Dr. Michael Glassner, MD",,Reproductive Endocrinology,,,,,,Unknown,,,healthgrades,2026-05-15T06:36:27.722899
"Dr. Laura Londra, MD",,Reproductive Endocrinology,,,,,,Unknown,,,healthgrades,2026-05-15T06:36:27.712508
"Dr. Sahadat Nurudeen, MD",,Reproductive Endocrinology,,,,,,Unknown,,,healthgrades,2026-05-15T06:36:18.665375
"Dr. Emily Seidler, MD",,Reproductive Endocrinology,,,,,,Unknown,,,healthgrades,2026-05-15T06:36:18.658304
"Dr. Natalie Stentz, MD",,Reproductive Endocrinology,,,,,,Unknown,,,healthgrades,2026-05-15T06:36:18.648608
"Dr. Samuel Tarantino, MD",,Reproductive Endocrinology,,,,,,Unknown,,,healthgrades,2026-05-15T06:36:18.640428
"Dr. Walid Saleh, MD",,Reproductive Endocrinology,,,,,,Unknown,,,healthgrades,2026-05-15T06:36:18.631739
"Dr. Joshua Hurwitz, MD",,Reproductive Endocrinology,,,,,,Unknown,,,healthgrades,2026-05-15T06:36:18.618390
"Dr. Kathleen Doody, MD",,Reproductive Endocrinology,,,,,,Unknown,,,healthgrades,2026-05-15T06:36:18.594289
"Dr. Craig Witz, MD",,Reproductive Endocrinology,,,,,,Unknown,,,healthgrades,2026-05-15T06:36:18.585348
"Dr. Anna Nackley, MD",,Reproductive Endocrinology,,,,,,Unknown,,,healthgrades,2026-05-15T06:36:18.576708
"Dr. Rachel Gerber, MD",,Reproductive Endocrinology,,,,,,Unknown,,,healthgrades,2026-05-15T06:36:18.569410
"Dr. Marcus Jurema, MD",,Reproductive Endocrinology,,,,,,Unknown,,,healthgrades,2026-05-15T06:36:18.561653
"Dr. Betsy McCormick, MD",,Reproductive Endocrinology,,,,,,Unknown,,,healthgrades,2026-05-15T06:36:18.552763
"Dr. Jason Griffith, MD",,Reproductive Endocrinology,,,,,,Unknown,,,healthgrades,2026-05-15T06:36:18.544860
"Dr. Matthew McIntyre, MD",,Reproductive Endocrinology,,,,,,Unknown,,,healthgrades,2026-05-15T06:36:18.536843
"Dr. Timothy Yeko, MD",,Reproductive Endocrinology,,,,,,Unknown,,,healthgrades,2026-05-15T06:36:18.526706
"Dr. Mark Amols, MD",,Reproductive Endocrinology,,,,,,Unknown,,,healthgrades,2026-05-15T06:36:18.518036
"Dr. Christine Mansfield, MD",,Reproductive Endocrinology,,,,,,Unknown,,,healthgrades,2026-05-15T06:36:18.510328
"Dr. Clarissa Mashchak, MD",,Reproductive Endocrinology,,,,,,Unknown,,,healthgrades,2026-05-15T06:36:18.501986
"Dr. Michael Glassner, MD",,Reproductive Endocrinology,,,,,,Unknown,,,healthgrades,2026-05-15T06:36:18.493142
"Dr. Laura Londra, MD",,Reproductive Endocrinology,,,,,,Unknown,,,healthgrades,2026-05-15T06:36:18.477752
"Dr. Sahadat Nurudeen, MD",,Reproductive Endocrinology,,,,,,Unknown,,,healthgrades,2026-05-15T06:36:09.627291
"Dr. Emily Seidler, MD",,Reproductive Endocrinology,,,,,,Unknown,,,healthgrades,2026-05-15T06:36:09.619260
"Dr. Natalie Stentz, MD",,Reproductive Endocrinology,,,,,,Unknown,,,healthgrades,2026-05-15T06:36:09.609771
"Dr. Samuel Tarantino, MD",,Reproductive Endocrinology,,,,,,Unknown,,,healthgrades,2026-05-15T06:36:09.601905
"Dr. Walid Saleh, MD",,Reproductive Endocrinology,,,,,,Unknown,,,healthgrades,2026-05-15T06:36:09.593983
"Dr. Joshua Hurwitz, MD",,Reproductive Endocrinology,,,,,,Unknown,,,healthgrades,2026-05-15T06:36:09.583568
"Dr. Kathleen Doody, MD",,Reproductive Endocrinology,,,,,,Unknown,,,healthgrades,2026-05-15T06:36:09.576092
"Dr. Craig Witz, MD",,Reproductive Endocrinology,,,,,,Unknown,,,healthgrades,2026-05-15T06:36:09.568487
"Dr. Anna Nackley, MD",,Reproductive Endocrinology,,,,,,Unknown,,,healthgrades,2026-05-15T06:36:09.560266
"Dr. Rachel Gerber, MD",,Reproductive Endocrinology,,,,,,Unknown,,,healthgrades,2026-05-15T06:36:09.552724
"Dr. Marcus Jurema, MD",,Reproductive Endocrinology,,,,,,Unknown,,,healthgrades,2026-05-15T06:36:09.544563
"Dr. Betsy McCormick, MD",,Reproductive Endocrinology,,,,,,Unknown,,,healthgrades,2026-05-15T06:36:09.536389
"Dr. Jason Griffith, MD",,Reproductive Endocrinology,,,,,,Unknown,,,healthgrades,2026-05-15T06:36:09.491854
"Dr. Matthew McIntyre, MD",,Reproductive Endocrinology,,,,,,Unknown,,,healthgrades,2026-05-15T06:36:09.483852
"Dr. Timothy Yeko, MD",,Reproductive Endocrinology,,,,,,Unknown,,,healthgrades,2026-05-15T06:36:09.476488
"Dr. Mark Amols, MD",,Reproductive Endocrinology,,,,,,Unknown,,,healthgrades,2026-05-15T06:36:09.468833
"Dr. Christine Mansfield, MD",,Reproductive Endocrinology,,,,,,Unknown,,,healthgrades,2026-05-15T06:36:09.460653
"Dr. Clarissa Mashchak, MD",,Reproductive Endocrinology,,,,,,Unknown,,,healthgrades,2026-05-15T06:36:09.452942
"Dr. Michael Glassner, MD",,Reproductive Endocrinology,,,,,,Unknown,,,healthgrades,2026-05-15T06:36:09.445000
"Dr. Laura Londra, MD",,Reproductive Endocrinology,,,,,,Unknown,,,healthgrades,2026-05-15T06:36:09.436121
"Dr. Sahadat Nurudeen, MD",,Reproductive Endocrinology,,,,,,Unknown,,,healthgrades,2026-05-15T06:36:00.629293
"Dr. Emily Seidler, MD",,Reproductive Endocrinology,,,,,,Unknown,,,healthgrades,2026-05-15T06:36:00.619525
"Dr. Natalie Stentz, MD",,Reproductive Endocrinology,,,,,,Unknown,,,healthgrades,2026-05-15T06:36:00.607277
"Dr. Samuel Tarantino, MD",,Reproductive Endocrinology,,,,,,Unknown,,,healthgrades,2026-05-15T06:36:00.599451
"Dr. Walid Saleh, MD",,Reproductive Endocrinology,,,,,,Unknown,,,healthgrades,2026-05-15T06:36:00.591849
"Dr. Joshua Hurwitz, MD",,Reproductive Endocrinology,,,,,,Unknown,,,healthgrades,2026-05-15T06:36:00.583466
"Dr. Kathleen Doody, MD",,Reproductive Endocrinology,,,,,,Unknown,,,healthgrades,2026-05-15T06:36:00.547300
"Dr. Craig Witz, MD",,Reproductive Endocrinology,,,,,,Unknown,,,healthgrades,2026-05-15T06:36:00.539096
"Dr. Anna Nackley, MD",,Reproductive Endocrinology,,,,,,Unknown,,,healthgrades,2026-05-15T06:36:00.530527
"Dr. Rachel Gerber, MD",,Reproductive Endocrinology,,,,,,Unknown,,,healthgrades,2026-05-15T06:36:00.518587
"Dr. Marcus Jurema, MD",,Reproductive Endocrinology,,,,,,Unknown,,,healthgrades,2026-05-15T06:36:00.510528
"Dr. Betsy McCormick, MD",,Reproductive Endocrinology,,,,,,Unknown,,,healthgrades,2026-05-15T06:36:00.491325
"Dr. Jason Griffith, MD",,Reproductive Endocrinology,,,,,,Unknown,,,healthgrades,2026-05-15T06:36:00.483494
"Dr. Matthew McIntyre, MD",,Reproductive Endocrinology,,,,,,Unknown,,,healthgrades,2026-05-15T06:36:00.475326
"Dr. Timothy Yeko, MD",,Reproductive Endocrinology,,,,,,Unknown,,,healthgrades,2026-05-15T06:36:00.459924
"Dr. Mark Amols, MD",,Reproductive Endocrinology,,,,,,Unknown,,,healthgrades,2026-05-15T06:36:00.450674
"Dr. Christine Mansfield, MD",,Reproductive Endocrinology,,,,,,Unknown,,,healthgrades,2026-05-15T06:36:00.442793
"Dr. Clarissa Mashchak, MD",,Reproductive Endocrinology,,,,,,Unknown,,,healthgrades,2026-05-15T06:36:00.433046
"Dr. Michael Glassner, MD",,Reproductive Endocrinology,,,,,,Unknown,,,healthgrades,2026-05-15T06:36:00.423596
"Dr. Laura Londra, MD",,Reproductive Endocrinology,,,,,,Unknown,,,healthgrades,2026-05-15T06:36:00.413925
"Dr. Sahadat Nurudeen, MD",,Reproductive Endocrinology,,,,,,Unknown,,,healthgrades,2026-05-15T06:35:51.762872
"Dr. Emily Seidler, MD",,Reproductive Endocrinology,,,,,,Unknown,,,healthgrades,2026-05-15T06:35:51.744327
"Dr. Natalie Stentz, MD",,Reproductive Endocrinology,,,,,,Unknown,,,healthgrades,2026-05-15T06:35:51.728394
"Dr. Samuel Tarantino, MD",,Reproductive Endocrinology,,,,,,Unknown,,,healthgrades,2026-05-15T06:35:51.720821
"Dr. Walid Saleh, MD",,Reproductive Endocrinology,,,,,,Unknown,,,healthgrades,2026-05-15T06:35:51.713663
"Dr. Joshua Hurwitz, MD",,Reproductive Endocrinology,,,,,,Unknown,,,healthgrades,2026-05-15T06:35:51.706485
"Dr. Kathleen Doody, MD",,Reproductive Endocrinology,,,,,,Unknown,,,healthgrades,2026-05-15T06:35:51.697873
"Dr. Craig Witz, MD",,Reproductive Endocrinology,,,,,,Unknown,,,healthgrades,2026-05-15T06:35:51.690870
"Dr. Anna Nackley, MD",,Reproductive Endocrinology,,,,,,Unknown,,,healthgrades,2026-05-15T06:35:51.683350
"Dr. Rachel Gerber, MD",,Reproductive Endocrinology,,,,,,Unknown,,,healthgrades,2026-05-15T06:35:51.675096
"Dr. Marcus Jurema, MD",,Reproductive Endocrinology,,,,,,Unknown,,,healthgrades,2026-05-15T06:35:51.666489
"Dr. Betsy McCormick, MD",,Reproductive Endocrinology,,,,,,Unknown,,,healthgrades,2026-05-15T06:35:51.658992
"Dr. Jason Griffith, MD",,Reproductive Endocrinology,,,,,,Unknown,,,healthgrades,2026-05-15T06:35:51.651702
"Dr. Matthew McIntyre, MD",,Reproductive Endocrinology,,,,,,Unknown,,,healthgrades,2026-05-15T06:35:51.644360
"Dr. Timothy Yeko, MD",,Reproductive Endocrinology,,,,,,Unknown,,,healthgrades,2026-05-15T06:35:51.636411
"Dr. Mark Amols, MD",,Reproductive Endocrinology,,,,,,Unknown,,,healthgrades,2026-05-15T06:35:51.629198
"Dr. Christine Mansfield, MD",,Reproductive Endocrinology,,,,,,Unknown,,,healthgrades,2026-05-15T06:35:51.622014
"Dr. Clarissa Mashchak, MD",,Reproductive Endocrinology,,,,,,Unknown,,,healthgrades,2026-05-15T06:35:51.614585
"Dr. Michael Glassner, MD",,Reproductive Endocrinology,,,,,,Unknown,,,healthgrades,2026-05-15T06:35:51.606994
"Dr. Laura Londra, MD",,Reproductive Endocrinology,,,,,,Unknown,,,healthgrades,2026-05-15T06:35:51.599102
"Dr. Sahadat Nurudeen, MD",,Reproductive Endocrinology,,,,,,Unknown,,,healthgrades,2026-05-15T06:35:42.852128
"Dr. Emily Seidler, MD",,Reproductive Endocrinology,,,,,,Unknown,,,healthgrades,2026-05-15T06:35:42.843264
"Dr. Natalie Stentz, MD",,Reproductive Endocrinology,,,,,,Unknown,,,healthgrades,2026-05-15T06:35:42.834654
"Dr. Samuel Tarantino, MD",,Reproductive Endocrinology,,,,,,Unknown,,,healthgrades,2026-05-15T06:35:42.825576
"Dr. Walid Saleh, MD",,Reproductive Endocrinology,,,,,,Unknown,,,healthgrades,2026-05-15T06:35:42.816160
"Dr. Joshua Hurwitz, MD",,Reproductive Endocrinology,,,,,,Unknown,,,healthgrades,2026-05-15T06:35:42.806811
"Dr. Kathleen Doody, MD",,Reproductive Endocrinology,,,,,,Unknown,,,healthgrades,2026-05-15T06:35:42.798084
"Dr. Craig Witz, MD",,Reproductive Endocrinology,,,,,,Unknown,,,healthgrades,2026-05-15T06:35:42.787911
"Dr. Anna Nackley, MD",,Reproductive Endocrinology,,,,,,Unknown,,,healthgrades,2026-05-15T06:35:42.778300
"Dr. Rachel Gerber, MD",,Reproductive Endocrinology,,,,,,Unknown,,,healthgrades,2026-05-15T06:35:42.768945
"Dr. Marcus Jurema, MD",,Reproductive Endocrinology,,,,,,Unknown,,,healthgrades,2026-05-15T06:35:42.759771
"Dr. Betsy McCormick, MD",,Reproductive Endocrinology,,,,,,Unknown,,,healthgrades,2026-05-15T06:35:42.750154
"Dr. Jason Griffith, MD",,Reproductive Endocrinology,,,,,,Unknown,,,healthgrades,2026-05-15T06:35:42.738404
"Dr. Matthew McIntyre, MD",,Reproductive Endocrinology,,,,,,Unknown,,,healthgrades,2026-05-15T06:35:42.728932
"Dr. Timothy Yeko, MD",,Reproductive Endocrinology,,,,,,Unknown,,,healthgrades,2026-05-15T06:35:42.719171
"Dr. Mark Amols, MD",,Reproductive Endocrinology,,,,,,Unknown,,,healthgrades,2026-05-15T06:35:42.710354
"Dr. Christine Mansfield, MD",,Reproductive Endocrinology,,,,,,Unknown,,,healthgrades,2026-05-15T06:35:42.700431
"Dr. Clarissa Mashchak, MD",,Reproductive Endocrinology,,,,,,Unknown,,,healthgrades,2026-05-15T06:35:42.691867
"Dr. Michael Glassner, MD",,Reproductive Endocrinology,,,,,,Unknown,,,healthgrades,2026-05-15T06:35:42.679296
"Dr. Laura Londra, MD",,Reproductive Endocrinology,,,,,,Unknown,,,healthgrades,2026-05-15T06:35:42.670354
"Dr. Sahadat Nurudeen, MD",,Reproductive Endocrinology,,,,,,Unknown,,,healthgrades,2026-05-15T06:35:33.742119
"Dr. Emily Seidler, MD",,Reproductive Endocrinology,,,,,,Unknown,,,healthgrades,2026-05-15T06:35:33.732592
"Dr. Natalie Stentz, MD",,Reproductive Endocrinology,,,,,,Unknown,,,healthgrades,2026-05-15T06:35:33.721956
"Dr. Samuel Tarantino, MD",,Reproductive Endocrinology,,,,,,Unknown,,,healthgrades,2026-05-15T06:35:33.711707
"Dr. Walid Saleh, MD",,Reproductive Endocrinology,,,,,,Unknown,,,healthgrades,2026-05-15T06:35:33.701910
"Dr. Joshua Hurwitz, MD",,Reproductive Endocrinology,,,,,,Unknown,,,healthgrades,2026-05-15T06:35:33.665015
"Dr. Kathleen Doody, MD",,Reproductive Endocrinology,,,,,,Unknown,,,healthgrades,2026-05-15T06:35:33.656757
"Dr. Craig Witz, MD",,Reproductive Endocrinology,,,,,,Unknown,,,healthgrades,2026-05-15T06:35:33.647722
"Dr. Anna Nackley, MD",,Reproductive Endocrinology,,,,,,Unknown,,,healthgrades,2026-05-15T06:35:33.639352
"Dr. Rachel Gerber, MD",,Reproductive Endocrinology,,,,,,Unknown,,,healthgrades,2026-05-15T06:35:33.630953
"Dr. Marcus Jurema, MD",,Reproductive Endocrinology,,,,,,Unknown,,,healthgrades,2026-05-15T06:35:33.623110
"Dr. Betsy McCormick, MD",,Reproductive Endocrinology,,,,,,Unknown,,,healthgrades,2026-05-15T06:35:33.615314
"Dr. Jason Griffith, MD",,Reproductive Endocrinology,,,,,,Unknown,,,healthgrades,2026-05-15T06:35:33.607777
"Dr. Matthew McIntyre, MD",,Reproductive Endocrinology,,,,,,Unknown,,,healthgrades,2026-05-15T06:35:33.599926
"Dr. Timothy Yeko, MD",,Reproductive Endocrinology,,,,,,Unknown,,,healthgrades,2026-05-15T06:35:33.592002
"Dr. Mark Amols, MD",,Reproductive Endocrinology,,,,,,Unknown,,,healthgrades,2026-05-15T06:35:33.581376
"Dr. Christine Mansfield, MD",,Reproductive Endocrinology,,,,,,Unknown,,,healthgrades,2026-05-15T06:35:33.569989
"Dr. Clarissa Mashchak, MD",,Reproductive Endocrinology,,,,,,Unknown,,,healthgrades,2026-05-15T06:35:33.562348
"Dr. Michael Glassner, MD",,Reproductive Endocrinology,,,,,,Unknown,,,healthgrades,2026-05-15T06:35:33.550923
"Dr. Laura Londra, MD",,Reproductive Endocrinology,,,,,,Unknown,,,healthgrades,2026-05-15T06:35:33.540900
"Dr. Sahadat Nurudeen, MD",,Reproductive Endocrinology,,,,,,Unknown,,,healthgrades,2026-05-15T06:35:24.751476
"Dr. Emily Seidler, MD",,Reproductive Endocrinology,,,,,,Unknown,,,healthgrades,2026-05-15T06:35:24.741277
"Dr. Natalie Stentz, MD",,Reproductive Endocrinology,,,,,,Unknown,,,healthgrades,2026-05-15T06:35:24.729800
"Dr. Samuel Tarantino, MD",,Reproductive Endocrinology,,,,,,Unknown,,,healthgrades,2026-05-15T06:35:24.719814
"Dr. Walid Saleh, MD",,Reproductive Endocrinology,,,,,,Unknown,,,healthgrades,2026-05-15T06:35:24.709713
"Dr. Joshua Hurwitz, MD",,Reproductive Endocrinology,,,,,,Unknown,,,healthgrades,2026-05-15T06:35:24.699827
"Dr. Kathleen Doody, MD",,Reproductive Endocrinology,,,,,,Unknown,,,healthgrades,2026-05-15T06:35:24.690795
"Dr. Craig Witz, MD",,Reproductive Endocrinology,,,,,,Unknown,,,healthgrades,2026-05-15T06:35:24.681732
"Dr. Anna Nackley, MD",,Reproductive Endocrinology,,,,,,Unknown,,,healthgrades,2026-05-15T06:35:24.671577
"Dr. Rachel Gerber, MD",,Reproductive Endocrinology,,,,,,Unknown,,,healthgrades,2026-05-15T06:35:24.662669
"Dr. Marcus Jurema, MD",,Reproductive Endocrinology,,,,,,Unknown,,,healthgrades,2026-05-15T06:35:24.653382
"Dr. Betsy McCormick, MD",,Reproductive Endocrinology,,,,,,Unknown,,,healthgrades,2026-05-15T06:35:24.643091
"Dr. Jason Griffith, MD",,Reproductive Endocrinology,,,,,,Unknown,,,healthgrades,2026-05-15T06:35:24.632934
"Dr. Matthew McIntyre, MD",,Reproductive Endocrinology,,,,,,Unknown,,,healthgrades,2026-05-15T06:35:24.580159
"Dr. Timothy Yeko, MD",,Reproductive Endocrinology,,,,,,Unknown,,,healthgrades,2026-05-15T06:35:24.570576
"Dr. Mark Amols, MD",,Reproductive Endocrinology,,,,,,Unknown,,,healthgrades,2026-05-15T06:35:24.561789
"Dr. Christine Mansfield, MD",,Reproductive Endocrinology,,,,,,Unknown,,,healthgrades,2026-05-15T06:35:24.552468
"Dr. Clarissa Mashchak, MD",,Reproductive Endocrinology,,,,,,Unknown,,,healthgrades,2026-05-15T06:35:24.541669
"Dr. Michael Glassner, MD",,Reproductive Endocrinology,,,,,,Unknown,,,healthgrades,2026-05-15T06:35:24.531667
"Dr. Laura Londra, MD",,Reproductive Endocrinology,,,,,,Unknown,,,healthgrades,2026-05-15T06:35:24.518669
"Dr. Sahadat Nurudeen, MD",,Reproductive Endocrinology,,,,,,Unknown,,,healthgrades,2026-05-15T06:35:15.621560
"Dr. Emily Seidler, MD",,Reproductive Endocrinology,,,,,,Unknown,,,healthgrades,2026-05-15T06:35:15.612429
"Dr. Natalie Stentz, MD",,Reproductive Endocrinology,,,,,,Unknown,,,healthgrades,2026-05-15T06:35:15.602859
"Dr. Samuel Tarantino, MD",,Reproductive Endocrinology,,,,,,Unknown,,,healthgrades,2026-05-15T06:35:15.594955
"Dr. Walid Saleh, MD",,Reproductive Endocrinology,,,,,,Unknown,,,healthgrades,2026-05-15T06:35:15.586556
"Dr. Joshua Hurwitz, MD",,Reproductive Endocrinology,,,,,,Unknown,,,healthgrades,2026-05-15T06:35:15.578480
"Dr. Kathleen Doody, MD",,Reproductive Endocrinology,,,,,,Unknown,,,healthgrades,2026-05-15T06:35:15.569749
"Dr. Craig Witz, MD",,Reproductive Endocrinology,,,,,,Unknown,,,healthgrades,2026-05-15T06:35:15.561084
"Dr. Anna Nackley, MD",,Reproductive Endocrinology,,,,,,Unknown,,,healthgrades,2026-05-15T06:35:15.552387
"Dr. Rachel Gerber, MD",,Reproductive Endocrinology,,,,,,Unknown,,,healthgrades,2026-05-15T06:35:15.544098
"Dr. Marcus Jurema, MD",,Reproductive Endocrinology,,,,,,Unknown,,,healthgrades,2026-05-15T06:35:15.535317
"Dr. Betsy McCormick, MD",,Reproductive Endocrinology,,,,,,Unknown,,,healthgrades,2026-05-15T06:35:15.523532
"Dr. Jason Griffith, MD",,Reproductive Endocrinology,,,,,,Unknown,,,healthgrades,2026-05-15T06:35:15.494723
"Dr. Matthew McIntyre, MD",,Reproductive Endocrinology,,,,,,Unknown,,,healthgrades,2026-05-15T06:35:15.428357
"Dr. Timothy Yeko, MD",,Reproductive Endocrinology,,,,,,Unknown,,,healthgrades,2026-05-15T06:35:15.408341
"Dr. Mark Amols, MD",,Reproductive Endocrinology,,,,,,Unknown,,,healthgrades,2026-05-15T06:35:15.393348
"Dr. Christine Mansfield, MD",,Reproductive Endocrinology,,,,,,Unknown,,,healthgrades,2026-05-15T06:35:15.352041
"Dr. Clarissa Mashchak, MD",,Reproductive Endocrinology,,,,,,Unknown,,,healthgrades,2026-05-15T06:35:15.307233
"Dr. Michael Glassner, MD",,Reproductive Endocrinology,,,,,,Unknown,,,healthgrades,2026-05-15T06:35:15.299687
"Dr. Laura Londra, MD",,Reproductive Endocrinology,,,,,,Unknown,,,healthgrades,2026-05-15T06:35:15.291996
"Dr. Sahadat Nurudeen, MD",,Reproductive Endocrinology,,,,,,Unknown,,,healthgrades,2026-05-15T06:35:06.482764
"Dr. Emily Seidler, MD",,Reproductive Endocrinology,,,,,,Unknown,,,healthgrades,2026-05-15T06:35:06.475208
"Dr. Natalie Stentz, MD",,Reproductive Endocrinology,,,,,,Unknown,,,healthgrades,2026-05-15T06:35:06.466757
"Dr. Samuel Tarantino, MD",,Reproductive Endocrinology,,,,,,Unknown,,,healthgrades,2026-05-15T06:35:06.458609
"Dr. Walid Saleh, MD",,Reproductive Endocrinology,,,,,,Unknown,,,healthgrades,2026-05-15T06:35:06.446282
"Dr. Joshua Hurwitz, MD",,Reproductive Endocrinology,,,,,,Unknown,,,healthgrades,2026-05-15T06:35:06.434383
"Dr. Kathleen Doody, MD",,Reproductive Endocrinology,,,,,,Unknown,,,healthgrades,2026-05-15T06:35:06.425045
"Dr. Craig Witz, MD",,Reproductive Endocrinology,,,,,,Unknown,,,healthgrades,2026-05-15T06:35:06.416294
"Dr. Anna Nackley, MD",,Reproductive Endocrinology,,,,,,Unknown,,,healthgrades,2026-05-15T06:35:06.408120
"Dr. Rachel Gerber, MD",,Reproductive Endocrinology,,,,,,Unknown,,,healthgrades,2026-05-15T06:35:06.400172
"Dr. Marcus Jurema, MD",,Reproductive Endocrinology,,,,,,Unknown,,,healthgrades,2026-05-15T06:35:06.391351
"Dr. Betsy McCormick, MD",,Reproductive Endocrinology,,,,,,Unknown,,,healthgrades,2026-05-15T06:35:06.349013
"Dr. Jason Griffith, MD",,Reproductive Endocrinology,,,,,,Unknown,,,healthgrades,2026-05-15T06:35:06.341786
"Dr. Matthew McIntyre, MD",,Reproductive Endocrinology,,,,,,Unknown,,,healthgrades,2026-05-15T06:35:06.333997
"Dr. Timothy Yeko, MD",,Reproductive Endocrinology,,,,,,Unknown,,,healthgrades,2026-05-15T06:35:06.325587
"Dr. Mark Amols, MD",,Reproductive Endocrinology,,,,,,Unknown,,,healthgrades,2026-05-15T06:35:06.315462
"Dr. Christine Mansfield, MD",,Reproductive Endocrinology,,,,,,Unknown,,,healthgrades,2026-05-15T06:35:06.307107
"Dr. Clarissa Mashchak, MD",,Reproductive Endocrinology,,,,,,Unknown,,,healthgrades,2026-05-15T06:35:06.298518
"Dr. Michael Glassner, MD",,Reproductive Endocrinology,,,,,,Unknown,,,healthgrades,2026-05-15T06:35:06.290016
"Dr. Laura Londra, MD",,Reproductive Endocrinology,,,,,,Unknown,,,healthgrades,2026-05-15T06:35:06.280590
"Dr. Sahadat Nurudeen, MD",,Reproductive Endocrinology,,,,,,Unknown,,,healthgrades,2026-05-15T06:34:57.380723
"Dr. Emily Seidler, MD",,Reproductive Endocrinology,,,,,,Unknown,,,healthgrades,2026-05-15T06:34:57.373078
"Dr. Natalie Stentz, MD",,Reproductive Endocrinology,,,,,,Unknown,,,healthgrades,2026-05-15T06:34:57.363100
"Dr. Samuel Tarantino, MD",,Reproductive Endocrinology,,,,,,Unknown,,,healthgrades,2026-05-15T06:34:57.353430
"Dr. Walid Saleh, MD",,Reproductive Endocrinology,,,,,,Unknown,,,healthgrades,2026-05-15T06:34:57.343338
"Dr. Joshua Hurwitz, MD",,Reproductive Endocrinology,,,,,,Unknown,,,healthgrades,2026-05-15T06:34:57.335347
"Dr. Kathleen Doody, MD",,Reproductive Endocrinology,,,,,,Unknown,,,healthgrades,2026-05-15T06:34:57.328029
"Dr. Craig Witz, MD",,Reproductive Endocrinology,,,,,,Unknown,,,healthgrades,2026-05-15T06:34:57.320269
"Dr. Anna Nackley, MD",,Reproductive Endocrinology,,,,,,Unknown,,,healthgrades,2026-05-15T06:34:57.312470
"Dr. Rachel Gerber, MD",,Reproductive Endocrinology,,,,,,Unknown,,,healthgrades,2026-05-15T06:34:57.300332
"Dr. Marcus Jurema, MD",,Reproductive Endocrinology,,,,,,Unknown,,,healthgrades,2026-05-15T06:34:57.290306
"Dr. Betsy McCormick, MD",,Reproductive Endocrinology,,,,,,Unknown,,,healthgrades,2026-05-15T06:34:57.256277
"Dr. Jason Griffith, MD",,Reproductive Endocrinology,,,,,,Unknown,,,healthgrades,2026-05-15T06:34:57.248901
"Dr. Matthew McIntyre, MD",,Reproductive Endocrinology,,,,,,Unknown,,,healthgrades,2026-05-15T06:34:57.240992
"Dr. Timothy Yeko, MD",,Reproductive Endocrinology,,,,,,Unknown,,,healthgrades,2026-05-15T06:34:57.232597
"Dr. Mark Amols, MD",,Reproductive Endocrinology,,,,,,Unknown,,,healthgrades,2026-05-15T06:34:57.222723
"Dr. Christine Mansfield, MD",,Reproductive Endocrinology,,,,,,Unknown,,,healthgrades,2026-05-15T06:34:57.214854
"Dr. Clarissa Mashchak, MD",,Reproductive Endocrinology,,,,,,Unknown,,,healthgrades,2026-05-15T06:34:57.206084
"Dr. Michael Glassner, MD",,Reproductive Endocrinology,,,,,,Unknown,,,healthgrades,2026-05-15T06:34:57.198132
"Dr. Laura Londra, MD",,Reproductive Endocrinology,,,,,,Unknown,,,healthgrades,2026-05-15T06:34:57.189669
"Dr. Sahadat Nurudeen, MD",,Reproductive Endocrinology,,,,,,Unknown,,,healthgrades,2026-05-15T06:34:48.438819
"Dr. Emily Seidler, MD",,Reproductive Endocrinology,,,,,,Unknown,,,healthgrades,2026-05-15T06:34:48.431336
"Dr. Natalie Stentz, MD",,Reproductive Endocrinology,,,,,,Unknown,,,healthgrades,2026-05-15T06:34:48.420838
"Dr. Samuel Tarantino, MD",,Reproductive Endocrinology,,,,,,Unknown,,,healthgrades,2026-05-15T06:34:48.411603
"Dr. Walid Saleh, MD",,Reproductive Endocrinology,,,,,,Unknown,,,healthgrades,2026-05-15T06:34:48.403165
"Dr. Joshua Hurwitz, MD",,Reproductive Endocrinology,,,,,,Unknown,,,healthgrades,2026-05-15T06:34:48.394542
"Dr. Kathleen Doody, MD",,Reproductive Endocrinology,,,,,,Unknown,,,healthgrades,2026-05-15T06:34:48.385581
"Dr. Craig Witz, MD",,Reproductive Endocrinology,,,,,,Unknown,,,healthgrades,2026-05-15T06:34:48.376381
"Dr. Anna Nackley, MD",,Reproductive Endocrinology,,,,,,Unknown,,,healthgrades,2026-05-15T06:34:48.368171
"Dr. Rachel Gerber, MD",,Reproductive Endocrinology,,,,,,Unknown,,,healthgrades,2026-05-15T06:34:48.360100
"Dr. Marcus Jurema, MD",,Reproductive Endocrinology,,,,,,Unknown,,,healthgrades,2026-05-15T06:34:48.351854
"Dr. Betsy McCormick, MD",,Reproductive Endocrinology,,,,,,Unknown,,,healthgrades,2026-05-15T06:34:48.343572
"Dr. Jason Griffith, MD",,Reproductive Endocrinology,,,,,,Unknown,,,healthgrades,2026-05-15T06:34:48.335358
"Dr. Matthew McIntyre, MD",,Reproductive Endocrinology,,,,,,Unknown,,,healthgrades,2026-05-15T06:34:48.326782
"Dr. Timothy Yeko, MD",,Reproductive Endocrinology,,,,,,Unknown,,,healthgrades,2026-05-15T06:34:48.318486
"Dr. Mark Amols, MD",,Reproductive Endocrinology,,,,,,Unknown,,,healthgrades,2026-05-15T06:34:48.310285
"Dr. Christine Mansfield, MD",,Reproductive Endocrinology,,,,,,Unknown,,,healthgrades,2026-05-15T06:34:48.302518
"Dr. Clarissa Mashchak, MD",,Reproductive Endocrinology,,,,,,Unknown,,,healthgrades,2026-05-15T06:34:48.294483
"Dr. Michael Glassner, MD",,Reproductive Endocrinology,,,,,,Unknown,,,healthgrades,2026-05-15T06:34:48.286245
"Dr. Laura Londra, MD",,Reproductive Endocrinology,,,,,,Unknown,,,healthgrades,2026-05-15T06:34:48.277925
"Dr. Sahadat Nurudeen, MD",,Reproductive Endocrinology,,,,,,Unknown,,,healthgrades,2026-05-15T06:34:39.503035
"Dr. Emily Seidler, MD",,Reproductive Endocrinology,,,,,,Unknown,,,healthgrades,2026-05-15T06:34:39.493278
"Dr. Natalie Stentz, MD",,Reproductive Endocrinology,,,,,,Unknown,,,healthgrades,2026-05-15T06:34:39.457390
"Dr. Samuel Tarantino, MD",,Reproductive Endocrinology,,,,,,Unknown,,,healthgrades,2026-05-15T06:34:39.449224
"Dr. Walid Saleh, MD",,Reproductive Endocrinology,,,,,,Unknown,,,healthgrades,2026-05-15T06:34:39.440581
"Dr. Joshua Hurwitz, MD",,Reproductive Endocrinology,,,,,,Unknown,,,healthgrades,2026-05-15T06:34:39.432003
"Dr. Kathleen Doody, MD",,Reproductive Endocrinology,,,,,,Unknown,,,healthgrades,2026-05-15T06:34:39.421385
"Dr. Craig Witz, MD",,Reproductive Endocrinology,,,,,,Unknown,,,healthgrades,2026-05-15T06:34:39.386363
"Dr. Anna Nackley, MD",,Reproductive Endocrinology,,,,,,Unknown,,,healthgrades,2026-05-15T06:34:39.377943
"Dr. Rachel Gerber, MD",,Reproductive Endocrinology,,,,,,Unknown,,,healthgrades,2026-05-15T06:34:39.369354
"Dr. Marcus Jurema, MD",,Reproductive Endocrinology,,,,,,Unknown,,,healthgrades,2026-05-15T06:34:39.359836
"Dr. Betsy McCormick, MD",,Reproductive Endocrinology,,,,,,Unknown,,,healthgrades,2026-05-15T06:34:39.351040
"Dr. Jason Griffith, MD",,Reproductive Endocrinology,,,,,,Unknown,,,healthgrades,2026-05-15T06:34:39.341838
"Dr. Matthew McIntyre, MD",,Reproductive Endocrinology,,,,,,Unknown,,,healthgrades,2026-05-15T06:34:39.332540
"Dr. Timothy Yeko, MD",,Reproductive Endocrinology,,,,,,Unknown,,,healthgrades,2026-05-15T06:34:39.323811
"Dr. Mark Amols, MD",,Reproductive Endocrinology,,,,,,Unknown,,,healthgrades,2026-05-15T06:34:39.314807
"Dr. Christine Mansfield, MD",,Reproductive Endocrinology,,,,,,Unknown,,,healthgrades,2026-05-15T06:34:39.305018
"Dr. Clarissa Mashchak, MD",,Reproductive Endocrinology,,,,,,Unknown,,,healthgrades,2026-05-15T06:34:39.295675
"Dr. Michael Glassner, MD",,Reproductive Endocrinology,,,,,,Unknown,,,healthgrades,2026-05-15T06:34:39.287195
"Dr. Laura Londra, MD",,Reproductive Endocrinology,,,,,,Unknown,,,healthgrades,2026-05-15T06:34:39.278436
"Dr. Sahadat Nurudeen, MD",,Reproductive Endocrinology,,,,,,Unknown,,,healthgrades,2026-05-15T06:34:30.534414
"Dr. Emily Seidler, MD",,Reproductive Endocrinology,,,,,,Unknown,,,healthgrades,2026-05-15T06:34:30.523799
"Dr. Natalie Stentz, MD",,Reproductive Endocrinology,,,,,,Unknown,,,healthgrades,2026-05-15T06:34:30.512109
"Dr. Samuel Tarantino, MD",,Reproductive Endocrinology,,,,,,Unknown,,,healthgrades,2026-05-15T06:34:30.485846
"Dr. Walid Saleh, MD",,Reproductive Endocrinology,,,,,,Unknown,,,healthgrades,2026-05-15T06:34:30.466805
"Dr. Joshua Hurwitz, MD",,Reproductive Endocrinology,,,,,,Unknown,,,healthgrades,2026-05-15T06:34:30.438676
"Dr. Kathleen Doody, MD",,Reproductive Endocrinology,,,,,,Unknown,,,healthgrades,2026-05-15T06:34:30.428951
"Dr. Craig Witz, MD",,Reproductive Endocrinology,,,,,,Unknown,,,healthgrades,2026-05-15T06:34:30.419625
"Dr. Anna Nackley, MD",,Reproductive Endocrinology,,,,,,Unknown,,,healthgrades,2026-05-15T06:34:30.410569
"Dr. Rachel Gerber, MD",,Reproductive Endocrinology,,,,,,Unknown,,,healthgrades,2026-05-15T06:34:30.400015
"Dr. Marcus Jurema, MD",,Reproductive Endocrinology,,,,,,Unknown,,,healthgrades,2026-05-15T06:34:30.388278
"Dr. Betsy McCormick, MD",,Reproductive Endocrinology,,,,,,Unknown,,,healthgrades,2026-05-15T06:34:30.377968
"Dr. Jason Griffith, MD",,Reproductive Endocrinology,,,,,,Unknown,,,healthgrades,2026-05-15T06:34:30.364396
"Dr. Matthew McIntyre, MD",,Reproductive Endocrinology,,,,,,Unknown,,,healthgrades,2026-05-15T06:34:30.348755
"Dr. Timothy Yeko, MD",,Reproductive Endocrinology,,,,,,Unknown,,,healthgrades,2026-05-15T06:34:30.338307
"Dr. Mark Amols, MD",,Reproductive Endocrinology,,,,,,Unknown,,,healthgrades,2026-05-15T06:34:30.328730
"Dr. Christine Mansfield, MD",,Reproductive Endocrinology,,,,,,Unknown,,,healthgrades,2026-05-15T06:34:30.316619
"Dr. Clarissa Mashchak, MD",,Reproductive Endocrinology,,,,,,Unknown,,,healthgrades,2026-05-15T06:34:30.303522
"Dr. Michael Glassner, MD",,Reproductive Endocrinology,,,,,,Unknown,,,healthgrades,2026-05-15T06:34:30.294873
"Dr. Laura Londra, MD",,Reproductive Endocrinology,,,,,,Unknown,,,healthgrades,2026-05-15T06:34:30.284953
"Dr. Sahadat Nurudeen, MD",,Reproductive Endocrinology,,,,,,Unknown,,,healthgrades,2026-05-15T06:34:21.515615
"Dr. Emily Seidler, MD",,Reproductive Endocrinology,,,,,,Unknown,,,healthgrades,2026-05-15T06:34:21.505278
"Dr. Natalie Stentz, MD",,Reproductive Endocrinology,,,,,,Unknown,,,healthgrades,2026-05-15T06:34:21.495777
"Dr. Samuel Tarantino, MD",,Reproductive Endocrinology,,,,,,Unknown,,,healthgrades,2026-05-15T06:34:21.487080
"Dr. Walid Saleh, MD",,Reproductive Endocrinology,,,,,,Unknown,,,healthgrades,2026-05-15T06:34:21.478328
"Dr. Joshua Hurwitz, MD",,Reproductive Endocrinology,,,,,,Unknown,,,healthgrades,2026-05-15T06:34:21.469772
"Dr. Kathleen Doody, MD",,Reproductive Endocrinology,,,,,,Unknown,,,healthgrades,2026-05-15T06:34:21.461816
"Dr. Craig Witz, MD",,Reproductive Endocrinology,,,,,,Unknown,,,healthgrades,2026-05-15T06:34:21.452663
"Dr. Anna Nackley, MD",,Reproductive Endocrinology,,,,,,Unknown,,,healthgrades,2026-05-15T06:34:21.444239
"Dr. Rachel Gerber, MD",,Reproductive Endocrinology,,,,,,Unknown,,,healthgrades,2026-05-15T06:34:21.435743
"Dr. Marcus Jurema, MD",,Reproductive Endocrinology,,,,,,Unknown,,,healthgrades,2026-05-15T06:34:21.427810
"Dr. Betsy McCormick, MD",,Reproductive Endocrinology,,,,,,Unknown,,,healthgrades,2026-05-15T06:34:21.411257
"Dr. Jason Griffith, MD",,Reproductive Endocrinology,,,,,,Unknown,,,healthgrades,2026-05-15T06:34:21.392574
"Dr. Matthew McIntyre, MD",,Reproductive Endocrinology,,,,,,Unknown,,,healthgrades,2026-05-15T06:34:21.384428
"Dr. Timothy Yeko, MD",,Reproductive Endocrinology,,,,,,Unknown,,,healthgrades,2026-05-15T06:34:21.374586
"Dr. Mark Amols, MD",,Reproductive Endocrinology,,,,,,Unknown,,,healthgrades,2026-05-15T06:34:21.365854
"Dr. Christine Mansfield, MD",,Reproductive Endocrinology,,,,,,Unknown,,,healthgrades,2026-05-15T06:34:21.357486
"Dr. Clarissa Mashchak, MD",,Reproductive Endocrinology,,,,,,Unknown,,,healthgrades,2026-05-15T06:34:21.346823
"Dr. Michael Glassner, MD",,Reproductive Endocrinology,,,,,,Unknown,,,healthgrades,2026-05-15T06:34:21.336409
"Dr. Laura Londra, MD",,Reproductive Endocrinology,,,,,,Unknown,,,healthgrades,2026-05-15T06:34:21.327870
"Dr. Sahadat Nurudeen, MD",,Reproductive Endocrinology,,,,,,Unknown,,,healthgrades,2026-05-15T06:34:12.304556
"Dr. Emily Seidler, MD",,Reproductive Endocrinology,,,,,,Unknown,,,healthgrades,2026-05-15T06:34:12.295893
"Dr. Natalie Stentz, MD",,Reproductive Endocrinology,,,,,,Unknown,,,healthgrades,2026-05-15T06:34:12.288284
"Dr. Samuel Tarantino, MD",,Reproductive Endocrinology,,,,,,Unknown,,,healthgrades,2026-05-15T06:34:12.280629
"Dr. Walid Saleh, MD",,Reproductive Endocrinology,,,,,,Unknown,,,healthgrades,2026-05-15T06:34:12.270908
"Dr. Joshua Hurwitz, MD",,Reproductive Endocrinology,,,,,,Unknown,,,healthgrades,2026-05-15T06:34:12.261455
"Dr. Kathleen Doody, MD",,Reproductive Endocrinology,,,,,,Unknown,,,healthgrades,2026-05-15T06:34:12.253497
"Dr. Craig Witz, MD",,Reproductive Endocrinology,,,,,,Unknown,,,healthgrades,2026-05-15T06:34:12.244728
"Dr. Anna Nackley, MD",,Reproductive Endocrinology,,,,,,Unknown,,,healthgrades,2026-05-15T06:34:12.236024
"Dr. Rachel Gerber, MD",,Reproductive Endocrinology,,,,,,Unknown,,,healthgrades,2026-05-15T06:34:12.227376
"Dr. Marcus Jurema, MD",,Reproductive Endocrinology,,,,,,Unknown,,,healthgrades,2026-05-15T06:34:12.219213
"Dr. Betsy McCormick, MD",,Reproductive Endocrinology,,,,,,Unknown,,,healthgrades,2026-05-15T06:34:12.207313
"Dr. Jason Griffith, MD",,Reproductive Endocrinology,,,,,,Unknown,,,healthgrades,2026-05-15T06:34:12.197795
"Dr. Matthew McIntyre, MD",,Reproductive Endocrinology,,,,,,Unknown,,,healthgrades,2026-05-15T06:34:12.189048
"Dr. Timothy Yeko, MD",,Reproductive Endocrinology,,,,,,Unknown,,,healthgrades,2026-05-15T06:34:12.180690
"Dr. Mark Amols, MD",,Reproductive Endocrinology,,,,,,Unknown,,,healthgrades,2026-05-15T06:34:12.172192
"Dr. Christine Mansfield, MD",,Reproductive Endocrinology,,,,,,Unknown,,,healthgrades,2026-05-15T06:34:12.164138
"Dr. Clarissa Mashchak, MD",,Reproductive Endocrinology,,,,,,Unknown,,,healthgrades,2026-05-15T06:34:12.155331
"Dr. Michael Glassner, MD",,Reproductive Endocrinology,,,,,,Unknown,,,healthgrades,2026-05-15T06:34:12.143940
"Dr. Laura Londra, MD",,Reproductive Endocrinology,,,,,,Unknown,,,healthgrades,2026-05-15T06:34:12.134644
"Dr. Sahadat Nurudeen, MD",,Reproductive Endocrinology,,,,,,Unknown,,,healthgrades,2026-05-15T06:32:57.409482
"Dr. Emily Seidler, MD",,Reproductive Endocrinology,,,,,,Unknown,,,healthgrades,2026-05-15T06:32:57.400276
"Dr. Natalie Stentz, MD",,Reproductive Endocrinology,,,,,,Unknown,,,healthgrades,2026-05-15T06:32:57.390304
"Dr. Samuel Tarantino, MD",,Reproductive Endocrinology,,,,,,Unknown,,,healthgrades,2026-05-15T06:32:57.381852
"Dr. Walid Saleh, MD",,Reproductive Endocrinology,,,,,,Unknown,,,healthgrades,2026-05-15T06:32:57.372462
"Dr. Joshua Hurwitz, MD",,Reproductive Endocrinology,,,,,,Unknown,,,healthgrades,2026-05-15T06:32:57.364104
"Dr. Kathleen Doody, MD",,Reproductive Endocrinology,,,,,,Unknown,,,healthgrades,2026-05-15T06:32:57.355812
"Dr. Craig Witz, MD",,Reproductive Endocrinology,,,,,,Unknown,,,healthgrades,2026-05-15T06:32:57.347148
"Dr. Anna Nackley, MD",,Reproductive Endocrinology,,,,,,Unknown,,,healthgrades,2026-05-15T06:32:57.333485
"Dr. Rachel Gerber, MD",,Reproductive Endocrinology,,,,,,Unknown,,,healthgrades,2026-05-15T06:32:57.324288
"Dr. Marcus Jurema, MD",,Reproductive Endocrinology,,,,,,Unknown,,,healthgrades,2026-05-15T06:32:57.316334
"Dr. Betsy McCormick, MD",,Reproductive Endocrinology,,,,,,Unknown,,,healthgrades,2026-05-15T06:32:57.308523
"Dr. Jason Griffith, MD",,Reproductive Endocrinology,,,,,,Unknown,,,healthgrades,2026-05-15T06:32:57.300302
"Dr. Matthew McIntyre, MD",,Reproductive Endocrinology,,,,,,Unknown,,,healthgrades,2026-05-15T06:32:57.292037
"Dr. Timothy Yeko, MD",,Reproductive Endocrinology,,,,,,Unknown,,,healthgrades,2026-05-15T06:32:57.283915
"Dr. Mark Amols, MD",,Reproductive Endocrinology,,,,,,Unknown,,,healthgrades,2026-05-15T06:32:57.275989
"Dr. Christine Mansfield, MD",,Reproductive Endocrinology,,,,,,Unknown,,,healthgrades,2026-05-15T06:32:57.266579
"Dr. Clarissa Mashchak, MD",,Reproductive Endocrinology,,,,,,Unknown,,,healthgrades,2026-05-15T06:32:57.257620
"Dr. Michael Glassner, MD",,Reproductive Endocrinology,,,,,,Unknown,,,healthgrades,2026-05-15T06:32:57.249151
"Dr. Laura Londra, MD",,Reproductive Endocrinology,,,,,,Unknown,,,healthgrades,2026-05-15T06:32:57.239820
"Dr. Sahadat Nurudeen, MD",,Reproductive Endocrinology,,,,,,Unknown,,,healthgrades,2026-05-15T06:32:48.449491
"Dr. Emily Seidler, MD",,Reproductive Endocrinology,,,,,,Unknown,,,healthgrades,2026-05-15T06:32:48.441624
"Dr. Natalie Stentz, MD",,Reproductive Endocrinology,,,,,,Unknown,,,healthgrades,2026-05-15T06:32:48.432169
"Dr. Samuel Tarantino, MD",,Reproductive Endocrinology,,,,,,Unknown,,,healthgrades,2026-05-15T06:32:48.423944
"Dr. Walid Saleh, MD",,Reproductive Endocrinology,,,,,,Unknown,,,healthgrades,2026-05-15T06:32:48.415759
"Dr. Joshua Hurwitz, MD",,Reproductive Endocrinology,,,,,,Unknown,,,healthgrades,2026-05-15T06:32:48.406243
"Dr. Kathleen Doody, MD",,Reproductive Endocrinology,,,,,,Unknown,,,healthgrades,2026-05-15T06:32:48.396711
"Dr. Craig Witz, MD",,Reproductive Endocrinology,,,,,,Unknown,,,healthgrades,2026-05-15T06:32:48.389149
"Dr. Anna Nackley, MD",,Reproductive Endocrinology,,,,,,Unknown,,,healthgrades,2026-05-15T06:32:48.381699
"Dr. Rachel Gerber, MD",,Reproductive Endocrinology,,,,,,Unknown,,,healthgrades,2026-05-15T06:32:48.373561
"Dr. Marcus Jurema, MD",,Reproductive Endocrinology,,,,,,Unknown,,,healthgrades,2026-05-15T06:32:48.364943
"Dr. Betsy McCormick, MD",,Reproductive Endocrinology,,,,,,Unknown,,,healthgrades,2026-05-15T06:32:48.357133
"Dr. Jason Griffith, MD",,Reproductive Endocrinology,,,,,,Unknown,,,healthgrades,2026-05-15T06:32:48.349495
"Dr. Matthew McIntyre, MD",,Reproductive Endocrinology,,,,,,Unknown,,,healthgrades,2026-05-15T06:32:48.341737
"Dr. Timothy Yeko, MD",,Reproductive Endocrinology,,,,,,Unknown,,,healthgrades,2026-05-15T06:32:48.333862
"Dr. Mark Amols, MD",,Reproductive Endocrinology,,,,,,Unknown,,,healthgrades,2026-05-15T06:32:48.326158
"Dr. Christine Mansfield, MD",,Reproductive Endocrinology,,,,,,Unknown,,,healthgrades,2026-05-15T06:32:48.317710
"Dr. Clarissa Mashchak, MD",,Reproductive Endocrinology,,,,,,Unknown,,,healthgrades,2026-05-15T06:32:48.310027
"Dr. Michael Glassner, MD",,Reproductive Endocrinology,,,,,,Unknown,,,healthgrades,2026-05-15T06:32:48.301986
"Dr. Laura Londra, MD",,Reproductive Endocrinology,,,,,,Unknown,,,healthgrades,2026-05-15T06:32:48.293938
"Dr. Sahadat Nurudeen, MD",,Reproductive Endocrinology,,,,,,Unknown,,,healthgrades,2026-05-15T06:32:39.501951
"Dr. Emily Seidler, MD",,Reproductive Endocrinology,,,,,,Unknown,,,healthgrades,2026-05-15T06:32:39.492788
"Dr. Natalie Stentz, MD",,Reproductive Endocrinology,,,,,,Unknown,,,healthgrades,2026-05-15T06:32:39.483734
"Dr. Samuel Tarantino, MD",,Reproductive Endocrinology,,,,,,Unknown,,,healthgrades,2026-05-15T06:32:39.475835
"Dr. Walid Saleh, MD",,Reproductive Endocrinology,,,,,,Unknown,,,healthgrades,2026-05-15T06:32:39.467820
"Dr. Joshua Hurwitz, MD",,Reproductive Endocrinology,,,,,,Unknown,,,healthgrades,2026-05-15T06:32:39.459875
"Dr. Kathleen Doody, MD",,Reproductive Endocrinology,,,,,,Unknown,,,healthgrades,2026-05-15T06:32:39.452104
"Dr. Craig Witz, MD",,Reproductive Endocrinology,,,,,,Unknown,,,healthgrades,2026-05-15T06:32:39.443562
"Dr. Anna Nackley, MD",,Reproductive Endocrinology,,,,,,Unknown,,,healthgrades,2026-05-15T06:32:39.435349
"Dr. Rachel Gerber, MD",,Reproductive Endocrinology,,,,,,Unknown,,,healthgrades,2026-05-15T06:32:39.427428
"Dr. Marcus Jurema, MD",,Reproductive Endocrinology,,,,,,Unknown,,,healthgrades,2026-05-15T06:32:39.419154
"Dr. Betsy McCormick, MD",,Reproductive Endocrinology,,,,,,Unknown,,,healthgrades,2026-05-15T06:32:39.411632
"Dr. Jason Griffith, MD",,Reproductive Endocrinology,,,,,,Unknown,,,healthgrades,2026-05-15T06:32:39.403840
"Dr. Matthew McIntyre, MD",,Reproductive Endocrinology,,,,,,Unknown,,,healthgrades,2026-05-15T06:32:39.395970
"Dr. Timothy Yeko, MD",,Reproductive Endocrinology,,,,,,Unknown,,,healthgrades,2026-05-15T06:32:39.386336
"Dr. Mark Amols, MD",,Reproductive Endocrinology,,,,,,Unknown,,,healthgrades,2026-05-15T06:32:39.378351
"Dr. Christine Mansfield, MD",,Reproductive Endocrinology,,,,,,Unknown,,,healthgrades,2026-05-15T06:32:39.369849
"Dr. Clarissa Mashchak, MD",,Reproductive Endocrinology,,,,,,Unknown,,,healthgrades,2026-05-15T06:32:39.362199
"Dr. Michael Glassner, MD",,Reproductive Endocrinology,,,,,,Unknown,,,healthgrades,2026-05-15T06:32:39.353763
"Dr. Laura Londra, MD",,Reproductive Endocrinology,,,,,,Unknown,,,healthgrades,2026-05-15T06:32:39.343669
"Dr. Sahadat Nurudeen, MD",,Reproductive Endocrinology,,,,,,Unknown,,,healthgrades,2026-05-15T06:32:30.827166
"Dr. Emily Seidler, MD",,Reproductive Endocrinology,,,,,,Unknown,,,healthgrades,2026-05-15T06:32:30.816642
"Dr. Natalie Stentz, MD",,Reproductive Endocrinology,,,,,,Unknown,,,healthgrades,2026-05-15T06:32:30.806880
"Dr. Samuel Tarantino, MD",,Reproductive Endocrinology,,,,,,Unknown,,,healthgrades,2026-05-15T06:32:30.798703
"Dr. Walid Saleh, MD",,Reproductive Endocrinology,,,,,,Unknown,,,healthgrades,2026-05-15T06:32:30.789776
"Dr. Joshua Hurwitz, MD",,Reproductive Endocrinology,,,,,,Unknown,,,healthgrades,2026-05-15T06:32:30.779367
"Dr. Kathleen Doody, MD",,Reproductive Endocrinology,,,,,,Unknown,,,healthgrades,2026-05-15T06:32:30.770488
"Dr. Craig Witz, MD",,Reproductive Endocrinology,,,,,,Unknown,,,healthgrades,2026-05-15T06:32:30.761108
"Dr. Anna Nackley, MD",,Reproductive Endocrinology,,,,,,Unknown,,,healthgrades,2026-05-15T06:32:30.753127
"Dr. Rachel Gerber, MD",,Reproductive Endocrinology,,,,,,Unknown,,,healthgrades,2026-05-15T06:32:30.744485
"Dr. Marcus Jurema, MD",,Reproductive Endocrinology,,,,,,Unknown,,,healthgrades,2026-05-15T06:32:30.736079
"Dr. Betsy McCormick, MD",,Reproductive Endocrinology,,,,,,Unknown,,,healthgrades,2026-05-15T06:32:30.727306
"Dr. Jason Griffith, MD",,Reproductive Endocrinology,,,,,,Unknown,,,healthgrades,2026-05-15T06:32:30.719268
"Dr. Matthew McIntyre, MD",,Reproductive Endocrinology,,,,,,Unknown,,,healthgrades,2026-05-15T06:32:30.711155
"Dr. Timothy Yeko, MD",,Reproductive Endocrinology,,,,,,Unknown,,,healthgrades,2026-05-15T06:32:30.702206
"Dr. Mark Amols, MD",,Reproductive Endocrinology,,,,,,Unknown,,,healthgrades,2026-05-15T06:32:30.692765
"Dr. Christine Mansfield, MD",,Reproductive Endocrinology,,,,,,Unknown,,,healthgrades,2026-05-15T06:32:30.678442
"Dr. Clarissa Mashchak, MD",,Reproductive Endocrinology,,,,,,Unknown,,,healthgrades,2026-05-15T06:32:30.656292
"Dr. Michael Glassner, MD",,Reproductive Endocrinology,,,,,,Unknown,,,healthgrades,2026-05-15T06:32:30.642392
"Dr. Laura Londra, MD",,Reproductive Endocrinology,,,,,,Unknown,,,healthgrades,2026-05-15T06:32:30.624870
"Dr. Sahadat Nurudeen, MD",,Reproductive Endocrinology,,,,,,Unknown,,,healthgrades,2026-05-15T06:32:21.848230
"Dr. Emily Seidler, MD",,Reproductive Endocrinology,,,,,,Unknown,,,healthgrades,2026-05-15T06:32:21.839491
"Dr. Natalie Stentz, MD",,Reproductive Endocrinology,,,,,,Unknown,,,healthgrades,2026-05-15T06:32:21.829666
"Dr. Samuel Tarantino, MD",,Reproductive Endocrinology,,,,,,Unknown,,,healthgrades,2026-05-15T06:32:21.821174
"Dr. Walid Saleh, MD",,Reproductive Endocrinology,,,,,,Unknown,,,healthgrades,2026-05-15T06:32:21.813327
"Dr. Joshua Hurwitz, MD",,Reproductive Endocrinology,,,,,,Unknown,,,healthgrades,2026-05-15T06:32:21.805173
"Dr. Kathleen Doody, MD",,Reproductive Endocrinology,,,,,,Unknown,,,healthgrades,2026-05-15T06:32:21.797291
"Dr. Craig Witz, MD",,Reproductive Endocrinology,,,,,,Unknown,,,healthgrades,2026-05-15T06:32:21.785857
"Dr. Anna Nackley, MD",,Reproductive Endocrinology,,,,,,Unknown,,,healthgrades,2026-05-15T06:32:21.777574
"Dr. Rachel Gerber, MD",,Reproductive Endocrinology,,,,,,Unknown,,,healthgrades,2026-05-15T06:32:21.769521
"Dr. Marcus Jurema, MD",,Reproductive Endocrinology,,,,,,Unknown,,,healthgrades,2026-05-15T06:32:21.733928
"Dr. Betsy McCormick, MD",,Reproductive Endocrinology,,,,,,Unknown,,,healthgrades,2026-05-15T06:32:21.726044
"Dr. Jason Griffith, MD",,Reproductive Endocrinology,,,,,,Unknown,,,healthgrades,2026-05-15T06:32:21.714975
"Dr. Matthew McIntyre, MD",,Reproductive Endocrinology,,,,,,Unknown,,,healthgrades,2026-05-15T06:32:21.700329
"Dr. Timothy Yeko, MD",,Reproductive Endocrinology,,,,,,Unknown,,,healthgrades,2026-05-15T06:32:21.687968
"Dr. Mark Amols, MD",,Reproductive Endocrinology,,,,,,Unknown,,,healthgrades,2026-05-15T06:32:21.680226
"Dr. Christine Mansfield, MD",,Reproductive Endocrinology,,,,,,Unknown,,,healthgrades,2026-05-15T06:32:21.671677
"Dr. Clarissa Mashchak, MD",,Reproductive Endocrinology,,,,,,Unknown,,,healthgrades,2026-05-15T06:32:21.664135
"Dr. Michael Glassner, MD",,Reproductive Endocrinology,,,,,,Unknown,,,healthgrades,2026-05-15T06:32:21.655793
"Dr. Laura Londra, MD",,Reproductive Endocrinology,,,,,,Unknown,,,healthgrades,2026-05-15T06:32:21.647030
"Dr. Sahadat Nurudeen, MD",,Reproductive Endocrinology,,,,,,Unknown,,,healthgrades,2026-05-15T06:32:12.858212
"Dr. Emily Seidler, MD",,Reproductive Endocrinology,,,,,,Unknown,,,healthgrades,2026-05-15T06:32:12.849857
"Dr. Natalie Stentz, MD",,Reproductive Endocrinology,,,,,,Unknown,,,healthgrades,2026-05-15T06:32:12.809984
"Dr. Samuel Tarantino, MD",,Reproductive Endocrinology,,,,,,Unknown,,,healthgrades,2026-05-15T06:32:12.802030
"Dr. Walid Saleh, MD",,Reproductive Endocrinology,,,,,,Unknown,,,healthgrades,2026-05-15T06:32:12.793694
"Dr. Joshua Hurwitz, MD",,Reproductive Endocrinology,,,,,,Unknown,,,healthgrades,2026-05-15T06:32:12.785898
"Dr. Kathleen Doody, MD",,Reproductive Endocrinology,,,,,,Unknown,,,healthgrades,2026-05-15T06:32:12.778231
"Dr. Craig Witz, MD",,Reproductive Endocrinology,,,,,,Unknown,,,healthgrades,2026-05-15T06:32:12.769742
"Dr. Anna Nackley, MD",,Reproductive Endocrinology,,,,,,Unknown,,,healthgrades,2026-05-15T06:32:12.761682
"Dr. Rachel Gerber, MD",,Reproductive Endocrinology,,,,,,Unknown,,,healthgrades,2026-05-15T06:32:12.753729
"Dr. Marcus Jurema, MD",,Reproductive Endocrinology,,,,,,Unknown,,,healthgrades,2026-05-15T06:32:12.745255
"Dr. Betsy McCormick, MD",,Reproductive Endocrinology,,,,,,Unknown,,,healthgrades,2026-05-15T06:32:12.735913
"Dr. Jason Griffith, MD",,Reproductive Endocrinology,,,,,,Unknown,,,healthgrades,2026-05-15T06:32:12.725503
"Dr. Matthew McIntyre, MD",,Reproductive Endocrinology,,,,,,Unknown,,,healthgrades,2026-05-15T06:32:12.713782
"Dr. Timothy Yeko, MD",,Reproductive Endocrinology,,,,,,Unknown,,,healthgrades,2026-05-15T06:32:12.705881
"Dr. Mark Amols, MD",,Reproductive Endocrinology,,,,,,Unknown,,,healthgrades,2026-05-15T06:32:12.698014
"Dr. Christine Mansfield, MD",,Reproductive Endocrinology,,,,,,Unknown,,,healthgrades,2026-05-15T06:32:12.690080
"Dr. Clarissa Mashchak, MD",,Reproductive Endocrinology,,,,,,Unknown,,,healthgrades,2026-05-15T06:32:12.681982
"Dr. Michael Glassner, MD",,Reproductive Endocrinology,,,,,,Unknown,,,healthgrades,2026-05-15T06:32:12.673490
"Dr. Laura Londra, MD",,Reproductive Endocrinology,,,,,,Unknown,,,healthgrades,2026-05-15T06:32:12.663906
"Dr. Sahadat Nurudeen, MD",,Reproductive Endocrinology,,,,,,Unknown,,,healthgrades,2026-05-15T06:32:03.806810
"Dr. Emily Seidler, MD",,Reproductive Endocrinology,,,,,,Unknown,,,healthgrades,2026-05-15T06:32:03.797663
"Dr. Natalie Stentz, MD",,Reproductive Endocrinology,,,,,,Unknown,,,healthgrades,2026-05-15T06:32:03.787285
"Dr. Samuel Tarantino, MD",,Reproductive Endocrinology,,,,,,Unknown,,,healthgrades,2026-05-15T06:32:03.777571
"Dr. Walid Saleh, MD",,Reproductive Endocrinology,,,,,,Unknown,,,healthgrades,2026-05-15T06:32:03.768591
"Dr. Joshua Hurwitz, MD",,Reproductive Endocrinology,,,,,,Unknown,,,healthgrades,2026-05-15T06:32:03.759977
"Dr. Kathleen Doody, MD",,Reproductive Endocrinology,,,,,,Unknown,,,healthgrades,2026-05-15T06:32:03.751151
"Dr. Craig Witz, MD",,Reproductive Endocrinology,,,,,,Unknown,,,healthgrades,2026-05-15T06:32:03.742394
"Dr. Anna Nackley, MD",,Reproductive Endocrinology,,,,,,Unknown,,,healthgrades,2026-05-15T06:32:03.733003
"Dr. Rachel Gerber, MD",,Reproductive Endocrinology,,,,,,Unknown,,,healthgrades,2026-05-15T06:32:03.724444
"Dr. Marcus Jurema, MD",,Reproductive Endocrinology,,,,,,Unknown,,,healthgrades,2026-05-15T06:32:03.715332
"Dr. Betsy McCormick, MD",,Reproductive Endocrinology,,,,,,Unknown,,,healthgrades,2026-05-15T06:32:03.705786
"Dr. Jason Griffith, MD",,Reproductive Endocrinology,,,,,,Unknown,,,healthgrades,2026-05-15T06:32:03.693401
"Dr. Matthew McIntyre, MD",,Reproductive Endocrinology,,,,,,Unknown,,,healthgrades,2026-05-15T06:32:03.672552
"Dr. Timothy Yeko, MD",,Reproductive Endocrinology,,,,,,Unknown,,,healthgrades,2026-05-15T06:32:03.655700
"Dr. Mark Amols, MD",,Reproductive Endocrinology,,,,,,Unknown,,,healthgrades,2026-05-15T06:32:03.645520
"Dr. Christine Mansfield, MD",,Reproductive Endocrinology,,,,,,Unknown,,,healthgrades,2026-05-15T06:32:03.634764
"Dr. Clarissa Mashchak, MD",,Reproductive Endocrinology,,,,,,Unknown,,,healthgrades,2026-05-15T06:32:03.624663
"Dr. Michael Glassner, MD",,Reproductive Endocrinology,,,,,,Unknown,,,healthgrades,2026-05-15T06:32:03.615647
"Dr. Laura Londra, MD",,Reproductive Endocrinology,,,,,,Unknown,,,healthgrades,2026-05-15T06:32:03.606257
"Dr. Sahadat Nurudeen, MD",,Reproductive Endocrinology,,,,,,Unknown,,,healthgrades,2026-05-15T06:31:54.896894
"Dr. Emily Seidler, MD",,Reproductive Endocrinology,,,,,,Unknown,,,healthgrades,2026-05-15T06:31:54.889198
"Dr. Natalie Stentz, MD",,Reproductive Endocrinology,,,,,,Unknown,,,healthgrades,2026-05-15T06:31:54.880464
"Dr. Samuel Tarantino, MD",,Reproductive Endocrinology,,,,,,Unknown,,,healthgrades,2026-05-15T06:31:54.872249
"Dr. Walid Saleh, MD",,Reproductive Endocrinology,,,,,,Unknown,,,healthgrades,2026-05-15T06:31:54.864426
"Dr. Joshua Hurwitz, MD",,Reproductive Endocrinology,,,,,,Unknown,,,healthgrades,2026-05-15T06:31:54.854440
"Dr. Kathleen Doody, MD",,Reproductive Endocrinology,,,,,,Unknown,,,healthgrades,2026-05-15T06:31:54.846849
"Dr. Craig Witz, MD",,Reproductive Endocrinology,,,,,,Unknown,,,healthgrades,2026-05-15T06:31:54.838360
"Dr. Anna Nackley, MD",,Reproductive Endocrinology,,,,,,Unknown,,,healthgrades,2026-05-15T06:31:54.829754
"Dr. Rachel Gerber, MD",,Reproductive Endocrinology,,,,,,Unknown,,,healthgrades,2026-05-15T06:31:54.820943
"Dr. Marcus Jurema, MD",,Reproductive Endocrinology,,,,,,Unknown,,,healthgrades,2026-05-15T06:31:54.812300
"Dr. Betsy McCormick, MD",,Reproductive Endocrinology,,,,,,Unknown,,,healthgrades,2026-05-15T06:31:54.803312
"Dr. Jason Griffith, MD",,Reproductive Endocrinology,,,,,,Unknown,,,healthgrades,2026-05-15T06:31:54.792973
"Dr. Matthew McIntyre, MD",,Reproductive Endocrinology,,,,,,Unknown,,,healthgrades,2026-05-15T06:31:54.784830
"Dr. Timothy Yeko, MD",,Reproductive Endocrinology,,,,,,Unknown,,,healthgrades,2026-05-15T06:31:54.769561
"Dr. Mark Amols, MD",,Reproductive Endocrinology,,,,,,Unknown,,,healthgrades,2026-05-15T06:31:54.752708
"Dr. Christine Mansfield, MD",,Reproductive Endocrinology,,,,,,Unknown,,,healthgrades,2026-05-15T06:31:54.744346
"Dr. Clarissa Mashchak, MD",,Reproductive Endocrinology,,,,,,Unknown,,,healthgrades,2026-05-15T06:31:54.735451
"Dr. Michael Glassner, MD",,Reproductive Endocrinology,,,,,,Unknown,,,healthgrades,2026-05-15T06:31:54.724570
"Dr. Laura Londra, MD",,Reproductive Endocrinology,,,,,,Unknown,,,healthgrades,2026-05-15T06:31:54.713487
"Dr. Sahadat Nurudeen, MD",,Reproductive Endocrinology,,,,,,Unknown,,,healthgrades,2026-05-15T06:31:45.533380
"Dr. Emily Seidler, MD",,Reproductive Endocrinology,,,,,,Unknown,,,healthgrades,2026-05-15T06:31:45.522915
"Dr. Natalie Stentz, MD",,Reproductive Endocrinology,,,,,,Unknown,,,healthgrades,2026-05-15T06:31:45.512816
"Dr. Samuel Tarantino, MD",,Reproductive Endocrinology,,,,,,Unknown,,,healthgrades,2026-05-15T06:31:45.502803
"Dr. Walid Saleh, MD",,Reproductive Endocrinology,,,,,,Unknown,,,healthgrades,2026-05-15T06:31:45.491612
"Dr. Joshua Hurwitz, MD",,Reproductive Endocrinology,,,,,,Unknown,,,healthgrades,2026-05-15T06:31:45.481886
"Dr. Kathleen Doody, MD",,Reproductive Endocrinology,,,,,,Unknown,,,healthgrades,2026-05-15T06:31:45.471470
"Dr. Craig Witz, MD",,Reproductive Endocrinology,,,,,,Unknown,,,healthgrades,2026-05-15T06:31:45.461422
"Dr. Anna Nackley, MD",,Reproductive Endocrinology,,,,,,Unknown,,,healthgrades,2026-05-15T06:31:45.452746
"Dr. Rachel Gerber, MD",,Reproductive Endocrinology,,,,,,Unknown,,,healthgrades,2026-05-15T06:31:45.441755
"Dr. Marcus Jurema, MD",,Reproductive Endocrinology,,,,,,Unknown,,,healthgrades,2026-05-15T06:31:45.432642
"Dr. Betsy McCormick, MD",,Reproductive Endocrinology,,,,,,Unknown,,,healthgrades,2026-05-15T06:31:45.423796
"Dr. Jason Griffith, MD",,Reproductive Endocrinology,,,,,,Unknown,,,healthgrades,2026-05-15T06:31:45.414257
"Dr. Matthew McIntyre, MD",,Reproductive Endocrinology,,,,,,Unknown,,,healthgrades,2026-05-15T06:31:45.405001
"Dr. Timothy Yeko, MD",,Reproductive Endocrinology,,,,,,Unknown,,,healthgrades,2026-05-15T06:31:45.393842
"Dr. Mark Amols, MD",,Reproductive Endocrinology,,,,,,Unknown,,,healthgrades,2026-05-15T06:31:45.380150
"Dr. Christine Mansfield, MD",,Reproductive Endocrinology,,,,,,Unknown,,,healthgrades,2026-05-15T06:31:45.335312
"Dr. Clarissa Mashchak, MD",,Reproductive Endocrinology,,,,,,Unknown,,,healthgrades,2026-05-15T06:31:45.088009
"Dr. Michael Glassner, MD",,Reproductive Endocrinology,,,,,,Unknown,,,healthgrades,2026-05-15T06:31:45.035078
"Dr. Laura Londra, MD",,Reproductive Endocrinology,,,,,,Unknown,,,healthgrades,2026-05-15T06:31:44.868248
"Dr. Sahadat Nurudeen, MD",,Reproductive Endocrinology,,,,,,Unknown,,,healthgrades,2026-05-15T06:31:35.177113
"Dr. Emily Seidler, MD",,Reproductive Endocrinology,,,,,,Unknown,,,healthgrades,2026-05-15T06:31:35.166853
"Dr. Natalie Stentz, MD",,Reproductive Endocrinology,,,,,,Unknown,,,healthgrades,2026-05-15T06:31:35.157468
"Dr. Samuel Tarantino, MD",,Reproductive Endocrinology,,,,,,Unknown,,,healthgrades,2026-05-15T06:31:35.148050
"Dr. Walid Saleh, MD",,Reproductive Endocrinology,,,,,,Unknown,,,healthgrades,2026-05-15T06:31:35.137473
"Dr. Joshua Hurwitz, MD",,Reproductive Endocrinology,,,,,,Unknown,,,healthgrades,2026-05-15T06:31:35.129477
"Dr. Kathleen Doody, MD",,Reproductive Endocrinology,,,,,,Unknown,,,healthgrades,2026-05-15T06:31:35.121344
"Dr. Craig Witz, MD",,Reproductive Endocrinology,,,,,,Unknown,,,healthgrades,2026-05-15T06:31:35.112576
"Dr. Anna Nackley, MD",,Reproductive Endocrinology,,,,,,Unknown,,,healthgrades,2026-05-15T06:31:35.104131
"Dr. Rachel Gerber, MD",,Reproductive Endocrinology,,,,,,Unknown,,,healthgrades,2026-05-15T06:31:35.095770
"Dr. Marcus Jurema, MD",,Reproductive Endocrinology,,,,,,Unknown,,,healthgrades,2026-05-15T06:31:35.085098
"Dr. Betsy McCormick, MD",,Reproductive Endocrinology,,,,,,Unknown,,,healthgrades,2026-05-15T06:31:35.074555
"Dr. Jason Griffith, MD",,Reproductive Endocrinology,,,,,,Unknown,,,healthgrades,2026-05-15T06:31:35.064539
"Dr. Matthew McIntyre, MD",,Reproductive Endocrinology,,,,,,Unknown,,,healthgrades,2026-05-15T06:31:35.054940
"Dr. Timothy Yeko, MD",,Reproductive Endocrinology,,,,,,Unknown,,,healthgrades,2026-05-15T06:31:35.044362
"Dr. Mark Amols, MD",,Reproductive Endocrinology,,,,,,Unknown,,,healthgrades,2026-05-15T06:31:35.033472
"Dr. Christine Mansfield, MD",,Reproductive Endocrinology,,,,,,Unknown,,,healthgrades,2026-05-15T06:31:35.022244
"Dr. Clarissa Mashchak, MD",,Reproductive Endocrinology,,,,,,Unknown,,,healthgrades,2026-05-15T06:31:35.012672
"Dr. Michael Glassner, MD",,Reproductive Endocrinology,,,,,,Unknown,,,healthgrades,2026-05-15T06:31:35.000610
"Dr. Laura Londra, MD",,Reproductive Endocrinology,,,,,,Unknown,,,healthgrades,2026-05-15T06:31:34.988356
"Dr. Sahadat Nurudeen, MD",,Reproductive Endocrinology,,,,,,Unknown,,,healthgrades,2026-05-15T06:15:30.686992
"Dr. Emily Seidler, MD",,Reproductive Endocrinology,,,,,,Unknown,,,healthgrades,2026-05-15T06:15:30.679367
"Dr. Natalie Stentz, MD",,Reproductive Endocrinology,,,,,,Unknown,,,healthgrades,2026-05-15T06:15:30.671761
"Dr. Samuel Tarantino, MD",,Reproductive Endocrinology,,,,,,Unknown,,,healthgrades,2026-05-15T06:15:30.664123
"Dr. Walid Saleh, MD",,Reproductive Endocrinology,,,,,,Unknown,,,healthgrades,2026-05-15T06:15:30.655493
"Dr. Joshua Hurwitz, MD",,Reproductive Endocrinology,,,,,,Unknown,,,healthgrades,2026-05-15T06:15:30.648238
"Dr. Kathleen Doody, MD",,Reproductive Endocrinology,,,,,,Unknown,,,healthgrades,2026-05-15T06:15:30.638935
"Dr. Craig Witz, MD",,Reproductive Endocrinology,,,,,,Unknown,,,healthgrades,2026-05-15T06:15:30.631456
"Dr. Anna Nackley, MD",,Reproductive Endocrinology,,,,,,Unknown,,,healthgrades,2026-05-15T06:15:30.622360
"Dr. Rachel Gerber, MD",,Reproductive Endocrinology,,,,,,Unknown,,,healthgrades,2026-05-15T06:15:30.613859
"Dr. Marcus Jurema, MD",,Reproductive Endocrinology,,,,,,Unknown,,,healthgrades,2026-05-15T06:15:30.605372
"Dr. Betsy McCormick, MD",,Reproductive Endocrinology,,,,,,Unknown,,,healthgrades,2026-05-15T06:15:30.595041
"Dr. Jason Griffith, MD",,Reproductive Endocrinology,,,,,,Unknown,,,healthgrades,2026-05-15T06:15:30.586592
"Dr. Matthew McIntyre, MD",,Reproductive Endocrinology,,,,,,Unknown,,,healthgrades,2026-05-15T06:15:30.578655
"Dr. Timothy Yeko, MD",,Reproductive Endocrinology,,,,,,Unknown,,,healthgrades,2026-05-15T06:15:30.570953
"Dr. Mark Amols, MD",,Reproductive Endocrinology,,,,,,Unknown,,,healthgrades,2026-05-15T06:15:30.562219
"Dr. Christine Mansfield, MD",,Reproductive Endocrinology,,,,,,Unknown,,,healthgrades,2026-05-15T06:15:30.553912
"Dr. Clarissa Mashchak, MD",,Reproductive Endocrinology,,,,,,Unknown,,,healthgrades,2026-05-15T06:15:30.545631
"Dr. Michael Glassner, MD",,Reproductive Endocrinology,,,,,,Unknown,,,healthgrades,2026-05-15T06:15:30.536506
"Dr. Laura Londra, MD",,Reproductive Endocrinology,,,,,,Unknown,,,healthgrades,2026-05-15T06:15:30.526891
"Dr. Yaron Elad, MD",,,,,,,,Unknown,,,healthgrades,2026-05-15T06:05:55.156447
"Dr. Eric Buch, MD",,,,,,,,Unknown,,,healthgrades,2026-05-15T06:05:55.150773
"Dr. Anna Milstein, MD",,,,,,,,Unknown,,,healthgrades,2026-05-15T06:05:55.144658
"Dr. Norman Lepor, MD",,,,,,,,Unknown,,,healthgrades,2026-05-15T06:05:55.138207
"Dr. Ronald Karlsberg, MD",,,,,,,,Unknown,,,healthgrades,2026-05-15T06:05:55.131611
"Dr. Michael Broukhim, MD",,,,,,,,Unknown,,,healthgrades,2026-05-15T06:05:55.125586
"Dr. Payam Yashar, MD",,,,,,,,Unknown,,,healthgrades,2026-05-15T06:05:55.119771
"Dr. Kamran Shamsa, MD",,,,,,,,Unknown,,,healthgrades,2026-05-15T06:05:55.113824
"Dr. Arnold Baas, MD",,,,,,,,Unknown,,,healthgrades,2026-05-15T06:05:55.107670
"Dr. Mark Urman, MD",,,,,,,,Unknown,,,healthgrades,2026-05-15T06:05:55.100910
"Dr. Harry Glassman, MD",,,,,,,,Unknown,,,healthgrades,2026-05-15T06:05:04.405554
"Dr. Khawar Siddique, MD",,,,,,,,Unknown,,,healthgrades,2026-05-15T06:05:04.399633
"Dr. Samia Boctor, MD",,,,,,,,Unknown,,,healthgrades,2026-05-15T06:05:04.381821
"Dr. Taylor Docter, MD",,,,,,,,Unknown,,,healthgrades,2026-05-15T06:05:04.376317
"Dr. Noelle Boctor, MD",,,,,,,,Unknown,,,healthgrades,2026-05-15T06:05:04.364335
"Andrea Doctor, LCSW",,,,,,,,Unknown,,,healthgrades,2026-05-15T06:05:04.358590
